CREATE DATABASE  IF NOT EXISTS `ff_stats` /*!40100 DEFAULT CHARACTER SET latin1 */;
USE `ff_stats`;
-- MySQL dump 10.13  Distrib 5.6.13, for Win32 (x86)
--
-- Host: 127.0.0.1    Database: ff_stats
-- ------------------------------------------------------
-- Server version	5.5.24-log

/*!40101 SET @OLD_CHARACTER_SET_CLIENT=@@CHARACTER_SET_CLIENT */;
/*!40101 SET @OLD_CHARACTER_SET_RESULTS=@@CHARACTER_SET_RESULTS */;
/*!40101 SET @OLD_COLLATION_CONNECTION=@@COLLATION_CONNECTION */;
/*!40101 SET NAMES utf8 */;
/*!40103 SET @OLD_TIME_ZONE=@@TIME_ZONE */;
/*!40103 SET TIME_ZONE='+00:00' */;
/*!40014 SET @OLD_UNIQUE_CHECKS=@@UNIQUE_CHECKS, UNIQUE_CHECKS=0 */;
/*!40014 SET @OLD_FOREIGN_KEY_CHECKS=@@FOREIGN_KEY_CHECKS, FOREIGN_KEY_CHECKS=0 */;
/*!40101 SET @OLD_SQL_MODE=@@SQL_MODE, SQL_MODE='NO_AUTO_VALUE_ON_ZERO' */;
/*!40111 SET @OLD_SQL_NOTES=@@SQL_NOTES, SQL_NOTES=0 */;

--
-- Table structure for table `ff_owners`
--

DROP TABLE IF EXISTS `ff_owners`;
/*!40101 SET @saved_cs_client     = @@character_set_client */;
/*!40101 SET character_set_client = utf8 */;
CREATE TABLE `ff_owners` (
  `id` char(36) NOT NULL DEFAULT '',
  `name` varchar(100) NOT NULL,
  PRIMARY KEY (`id`)
) ENGINE=InnoDB DEFAULT CHARSET=latin1;
/*!40101 SET character_set_client = @saved_cs_client */;

--
-- Dumping data for table `ff_owners`
--

LOCK TABLES `ff_owners` WRITE;
/*!40000 ALTER TABLE `ff_owners` DISABLE KEYS */;
INSERT INTO `ff_owners` VALUES ('804D9D32-3AC0-11E3-894C-C7B68FE97CC8','Matt Larsen'),('80F7E8D2-3AC0-11E3-894C-C7B68FE97CC8','Owner 2'),('80FD007E-3AC0-11E3-894C-C7B68FE97CC8','Owner 3'),('81028738-3AC0-11E3-894C-C7B68FE97CC8','Owner 4'),('81076F96-3AC0-11E3-894C-C7B68FE97CC8','Owner 5'),('810C59E8-3AC0-11E3-894C-C7B68FE97CC8','Owner 6'),('811144DA-3AC0-11E3-894C-C7B68FE97CC8','Owner 7'),('81162DA6-3AC0-11E3-894C-C7B68FE97CC8','Owner 8'),('811B1960-3AC0-11E3-894C-C7B68FE97CC8','Owner 9'),('81200394-3AC0-11E3-894C-C7B68FE97CC8','Owner 10');
/*!40000 ALTER TABLE `ff_owners` ENABLE KEYS */;
UNLOCK TABLES;

--
-- Table structure for table `ff_positions`
--

DROP TABLE IF EXISTS `ff_positions`;
/*!40101 SET @saved_cs_client     = @@character_set_client */;
/*!40101 SET character_set_client = utf8 */;
CREATE TABLE `ff_positions` (
  `id` int(11) NOT NULL AUTO_INCREMENT,
  `abvr` varchar(15) NOT NULL DEFAULT '',
  `name` varchar(100) NOT NULL DEFAULT '',
  `ff_stats_group_id` int(11) NOT NULL,
  PRIMARY KEY (`id`),
  UNIQUE KEY `abvr` (`abvr`),
  UNIQUE KEY `name` (`name`),
  KEY `ff_stats_group_id` (`ff_stats_group_id`),
  CONSTRAINT `ff_positions_ibfk_1` FOREIGN KEY (`ff_stats_group_id`) REFERENCES `ff_stats_groups` (`id`)
) ENGINE=InnoDB AUTO_INCREMENT=64 DEFAULT CHARSET=latin1;
/*!40101 SET character_set_client = @saved_cs_client */;

--
-- Dumping data for table `ff_positions`
--

LOCK TABLES `ff_positions` WRITE;
/*!40000 ALTER TABLE `ff_positions` DISABLE KEYS */;
INSERT INTO `ff_positions` VALUES (58,'QB','Quarter Back',3),(59,'RB','Running Back',3),(60,'WR','Wide Receiver',3),(61,'TE','Tight End',3),(62,'K','Kicker',3),(63,'DST','Defense/ST',4);
/*!40000 ALTER TABLE `ff_positions` ENABLE KEYS */;
UNLOCK TABLES;

--
-- Table structure for table `ff_seasons`
--

DROP TABLE IF EXISTS `ff_seasons`;
/*!40101 SET @saved_cs_client     = @@character_set_client */;
/*!40101 SET character_set_client = utf8 */;
CREATE TABLE `ff_seasons` (
  `id` int(11) NOT NULL,
  `start_date` datetime NOT NULL,
  `end_date` datetime NOT NULL,
  PRIMARY KEY (`id`),
  UNIQUE KEY `id_UNIQUE` (`id`)
) ENGINE=InnoDB DEFAULT CHARSET=latin1;
/*!40101 SET character_set_client = @saved_cs_client */;

--
-- Dumping data for table `ff_seasons`
--

LOCK TABLES `ff_seasons` WRITE;
/*!40000 ALTER TABLE `ff_seasons` DISABLE KEYS */;
INSERT INTO `ff_seasons` VALUES (2013,'2013-09-04 00:00:00','2013-12-16 00:00:00');
/*!40000 ALTER TABLE `ff_seasons` ENABLE KEYS */;
UNLOCK TABLES;

--
-- Table structure for table `ff_stats_groups`
--

DROP TABLE IF EXISTS `ff_stats_groups`;
/*!40101 SET @saved_cs_client     = @@character_set_client */;
/*!40101 SET character_set_client = utf8 */;
CREATE TABLE `ff_stats_groups` (
  `id` int(11) NOT NULL AUTO_INCREMENT,
  `name` varchar(60) NOT NULL DEFAULT '',
  PRIMARY KEY (`id`),
  UNIQUE KEY `name` (`name`)
) ENGINE=InnoDB AUTO_INCREMENT=5 DEFAULT CHARSET=latin1;
/*!40101 SET character_set_client = @saved_cs_client */;

--
-- Dumping data for table `ff_stats_groups`
--

LOCK TABLES `ff_stats_groups` WRITE;
/*!40000 ALTER TABLE `ff_stats_groups` DISABLE KEYS */;
INSERT INTO `ff_stats_groups` VALUES (4,'Defensive'),(3,'Offensive');
/*!40000 ALTER TABLE `ff_stats_groups` ENABLE KEYS */;
UNLOCK TABLES;

--
-- Table structure for table `ff_teams`
--

DROP TABLE IF EXISTS `ff_teams`;
/*!40101 SET @saved_cs_client     = @@character_set_client */;
/*!40101 SET character_set_client = utf8 */;
CREATE TABLE `ff_teams` (
  `id` int(11) NOT NULL,
  `name` varchar(120) NOT NULL,
  `short_name` varchar(60) NOT NULL,
  `abbr` varchar(45) NOT NULL,
  `long_abbr` varchar(60) NOT NULL,
  `logo` varchar(250) DEFAULT NULL COMMENT 'URL for the team logo',
  `ff_owner_id` char(36) NOT NULL,
  PRIMARY KEY (`id`),
  UNIQUE KEY `id_UNIQUE` (`id`),
  KEY `fk_ff_owners_ff_teams` (`ff_owner_id`),
  CONSTRAINT `fk_ff_owners_ff_teams` FOREIGN KEY (`ff_owner_id`) REFERENCES `ff_owners` (`id`)
) ENGINE=InnoDB DEFAULT CHARSET=latin1;
/*!40101 SET character_set_client = @saved_cs_client */;

--
-- Dumping data for table `ff_teams`
--

LOCK TABLES `ff_teams` WRITE;
/*!40000 ALTER TABLE `ff_teams` DISABLE KEYS */;
INSERT INTO `ff_teams` VALUES (1,'Team 1','Team 1','T1','Team1','http://sports.cbsimg.net/images/splash/football/36x36-mgmtgold-t.jpg','804D9D32-3AC0-11E3-894C-C7B68FE97CC8'),(2,'Team 2','Team 2','T2','Team2','http://sports.cbsimg.net/images/splash/football/36x36-mgmtgold-t.jpg','80F7E8D2-3AC0-11E3-894C-C7B68FE97CC8'),(3,'Team 3','Team 3','T3','Team3','http://sports.cbsimg.net/images/splash/football/36x36-mgmtgold-t.jpg','80FD007E-3AC0-11E3-894C-C7B68FE97CC8'),(4,'Team 4','Team 4','T4','Team4','http://sports.cbsimg.net/images/splash/football/36x36-mgmtgold-t.jpg','81028738-3AC0-11E3-894C-C7B68FE97CC8'),(5,'Team 5','Team 5','T5','Team5','http://sports.cbsimg.net/images/splash/football/36x36-mgmtgold-t.jpg','81076F96-3AC0-11E3-894C-C7B68FE97CC8'),(6,'Team 6','Team 6','T6','Team6','http://sports.cbsimg.net/images/splash/football/36x36-mgmtgold-t.jpg','810C59E8-3AC0-11E3-894C-C7B68FE97CC8'),(7,'Team 7','Team 7','T7','Team7','http://sports.cbsimg.net/images/splash/football/36x36-mgmtgold-t.jpg','811144DA-3AC0-11E3-894C-C7B68FE97CC8'),(8,'Team 8','Team 8','T8','Team8','http://sports.cbsimg.net/images/splash/football/36x36-mgmtgold-t.jpg','81162DA6-3AC0-11E3-894C-C7B68FE97CC8'),(9,'Team 9','Team 9','T9','Team9','http://sports.cbsimg.net/images/splash/football/36x36-mgmtgold-t.jpg','811B1960-3AC0-11E3-894C-C7B68FE97CC8'),(10,'Team 10','Team 1','T1','Team10','http://sports.cbsimg.net/images/splash/football/36x36-mgmtgold-t.jpg','81200394-3AC0-11E3-894C-C7B68FE97CC8');
/*!40000 ALTER TABLE `ff_teams` ENABLE KEYS */;
UNLOCK TABLES;

--
-- Table structure for table `ff_teams_nfl_players`
--

DROP TABLE IF EXISTS `ff_teams_nfl_players`;
/*!40101 SET @saved_cs_client     = @@character_set_client */;
/*!40101 SET character_set_client = utf8 */;
CREATE TABLE `ff_teams_nfl_players` (
  `ff_team_id` int(11) NOT NULL,
  `nfl_player_id` int(11) NOT NULL,
  `modified` datetime NOT NULL,
  PRIMARY KEY (`ff_team_id`,`nfl_player_id`),
  KEY `fk_nfl_player_id_roster_idx` (`nfl_player_id`),
  CONSTRAINT `fk_ff_team_id_roster` FOREIGN KEY (`ff_team_id`) REFERENCES `ff_teams` (`id`) ON DELETE NO ACTION ON UPDATE NO ACTION,
  CONSTRAINT `fk_nfl_player_id_roster` FOREIGN KEY (`nfl_player_id`) REFERENCES `nfl_players` (`id`) ON DELETE NO ACTION ON UPDATE NO ACTION
) ENGINE=InnoDB DEFAULT CHARSET=latin1;
/*!40101 SET character_set_client = @saved_cs_client */;

--
-- Dumping data for table `ff_teams_nfl_players`
--

LOCK TABLES `ff_teams_nfl_players` WRITE;
/*!40000 ALTER TABLE `ff_teams_nfl_players` DISABLE KEYS */;
INSERT INTO `ff_teams_nfl_players` VALUES (1,1911,'2013-10-30 23:08:51'),(1,396886,'2013-10-30 23:08:51'),(1,409254,'2013-10-30 23:08:51'),(1,411579,'2013-10-30 23:08:51'),(1,431446,'2013-10-30 23:08:51'),(1,518611,'2013-10-30 23:08:51'),(1,565805,'2013-10-30 23:08:51'),(1,583087,'2013-10-30 23:08:51'),(1,1113529,'2013-10-30 23:08:51'),(1,1116922,'2013-10-30 23:08:51'),(1,1243187,'2013-10-30 23:08:51'),(1,1272852,'2013-10-30 23:08:51'),(1,1623794,'2013-10-30 23:08:51'),(1,1737248,'2013-10-30 23:08:51'),(2,1922,'2013-10-30 23:08:51'),(2,187389,'2013-10-30 23:08:51'),(2,396811,'2013-10-30 23:08:51'),(2,407605,'2013-10-30 23:08:51'),(2,419780,'2013-10-30 23:08:51'),(2,492934,'2013-10-30 23:08:51'),(2,493004,'2013-10-30 23:08:51'),(2,493043,'2013-10-30 23:08:51'),(2,523103,'2013-10-30 23:08:51'),(2,559687,'2013-10-30 23:08:51'),(2,564954,'2013-10-30 23:08:51'),(2,1125961,'2013-10-30 23:08:51'),(2,1226369,'2013-10-30 23:08:51'),(2,1700338,'2013-10-30 23:08:51'),(3,1906,'2013-10-30 23:08:51'),(3,235256,'2013-10-30 23:08:51'),(3,493735,'2013-10-30 23:08:51'),(3,504530,'2013-10-30 23:08:51'),(3,1244303,'2013-10-30 23:08:51'),(3,1254119,'2013-10-30 23:08:51'),(3,1274369,'2013-10-30 23:08:51'),(3,1620788,'2013-10-30 23:08:51'),(3,1632083,'2013-10-30 23:08:51'),(3,1673733,'2013-10-30 23:08:51'),(3,1682170,'2013-10-30 23:08:51'),(3,1686045,'2013-10-30 23:08:51'),(3,1707637,'2013-10-30 23:08:51'),(3,1823890,'2013-10-30 23:08:51'),(4,1907,'2013-10-30 23:08:51'),(4,187741,'2013-10-30 23:08:51'),(4,235157,'2013-10-30 23:08:51'),(4,312308,'2013-10-30 23:08:51'),(4,396134,'2013-10-30 23:08:51'),(4,417623,'2013-10-30 23:08:51'),(4,493041,'2013-10-30 23:08:51'),(4,517620,'2013-10-30 23:08:51'),(4,1123691,'2013-10-30 23:08:51'),(4,1242961,'2013-10-30 23:08:51'),(4,1273854,'2013-10-30 23:08:51'),(4,1616291,'2013-10-30 23:08:51'),(4,1673207,'2013-10-30 23:08:51'),(4,1691430,'2013-10-30 23:08:51'),(5,1926,'2013-10-30 23:08:51'),(5,235197,'2013-10-30 23:08:51'),(5,396162,'2013-10-30 23:08:51'),(5,396173,'2013-10-30 23:08:51'),(5,409102,'2013-10-30 23:08:51'),(5,502524,'2013-10-30 23:08:51'),(5,523490,'2013-10-30 23:08:51'),(5,559554,'2013-10-30 23:08:51'),(5,584290,'2013-10-30 23:08:51'),(5,1115016,'2013-10-30 23:08:51'),(5,1117835,'2013-10-30 23:08:51'),(5,1117861,'2013-10-30 23:08:51'),(5,1244982,'2013-10-30 23:08:51'),(5,1273654,'2013-10-30 23:08:51'),(6,1903,'2013-10-30 23:08:51'),(6,411568,'2013-10-30 23:08:51'),(6,420095,'2013-10-30 23:08:51'),(6,421419,'2013-10-30 23:08:51'),(6,493050,'2013-10-30 23:08:51'),(6,561926,'2013-10-30 23:08:51'),(6,584640,'2013-10-30 23:08:51'),(6,1115064,'2013-10-30 23:08:51'),(6,1127382,'2013-10-30 23:08:51'),(6,1250697,'2013-10-30 23:08:51'),(6,1272524,'2013-10-30 23:08:51'),(6,1272538,'2013-10-30 23:08:51'),(6,1684073,'2013-10-30 23:08:51'),(6,1985374,'2013-10-30 23:08:51'),(7,1902,'2013-10-30 23:08:51'),(7,12320,'2013-10-30 23:08:51'),(7,12400,'2013-10-30 23:08:51'),(7,408644,'2013-10-30 23:08:51'),(7,426135,'2013-10-30 23:08:51'),(7,504639,'2013-10-30 23:08:51'),(7,1243206,'2013-10-30 23:08:51'),(7,1272286,'2013-10-30 23:08:51'),(7,1273006,'2013-10-30 23:08:51'),(7,1623793,'2013-10-30 23:08:51'),(7,1631912,'2013-10-30 23:08:51'),(7,1691422,'2013-10-30 23:08:51'),(7,1713803,'2013-10-30 23:08:51'),(7,1751258,'2013-10-30 23:08:51'),(8,1909,'2013-10-30 23:08:51'),(8,12531,'2013-10-30 23:08:51'),(8,235253,'2013-10-30 23:08:51'),(8,409879,'2013-10-30 23:08:51'),(8,502629,'2013-10-30 23:08:51'),(8,541651,'2013-10-30 23:08:51'),(8,559250,'2013-10-30 23:08:51'),(8,584314,'2013-10-30 23:08:51'),(8,1114610,'2013-10-30 23:08:51'),(8,1123282,'2013-10-30 23:08:51'),(8,1272242,'2013-10-30 23:08:51'),(8,1615897,'2013-10-30 23:08:51'),(8,1691169,'2013-10-30 23:08:51'),(8,1971914,'2013-10-30 23:08:51'),(9,1931,'2013-10-30 23:08:51'),(9,492963,'2013-10-30 23:08:51'),(9,517568,'2013-10-30 23:08:51'),(9,552642,'2013-10-30 23:08:51'),(9,1114942,'2013-10-30 23:08:51'),(9,1114965,'2013-10-30 23:08:51'),(9,1123599,'2013-10-30 23:08:51'),(9,1130583,'2013-10-30 23:08:51'),(9,1244459,'2013-10-30 23:08:51'),(9,1632091,'2013-10-30 23:08:51'),(9,1632503,'2013-10-30 23:08:51'),(9,1633122,'2013-10-30 23:08:51'),(9,1674136,'2013-10-30 23:08:51'),(9,1971912,'2013-10-30 23:08:51'),(10,1925,'2013-10-30 23:08:51'),(10,406856,'2013-10-30 23:08:51'),(10,409170,'2013-10-30 23:08:51'),(10,423714,'2013-10-30 23:08:51'),(10,516968,'2013-10-30 23:08:51'),(10,520778,'2013-10-30 23:08:51'),(10,564952,'2013-10-30 23:08:51'),(10,1109832,'2013-10-30 23:08:51'),(10,1117392,'2013-10-30 23:08:51'),(10,1273186,'2013-10-30 23:08:51'),(10,1616817,'2013-10-30 23:08:51'),(10,1664188,'2013-10-30 23:08:51'),(10,1691166,'2013-10-30 23:08:51'),(10,1691608,'2013-10-30 23:08:51');
/*!40000 ALTER TABLE `ff_teams_nfl_players` ENABLE KEYS */;
UNLOCK TABLES;

--
-- Table structure for table `ff_weeks`
--

DROP TABLE IF EXISTS `ff_weeks`;
/*!40101 SET @saved_cs_client     = @@character_set_client */;
/*!40101 SET character_set_client = utf8 */;
CREATE TABLE `ff_weeks` (
  `id` int(11) NOT NULL AUTO_INCREMENT,
  `number` int(11) NOT NULL,
  `start_date` datetime NOT NULL,
  `ff_season_id` int(11) NOT NULL,
  PRIMARY KEY (`id`),
  UNIQUE KEY `id_UNIQUE` (`id`),
  KEY `fk_ff_seasons_ff_weeks_idx` (`ff_season_id`),
  CONSTRAINT `fk_ff_seasons_ff_weeks` FOREIGN KEY (`ff_season_id`) REFERENCES `ff_seasons` (`id`) ON DELETE NO ACTION ON UPDATE NO ACTION
) ENGINE=InnoDB AUTO_INCREMENT=16 DEFAULT CHARSET=latin1;
/*!40101 SET character_set_client = @saved_cs_client */;

--
-- Dumping data for table `ff_weeks`
--

LOCK TABLES `ff_weeks` WRITE;
/*!40000 ALTER TABLE `ff_weeks` DISABLE KEYS */;
INSERT INTO `ff_weeks` VALUES (1,1,'2013-09-04 00:00:00',2013),(2,2,'2013-09-11 00:00:00',2013),(3,3,'2013-09-18 00:00:00',2013),(4,4,'2013-09-25 00:00:00',2013),(5,5,'2013-10-02 00:00:00',2013),(6,6,'2013-10-09 00:00:00',2013),(7,7,'2013-10-16 00:00:00',2013),(8,8,'2013-10-23 00:00:00',2013),(9,9,'2013-10-30 00:00:00',2013),(10,10,'2013-11-06 00:00:00',2013),(11,11,'2013-11-13 00:00:00',2013),(12,12,'2013-11-20 00:00:00',2013),(13,13,'2013-11-27 00:00:00',2013),(14,14,'2013-12-04 00:00:00',2013),(15,15,'2013-12-11 00:00:00',2013);
/*!40000 ALTER TABLE `ff_weeks` ENABLE KEYS */;
UNLOCK TABLES;

--
-- Table structure for table `nfl_player_statuses`
--

DROP TABLE IF EXISTS `nfl_player_statuses`;
/*!40101 SET @saved_cs_client     = @@character_set_client */;
/*!40101 SET character_set_client = utf8 */;
CREATE TABLE `nfl_player_statuses` (
  `id` int(11) NOT NULL AUTO_INCREMENT,
  `abvr` varchar(15) NOT NULL,
  `name` varchar(100) NOT NULL,
  PRIMARY KEY (`id`),
  UNIQUE KEY `abvr` (`abvr`),
  UNIQUE KEY `name` (`name`)
) ENGINE=InnoDB AUTO_INCREMENT=5 DEFAULT CHARSET=latin1;
/*!40101 SET character_set_client = @saved_cs_client */;

--
-- Dumping data for table `nfl_player_statuses`
--

LOCK TABLES `nfl_player_statuses` WRITE;
/*!40000 ALTER TABLE `nfl_player_statuses` DISABLE KEYS */;
INSERT INTO `nfl_player_statuses` VALUES (3,'A','Active'),(4,'I','Inactive');
/*!40000 ALTER TABLE `nfl_player_statuses` ENABLE KEYS */;
UNLOCK TABLES;

--
-- Table structure for table `nfl_players`
--

DROP TABLE IF EXISTS `nfl_players`;
/*!40101 SET @saved_cs_client     = @@character_set_client */;
/*!40101 SET character_set_client = utf8 */;
CREATE TABLE `nfl_players` (
  `id` int(11) NOT NULL AUTO_INCREMENT,
  `full_name` varchar(120) NOT NULL,
  `first_name` varchar(60) DEFAULT NULL,
  `last_name` varchar(60) DEFAULT NULL,
  `bye_week` int(11) NOT NULL,
  `avg_score` int(11) DEFAULT '0',
  `ff_positions_id` int(11) NOT NULL,
  `nfl_player_statuses_id` int(11) NOT NULL DEFAULT '3',
  PRIMARY KEY (`id`),
  KEY `fk_nfl_players_nfl_player_statuses` (`nfl_player_statuses_id`),
  KEY `fk_nfl_players_ff_positions` (`ff_positions_id`),
  CONSTRAINT `fk_nfl_players_ff_positions` FOREIGN KEY (`ff_positions_id`) REFERENCES `ff_positions` (`id`),
  CONSTRAINT `fk_nfl_player_nfl_player_statuses` FOREIGN KEY (`nfl_player_statuses_id`) REFERENCES `nfl_player_statuses` (`id`)
) ENGINE=InnoDB AUTO_INCREMENT=2090504 DEFAULT CHARSET=latin1;
/*!40101 SET character_set_client = @saved_cs_client */;

--
-- Dumping data for table `nfl_players`
--

LOCK TABLES `nfl_players` WRITE;
/*!40000 ALTER TABLE `nfl_players` DISABLE KEYS */;
INSERT INTO `nfl_players` VALUES (1290,'Terrell Owens','Terrell','Owens',12,0,60,3),(1379,'John Kasay','John','Kasay',7,0,62,3),(1384,'Jason Hanson','Jason','Hanson',9,0,62,3),(1392,'Adam Vinatieri','Adam','Vinatieri',8,0,62,3),(1666,'David Akers','David','Akers',9,0,62,3),(1727,'Ryan Longwell','Ryan','Longwell',12,0,62,3),(1751,'Olindo Mare','Olindo','Mare',8,0,62,3),(1901,'Cardinals','','Cardinals',9,0,63,3),(1902,'Falcons','','Falcons',6,0,63,3),(1903,'Ravens','','Ravens',8,0,63,3),(1904,'Bills','','Bills',12,0,63,3),(1905,'Panthers','','Panthers',4,0,63,3),(1906,'Bears','','Bears',8,0,63,3),(1907,'Bengals','','Bengals',12,0,63,3),(1908,'Cowboys','','Cowboys',11,0,63,3),(1909,'Broncos','','Broncos',9,0,63,3),(1910,'Lions','','Lions',9,0,63,3),(1911,'Packers','','Packers',4,0,63,3),(1912,'Colts','','Colts',8,0,63,3),(1913,'Jaguars','','Jaguars',9,0,63,3),(1914,'Chiefs','','Chiefs',10,0,63,3),(1915,'Dolphins','','Dolphins',6,0,63,3),(1916,'Vikings','','Vikings',5,0,63,3),(1917,'Saints','','Saints',7,0,63,3),(1918,'Giants','','Giants',9,0,63,3),(1919,'Jets','','Jets',10,0,63,3),(1920,'Raiders','','Raiders',7,0,63,3),(1921,'Eagles','','Eagles',12,0,63,3),(1922,'Steelers','','Steelers',5,0,63,3),(1923,'Rams','','Rams',11,0,63,3),(1924,'Chargers','','Chargers',8,0,63,3),(1925,'49ers','','49ers',9,0,63,3),(1926,'Seahawks','','Seahawks',12,0,63,3),(1927,'Buccaneers','','Buccaneers',5,0,63,3),(1928,'Titans','','Titans',8,0,63,3),(1929,'Redskins','','Redskins',5,0,63,3),(1930,'Browns','','Browns',10,0,63,3),(1931,'Patriots','','Patriots',10,0,63,3),(1932,'Texans','','Texans',8,0,63,3),(4056,'Michael Palmer','Michael','Palmer',5,0,61,3),(12204,'Charlie Batch','Charlie','Batch',5,0,58,3),(12320,'Phil Dawson','Phil','Dawson',9,0,62,3),(12400,'Tony Gonzalez','Tony','Gonzalez',6,0,61,3),(12429,'Matt Hasselbeck','Matt','Hasselbeck',8,0,58,3),(12531,'Peyton Manning','Peyton','Manning',9,0,58,3),(12576,'Randy Moss','Randy','Moss',9,0,60,3),(133236,'Kris Brown','Kris','Brown',11,0,62,3),(133276,'Donald Driver','Donald','Driver',4,0,60,3),(133424,'Brandon Stokley','Brandon','Stokley',8,0,60,3),(146369,'Joe Zelenka','Joe','Zelenka',6,0,61,3),(187385,'Plaxico Burress','Plaxico','Burress',5,0,60,3),(187389,'Sebastian Janikowski','Sebastian','Janikowski',7,0,62,3),(187572,'Brian Jennings','Brian','Jennings',9,0,61,3),(187627,'Neil Rackers','Neil','Rackers',5,0,62,3),(187629,'Chris Redman','Chris','Redman',6,0,58,3),(187741,'Tom Brady','Tom','Brady',10,0,58,3),(192741,'Mike Leach','Mike','Leach',9,0,61,3),(195697,'Rian Lindell','Rian','Lindell',5,0,62,3),(234829,'Jay Feely','Jay','Feely',9,0,62,3),(235056,'A.J. Feeley','A.J.','Feeley',11,0,58,3),(235131,'Moran Norris','Moran','Norris',8,0,59,3),(235151,'Sage Rosenfels','Sage','Rosenfels',5,0,58,3),(235157,'Steve Smith','Steve','Smith',4,0,60,3),(235197,'Drew Brees','Drew','Brees',7,0,58,3),(235215,'Todd Heap','Todd','Heap',9,0,61,3),(235222,'Chad Johnson','Chad','Johnson',6,0,60,3),(235234,'Santana Moss','Santana','Moss',5,0,60,3),(235253,'Michael Vick','Michael','Vick',12,0,58,3),(235256,'Reggie Wayne','Reggie','Wayne',8,0,60,3),(235388,'Lawrence Tynes','Lawrence','Tynes',5,0,62,3),(289074,'Shayne Graham','Shayne','Graham',5,0,62,3),(301996,'Rock Cartwright','Rock','Cartwright',9,0,59,3),(302027,'David Garrard','David','Garrard',10,0,58,3),(302085,'Josh McCown','Josh','McCown',8,0,58,3),(302087,'Randy McMichael','Randy','McMichael',8,0,61,3),(302103,'Justin Peelle','Justin','Peelle',5,0,61,3),(302177,'Deion Branch','Deion','Branch',10,0,60,3),(302195,'Daniel Graham','Daniel','Graham',7,0,61,3),(302227,'Donte\' Stallworth','Donte\'','Stallworth',5,0,60,3),(303026,'Rob Bironas','Rob','Bironas',8,0,62,3),(303192,'Corey McIntyre','Corey','McIntyre',12,0,59,3),(303245,'Billy Cundiff','Billy','Cundiff',10,0,62,3),(303369,'Shaun Hill','Shaun','Hill',9,0,58,3),(306268,'David Carr','David','Carr',9,0,58,3),(306271,'Jabar Gaffney','Jabar','Gaffney',6,0,60,3),(312308,'Matt Bryant','Matt','Bryant',6,0,62,3),(395928,'Anquan Boldin','Anquan','Boldin',9,0,60,3),(395934,'Josh Brown','Josh','Brown',9,0,62,3),(395935,'Nate Burleson','Nate','Burleson',9,0,60,3),(396017,'Donald Lee','Donald','Lee',12,0,61,3),(396021,'Brandon Lloyd','Brandon','Lloyd',10,0,60,3),(396044,'Ovie Mughelli','Ovie','Mughelli',11,0,59,3),(396083,'Visanthe Shiancoe','Visanthe','Shiancoe',8,0,61,3),(396113,'Seneca Wallace','Seneca','Wallace',4,0,58,3),(396115,'Kevin Walter','Kevin','Walter',8,0,60,3),(396134,'Jason Witten','Jason','Witten',11,0,61,3),(396154,'Dallas Clark','Dallas','Clark',8,0,61,3),(396159,'Rex Grossman','Rex','Grossman',5,0,58,3),(396162,'Andre Johnson','Andre','Johnson',8,0,60,3),(396163,'Bryant Johnson','Bryant','Johnson',8,0,60,3),(396167,'Byron Leftwich','Byron','Leftwich',5,0,58,3),(396170,'Willis McGahee','Willis','McGahee',10,0,59,3),(396173,'Carson Palmer','Carson','Palmer',9,0,58,3),(396811,'Antonio Gates','Antonio','Gates',8,0,61,3),(396875,'Kassim Osgood','Kassim','Osgood',9,0,60,3),(396886,'Tony Romo','Tony','Romo',11,0,58,3),(396972,'Will Heller','Will','Heller',9,0,61,3),(405598,'Derek Anderson','Derek','Anderson',4,0,58,3),(405738,'Devin Aromashodu','Devin','Aromashodu',8,0,60,3),(405824,'Jason Avant','Jason','Avant',12,0,60,3),(405833,'Donnie Avery','Donnie','Avery',10,0,60,3),(405920,'Billy Bajema','Billy','Bajema',8,0,61,3),(406163,'Jackie Battle','Jackie','Battle',8,0,59,3),(406245,'John Beck','John','Beck',8,0,58,3),(406400,'Cedric Benson','Cedric','Benson',4,0,59,3),(406777,'Lorenzo Booker','Lorenzo','Booker',8,0,59,3),(406856,'Dwayne Bowe','Dwayne','Bowe',10,0,60,3),(407024,'Steve Breaston','Steve','Breaston',7,0,60,3),(407235,'Ronnie Brown','Ronnie','Brown',8,0,59,3),(407605,'Reggie Bush','Reggie','Bush',9,0,59,3),(407741,'Andre Caldwell','Andre','Caldwell',9,0,60,3),(407793,'Jason Campbell','Jason','Campbell',10,0,58,3),(407903,'John Carlson','John','Carlson',5,0,61,3),(408126,'Brent Celek','Brent','Celek',12,0,61,3),(408163,'Scott Chandler','Scott','Chandler',12,0,61,3),(408416,'Kellen Clemens','Kellen','Clemens',11,0,58,3),(408644,'Marques Colston','Marques','Colston',7,0,60,3),(408969,'Mason Crosby','Mason','Crosby',4,0,62,3),(409102,'Jay Cutler','Jay','Cutler',8,0,58,3),(409170,'Owen Daniels','Owen','Daniels',8,0,61,3),(409254,'Vernon Davis','Vernon','Davis',9,0,61,3),(409876,'Joel Dreessen','Joel','Dreessen',9,0,61,3),(409879,'Maurice Jones-Drew','Maurice','Jones-Drew',9,0,59,3),(410129,'Trent Edwards','Trent','Edwards',8,0,58,3),(410134,'Braylon Edwards','Braylon','Edwards',10,0,60,3),(410446,'Anthony Fasano','Anthony','Fasano',10,0,61,3),(410711,'Matt Flynn','Matt','Flynn',12,0,58,3),(410721,'Nick Folk','Nick','Folk',10,0,62,3),(411568,'Frank Gore','Frank','Gore',9,0,59,3),(411579,'Stephen Gostkowski','Stephen','Gostkowski',10,0,62,3),(411598,'Bruce Gradkowski','Bruce','Gradkowski',5,0,58,3),(411639,'Ryan Grant','Ryan','Grant',4,0,59,3),(411957,'Derek Hagan','Derek','Hagan',5,0,60,3),(412042,'Korey Hall','Korey','Hall',9,0,59,3),(412346,'Clark Harris','Clark','Harris',12,0,61,3),(412717,'Devin Hester','Devin','Hester',8,0,60,3),(412780,'Jason Hill','Jason','Hill',10,0,60,3),(412870,'Domenik Hixon','Domenik','Hixon',4,0,60,3),(413021,'Santonio Holmes','Santonio','Holmes',10,0,60,3),(413737,'Greg Jennings','Greg','Jennings',5,0,60,3),(414386,'Dustin Keller','Dustin','Keller',6,0,61,3),(414586,'Jeff King','Jeff','King',9,0,61,3),(414742,'Kevin Kolb','Kevin','Kolb',12,0,58,3),(415213,'Matt Leinart','Matt','Leinart',12,0,58,3),(415246,'Brian Leonard','Brian','Leonard',5,0,59,3),(415313,'Marcedes Lewis','Marcedes','Lewis',9,0,61,3),(416678,'Justin Medlock','Justin','Medlock',7,0,62,3),(416861,'Heath Miller','Heath','Miller',5,0,61,3),(417185,'Lance Moore','Lance','Moore',7,0,60,3),(417544,'Legedu Naanee','Legedu','Naanee',6,0,60,3),(417623,'Jordy Nelson','Jordy','Nelson',4,0,60,3),(417825,'Nick Novak','Nick','Novak',8,0,62,3),(417926,'Ben Obomanu','Ben','Obomanu',10,0,60,3),(418053,'Dan Orlovsky','Dan','Orlovsky',5,0,58,3),(418071,'Kyle Orton','Kyle','Orton',11,0,58,3),(418207,'Jordan Palmer','Jordan','Palmer',8,0,58,3),(418311,'Roscoe Parrish','Roscoe','Parrish',5,0,60,3),(419111,'Brady Quinn','Brady','Quinn',11,0,58,3),(419723,'Michael Robinson','Michael','Robinson',12,0,59,3),(419756,'Laurent Robinson','Laurent','Robinson',9,0,60,3),(419764,'Courtney Roby','Courtney','Roby',7,0,60,3),(419780,'Aaron Rodgers','Aaron','Rodgers',4,0,58,3),(419998,'Martin Rucker','Martin','Rucker',10,0,61,3),(420059,'JaMarcus Russell','JaMarcus','Russell',0,0,58,3),(420095,'Matt Ryan','Matt','Ryan',6,0,58,3),(420366,'Tony Scheffler','Tony','Scheffler',9,0,61,3),(421070,'Steve Smith','Steve','Smith',5,0,60,3),(421093,'Alex Smith','Alex','Smith',12,0,61,3),(421123,'Troy Smith','Troy','Smith',5,0,58,3),(421137,'Brad Smith','Brad','Smith',12,0,60,3),(421274,'Jason Snelling','Jason','Snelling',6,0,59,3),(421347,'Matt Spaeth','Matt','Spaeth',5,0,61,3),(421419,'Darren Sproles','Darren','Sproles',7,0,59,3),(421459,'Isaiah Stanback','Isaiah','Stanback',9,0,61,3),(421487,'Drew Stanton','Drew','Stanton',9,0,58,3),(421599,'Craig Stevens','Craig','Stevens',8,0,61,3),(421695,'Maurice Stovall','Maurice','Stovall',9,0,60,3),(421946,'Jacob Tamme','Jacob','Tamme',9,0,61,3),(422192,'David Thomas','David','Thomas',7,0,61,3),(422864,'Lawrence Vickers','Lawrence','Vickers',11,0,59,3),(423207,'Leon Washington','Leon','Washington',10,0,59,3),(423552,'Charlie Whitehurst','Charlie','Whitehurst',8,0,58,3),(423714,'DeAngelo Williams','DeAngelo','Williams',4,0,59,3),(423719,'Demetrius Williams','Demetrius','Williams',9,0,60,3),(424340,'Vince Young','Vince','Young',4,0,58,3),(426135,'Brandon Marshall','Brandon','Marshall',8,0,60,3),(430316,'Thomas Clayton','Thomas','Clayton',9,0,59,3),(431145,'Le\'Ron McClain','Le\'Ron','McClain',8,0,59,3),(431338,'Kregg Lumpkin','Kregg','Lumpkin',9,0,59,3),(431354,'Leonard Pope','Leonard','Pope',8,0,61,3),(431446,'James Jones','James','Jones',4,0,60,3),(431497,'Robert Meachem','Robert','Meachem',7,0,60,3),(431544,'David Clowney','David','Clowney',12,0,60,3),(433249,'Derek Schouman','Derek','Schouman',7,0,61,3),(433568,'Daniel Fells','Daniel','Fells',10,0,61,3),(435367,'Dante Rosario','Dante','Rosario',8,0,61,3),(435413,'Tyler Thigpen','Tyler','Thigpen',12,0,58,3),(436388,'Lex Hilliard','Lex','Hilliard',10,0,59,3),(436526,'Michael Bush','Michael','Bush',8,0,59,3),(436547,'Harry Douglas','Harry','Douglas',6,0,60,3),(492912,'Chris Cooley','Chris','Cooley',5,0,61,3),(492915,'Jerricho Cotchery','Jerricho','Cotchery',5,0,60,3),(492917,'Patrick Crayton','Patrick','Crayton',7,0,60,3),(492932,'Lee Evans','Lee','Evans',9,0,60,3),(492934,'Larry Fitzgerald','Larry','Fitzgerald',9,0,60,3),(492958,'Ben Hartsock','Ben','Hartsock',4,0,61,3),(492959,'Devery Henderson','Devery','Henderson',5,0,60,3),(492963,'Steven Jackson','Steven','Jackson',6,0,59,3),(492964,'Michael Jenkins','Michael','Jenkins',10,0,60,3),(492973,'Greg Jones','Greg','Jones',8,0,59,3),(492980,'Nate Kaeding','Nate','Kaeding',5,0,62,3),(493004,'Eli Manning','Eli','Manning',9,0,58,3),(493008,'Luke McCown','Luke','McCown',7,0,58,3),(493016,'Mewelde Moore','Mewelde','Moore',8,0,59,3),(493041,'Philip Rivers','Philip','Rivers',8,0,58,3),(493043,'Ben Roethlisberger','Ben','Roethlisberger',5,0,58,3),(493050,'Matt Schaub','Matt','Schaub',8,0,58,3),(493053,'Josh Scobee','Josh','Scobee',9,0,62,3),(493097,'Michael Turner','Michael','Turner',6,0,59,3),(493107,'Benjamin Watson','Benjamin','Watson',7,0,61,3),(493125,'Kellen Winslow','Kellen','Winslow',10,0,61,3),(493614,'Malcom Floyd','Malcom','Floyd',8,0,60,3),(493666,'Vonta Leach','Vonta','Leach',8,0,59,3),(493669,'Ruvell Martin','Ruvell','Martin',12,0,60,3),(493735,'Wes Welker','Wes','Welker',9,0,60,3),(501448,'Terrance Copper','Terrance','Copper',10,0,60,3),(501492,'Lousaka Polite','Lousaka','Polite',6,0,59,3),(502391,'Cornelius Ingram','Cornelius','Ingram',9,0,61,3),(502411,'Brandon Coutu','Brandon','Coutu',9,0,62,3),(502506,'Darius Reynaud','Darius','Reynaud',8,0,59,3),(502523,'Pat White','Pat','White',5,0,58,3),(502524,'Greg Olsen','Greg','Olsen',4,0,61,3),(502611,'Mike Cox','Mike','Cox',6,0,59,3),(502629,'Calvin Johnson','Calvin','Johnson',9,0,60,3),(502707,'Dan Gronkowski','Dan','Gronkowski',10,0,61,3),(502710,'Joey Haynos','Joey','Haynos',8,0,61,3),(502737,'Ted Ginn','Ted','Ginn',4,0,60,3),(502816,'Curtis Painter','Curtis','Painter',9,0,58,3),(502839,'Josh Morgan','Josh','Morgan',5,0,60,3),(504530,'Fred Davis','Fred','Davis',5,0,61,3),(504639,'Marshawn Lynch','Marshawn','Lynch',12,0,59,3),(504682,'Dennis Dixon','Dennis','Dixon',12,0,58,3),(504747,'Sammie Stroughter','Sammie','Stroughter',5,0,60,3),(515634,'Cedric Peerman','Cedric','Peerman',12,0,59,3),(516510,'Eddie Royal','Eddie','Royal',8,0,60,3),(516606,'Stephen McGee','Stephen','McGee',8,0,58,3),(516948,'Rudy Carpenter','Rudy','Carpenter',11,0,58,3),(516960,'Zach Miller','Zach','Miller',12,0,61,3),(516968,'Danny Amendola','Danny','Amendola',10,0,60,3),(516987,'Graham Harrell','Graham','Harrell',10,0,58,3),(517027,'Chris Ogbonnaya','Chris','Ogbonnaya',10,0,59,3),(517045,'Jordan Shipley','Jordan','Shipley',9,0,60,3),(517243,'Brian Hoyer','Brian','Hoyer',10,0,58,3),(517271,'Adrian Arrington','Adrian','Arrington',7,0,60,3),(517291,'Chad Henne','Chad','Henne',9,0,58,3),(517401,'Jerome Harrison','Jerome','Harrison',9,0,59,3),(517483,'Deon Butler','Deon','Butler',8,0,60,3),(517568,'Adrian Peterson','Adrian','Peterson',5,0,59,3),(517620,'Brandon Pettigrew','Brandon','Pettigrew',9,0,61,3),(517880,'Brandon Jackson','Brandon','Jackson',10,0,59,3),(518127,'Early Doucet','Early','Doucet',12,0,60,3),(518132,'Jacob Hester','Jacob','Hester',9,0,59,3),(518149,'Quinn Johnson','Quinn','Johnson',8,0,59,3),(518593,'Sidney Rice','Sidney','Rice',12,0,60,3),(518611,'Arian Foster','Arian','Foster',8,0,59,3),(518670,'Owen Schmitt','Owen','Schmitt',7,0,59,3),(518847,'Marcus Thigpen','Marcus','Thigpen',6,0,59,3),(518867,'Tom Brandstater','Tom','Brandstater',11,0,58,3),(518905,'Bear Pascoe','Bear','Pascoe',9,0,61,3),(519785,'Kory Sperry','Kory','Sperry',9,0,61,3),(520248,'Jarett Dillard','Jarett','Dillard',9,0,60,3),(520386,'Justin Forsett','Justin','Forsett',9,0,59,3),(520778,'Ahmad Bradshaw','Ahmad','Bradshaw',8,0,59,3),(522814,'Gary Barnidge','Gary','Barnidge',10,0,61,3),(523103,'Roddy White','Roddy','White',6,0,60,3),(523458,'Peyton Hillis','Peyton','Hillis',9,0,59,3),(523470,'Davon Drew','Davon','Drew',8,0,61,3),(523490,'Chris Johnson','Chris','Johnson',8,0,59,3),(524093,'Tony Fiammetta','Tony','Fiammetta',8,0,59,3),(534088,'Jalen Parmele','Jalen','Parmele',8,0,59,3),(541651,'Vincent Jackson','Vincent','Jackson',5,0,60,3),(547043,'Ryan Fitzpatrick','Ryan','Fitzpatrick',8,0,58,3),(551405,'Brandon Jacobs','Brandon','Jacobs',9,0,59,3),(552470,'Matt Cassel','Matt','Cassel',5,0,58,3),(552599,'Mike Nugent','Mike','Nugent',12,0,62,3),(552642,'Alex Smith','Alex','Smith',10,0,58,3),(553121,'Robbie Gould','Robbie','Gould',8,0,62,3),(553135,'Tory Humphrey','Tory','Humphrey',7,0,61,3),(553187,'Stephen Spach','Stephen','Spach',9,0,61,3),(553367,'Josh Cribbs','Josh','Cribbs',10,0,60,3),(553458,'John Kuhn','John','Kuhn',4,0,59,3),(553478,'Nate Washington','Nate','Washington',8,0,60,3),(553825,'Shaun Suisham','Shaun','Suisham',5,0,62,3),(554742,'Rashied Davis','Rashied','Davis',8,0,60,3),(556548,'Greg Camarillo','Greg','Camarillo',7,0,60,3),(556622,'Mardy Gilyard','Mardy','Gilyard',10,0,60,3),(556832,'Spencer Larsen','Spencer','Larsen',5,0,59,3),(556890,'John Parker Wilson','John Parker','Wilson',5,0,58,3),(556966,'Richie Brockel','Richie','Brockel',4,0,61,3),(558554,'Trindon Holliday','Trindon','Holliday',9,0,60,3),(558591,'Brandon LaFell','Brandon','LaFell',4,0,60,3),(558818,'Rusty Smith','Rusty','Smith',8,0,58,3),(558839,'Graham Gano','Graham','Gano',4,0,62,3),(558841,'Richard Goodman','Richard','Goodman',8,0,60,3),(559250,'Mike Wallace','Mike','Wallace',6,0,60,3),(559296,'Harvey Unga','Harvey','Unga',8,0,59,3),(559373,'Mark Sanchez','Mark','Sanchez',10,0,58,3),(559376,'Patrick Turner','Patrick','Turner',10,0,60,3),(559551,'Lavelle Hawkins','Lavelle','Hawkins',8,0,60,3),(559554,'DeSean Jackson','DeSean','Jackson',12,0,60,3),(559572,'Cameron Morrah','Cameron','Morrah',9,0,61,3),(559606,'Kahlil Bell','Kahlil','Bell',10,0,59,3),(559624,'Logan Paulsen','Logan','Paulsen',5,0,61,3),(559687,'Matt Forte','Matt','Forte',8,0,59,3),(559743,'Kevin Smith','Kevin','Smith',9,0,59,3),(559806,'Jim Dray','Jim','Dray',9,0,61,3),(559816,'Erik Lorig','Erik','Lorig',5,0,59,3),(561585,'Mohamed Massaquoi','Mohamed','Massaquoi',10,0,60,3),(561597,'Tashard Choice','Tashard','Choice',12,0,59,3),(561619,'Davone Bess','Davone','Bess',10,0,60,3),(561926,'Rashard Mendenhall','Rashard','Mendenhall',9,0,59,3),(563070,'Tony Moeaki','Tony','Moeaki',10,0,61,3),(563138,'Zach Potter','Zach','Potter',11,0,61,3),(563214,'Richard Quinn','Richard','Quinn',9,0,61,3),(563223,'Brandon Tate','Brandon','Tate',12,0,60,3),(563622,'Brian Hartline','Brian','Hartline',6,0,60,3),(563628,'Brian Robiskie','Brian','Robiskie',6,0,60,3),(563723,'Tiquan Underwood','Tiquan','Underwood',5,0,60,3),(563773,'DeMarco Sampson','DeMarco','Sampson',12,0,60,3),(563784,'Roberto Wallace','Roberto','Wallace',8,0,60,3),(563866,'Brody Eldridge','Brody','Eldridge',8,0,61,3),(563875,'Juaquin Iglesias','Juaquin','Iglesias',8,0,60,3),(563967,'Zac Robinson','Zac','Robinson',12,0,58,3),(564165,'Louis Murphy','Louis','Murphy',9,0,60,3),(564881,'Darrius Heyward-Bey','Darrius','Heyward-Bey',8,0,60,3),(564943,'Emmanuel Sanders','Emmanuel','Sanders',5,0,60,3),(564952,'Jamaal Charles','Jamaal','Charles',10,0,59,3),(564954,'Martellus Bennett','Martellus','Bennett',8,0,61,3),(565116,'Mike Kafka','Mike','Kafka',9,0,58,3),(565125,'Tyrell Sutton','Tyrell','Sutton',12,0,59,3),(565146,'Sean Canfield','Sean','Canfield',7,0,58,3),(565185,'Travis Beckum','Travis','Beckum',9,0,61,3),(565190,'Garrett Graham','Garrett','Graham',8,0,61,3),(565222,'Mario Manningham','Mario','Manningham',9,0,60,3),(565631,'Ed Dickson','Ed','Dickson',8,0,61,3),(565639,'Jeremiah Johnson','Jeremiah','Johnson',9,0,59,3),(565654,'Jonathan Stewart','Jonathan','Stewart',4,0,59,3),(565727,'Steve Slaton','Steve','Slaton',6,0,59,3),(565738,'Jordan Norwood','Jordan','Norwood',5,0,60,3),(565739,'Derrick Williams','Derrick','Williams',5,0,60,3),(565747,'Javon Ringer','Javon','Ringer',8,0,59,3),(565750,'Shonn Greene','Shonn','Greene',8,0,59,3),(565752,'Quan Cosby','Quan','Cosby',9,0,60,3),(565753,'Chase Coffman','Chase','Coffman',6,0,61,3),(565754,'Chase Daniel','Chase','Daniel',10,0,58,3),(565774,'Mickey Shuler','Mickey','Shuler',9,0,61,3),(565792,'Mike Thomas','Mike','Thomas',9,0,60,3),(565793,'Earl Bennett','Earl','Bennett',8,0,60,3),(565804,'Felix Jones','Felix','Jones',5,0,59,3),(565805,'Darren McFadden','Darren','McFadden',7,0,59,3),(567078,'Kerry Meier','Kerry','Meier',6,0,60,3),(567373,'Montario Hardesty','Montario','Hardesty',10,0,59,3),(582146,'Xavier Omon','Xavier','Omon',9,0,59,3),(583087,'Pierre Garcon','Pierre','Garcon',5,0,60,3),(583487,'Stephen Williams','Stephen','Williams',9,0,60,3),(584290,'Eric Decker','Eric','Decker',9,0,60,3),(584314,'Jared Cook','Jared','Cook',11,0,61,3),(584399,'Andre Brown','Andre','Brown',9,0,59,3),(584448,'Marlon Moore','Marlon','Moore',9,0,60,3),(584459,'Chastin West','Chastin','West',9,0,60,3),(584640,'Jermichael Finley','Jermichael','Finley',4,0,61,3),(584648,'Colt McCoy','Colt','McCoy',9,0,58,3),(1102778,'Thomas Gafford','Thomas','Gafford',10,0,61,3),(1102782,'Fred Jackson','Fred','Jackson',12,0,59,3),(1107218,'Tarvaris Jackson','Tarvaris','Jackson',12,0,58,3),(1109396,'Delanie Walker','Delanie','Walker',8,0,61,3),(1109761,'Montell Owens','Montell','Owens',9,0,59,3),(1109832,'Matt Prater','Matt','Prater',9,0,62,3),(1109853,'Wallace Wright','Wallace','Wright',5,0,60,3),(1113490,'Dimitri Nance','Dimitri','Nance',6,0,59,3),(1113502,'Ryan Torain','Ryan','Torain',9,0,59,3),(1113505,'Kyle Williams','Kyle','Williams',9,0,60,3),(1113529,'Ben Tate','Ben','Tate',8,0,59,3),(1114035,'David Gettis','David','Gettis',4,0,60,3),(1114232,'Bruce Miller','Bruce','Miller',9,0,59,3),(1114237,'Jamar Newsome','Jamar','Newsome',10,0,60,3),(1114251,'Jacoby Ford','Jacoby','Ford',7,0,60,3),(1114348,'Thad Lewis','Thad','Lewis',12,0,58,3),(1114549,'Micheal Spurlock','Micheal','Spurlock',9,0,60,3),(1114590,'Riley Cooper','Riley','Cooper',12,0,60,3),(1114598,'Percy Harvin','Percy','Harvin',12,0,60,3),(1114610,'Miles Austin','Miles','Austin',11,0,60,3),(1114680,'Tim Tebow','Tim','Tebow',10,0,58,3),(1114912,'Shaun Chapas','Shaun','Chapas',9,0,59,3),(1114939,'Knowshon Moreno','Knowshon','Moreno',9,0,59,3),(1114942,'Matthew Stafford','Matthew','Stafford',9,0,58,3),(1114965,'Demaryius Thomas','Demaryius','Thomas',9,0,60,3),(1114980,'Nate Byham','Nate','Byham',5,0,61,3),(1114988,'Dorin Dickerson','Dorin','Dickerson',9,0,59,3),(1115016,'Kenny Britt','Kenny','Britt',8,0,60,3),(1115023,'Ryan D\'Imperio','Ryan','D\'Imperio',9,0,59,3),(1115064,'Mike Williams','Mike','Williams',5,0,60,3),(1115066,'Delone Carter','Delone','Carter',8,0,59,3),(1115107,'Jeff Cumberland','Jeff','Cumberland',10,0,61,3),(1115114,'Michael Hoomanawanui','Michael','Hoomanawanui',10,0,61,3),(1116328,'Brandon Gibson','Brandon','Gibson',6,0,60,3),(1116454,'Keiland Williams','Keiland','Williams',5,0,59,3),(1116464,'Anthony Dixon','Anthony','Dixon',9,0,59,3),(1116555,'Preston Parker','Preston','Parker',7,0,60,3),(1116559,'Christian Ponder','Christian','Ponder',5,0,58,3),(1116606,'Dedrick Epps','Dedrick','Epps',10,0,61,3),(1116614,'Javarris James','Javarris','James',9,0,59,3),(1116854,'John Conner','John','Conner',9,0,59,3),(1116870,'Devin Thomas','Devin','Thomas',9,0,60,3),(1116922,'Steve Johnson','Steve','Johnson',12,0,60,3),(1116949,'Alfonso Smith','Alfonso','Smith',9,0,59,3),(1116969,'Adam Weber','Adam','Weber',5,0,58,3),(1117305,'Allen Bradford','Allen','Bradford',9,0,59,3),(1117306,'David Buehler','David','Buehler',9,0,62,3),(1117312,'Stanley Havili','Stanley','Havili',8,0,59,3),(1117363,'Owen Spencer','Owen','Spencer',10,0,60,3),(1117379,'Shaun Draughn','Shaun','Draughn',8,0,59,3),(1117392,'Hakeem Nicks','Hakeem','Nicks',9,0,60,3),(1117402,'Johnny White','Johnny','White',4,0,59,3),(1117431,'Rashawn Jackson','Rashawn','Jackson',7,0,59,3),(1117438,'Kevin Ogletree','Kevin','Ogletree',9,0,60,3),(1117442,'John Phillips','John','Phillips',8,0,61,3),(1117478,'Andre Smith','Andre','Smith',11,0,61,3),(1117483,'Jake Ballard','Jake','Ballard',10,0,61,3),(1117497,'Anthony McCoy','Anthony','McCoy',12,0,61,3),(1117597,'Beanie Wells','Beanie','Wells',9,0,59,3),(1117603,'Brett Brackett','Brett','Brackett',9,0,61,3),(1117622,'Andrew Quarless','Andrew','Quarless',4,0,61,3),(1117625,'Evan Royster','Evan','Royster',5,0,59,3),(1117729,'Toby Gerhart','Toby','Gerhart',5,0,59,3),(1117803,'Lance Kendricks','Lance','Kendricks',11,0,61,3),(1117814,'Scott Tolzien','Scott','Tolzien',9,0,58,3),(1117827,'Terrence Austin','Terrence','Austin',9,0,60,3),(1117835,'Kai Forbath','Kai','Forbath',5,0,62,3),(1117861,'Jake Locker','Jake','Locker',8,0,58,3),(1123282,'Josh Freeman','Josh','Freeman',5,0,58,3),(1123294,'Jeron Mastrud','Jeron','Mastrud',7,0,61,3),(1123307,'Danario Alexander','Danario','Alexander',8,0,60,3),(1123324,'Jeremy Maclin','Jeremy','Maclin',12,0,60,3),(1123426,'Naaman Roosevelt','Naaman','Roosevelt',10,0,60,3),(1123431,'James Starks','James','Starks',4,0,59,3),(1123488,'Jameson Konz','Jameson','Konz',12,0,61,3),(1123545,'Joe Webb','Joe','Webb',5,0,58,3),(1123581,'Mike McNeill','Mike','McNeill',11,0,61,3),(1123599,'Sam Bradford','Sam','Bradford',11,0,58,3),(1123667,'Jermaine Gresham','Jermaine','Gresham',12,0,61,3),(1123691,'DeMarco Murray','DeMarco','Murray',11,0,59,3),(1123712,'Taylor Price','Taylor','Price',9,0,60,3),(1125285,'Jonathan Crompton','Jonathan','Crompton',5,0,58,3),(1125381,'Rob Housler','Rob','Housler',9,0,61,3),(1125485,'Luke Stocker','Luke','Stocker',5,0,61,3),(1125838,'Michael Crabtree','Michael','Crabtree',9,0,60,3),(1125961,'Andy Dalton','Andy','Dalton',12,0,58,3),(1125986,'Jimmy Young','Jimmy','Young',5,0,60,3),(1127382,'C.J. Spiller','C.J.','Spiller',12,0,59,3),(1128770,'Jerrod Johnson','Jerrod','Johnson',12,0,58,3),(1128771,'Mike Goodson','Mike','Goodson',10,0,59,3),(1128947,'Jordan White','Jordan','White',10,0,60,3),(1130517,'Lonyae Miller','Lonyae','Miller',8,0,59,3),(1130556,'Steve Maneri','Steve','Maneri',8,0,61,3),(1130583,'Colin Kaepernick','Colin','Kaepernick',9,0,58,3),(1130591,'Vai Taua','Vai','Taua',12,0,59,3),(1130615,'Virgil Green','Virgil','Green',9,0,61,3),(1133543,'Kyle Nelson','Kyle','Nelson',9,0,60,3),(1133695,'Keith Toston','Keith','Toston',9,0,59,3),(1137118,'Case Keenum','Case','Keenum',8,0,58,3),(1137247,'Kellen Davis','Kellen','Davis',12,0,61,3),(1137306,'Reagan Maui\'a','Reagan','Maui\'a',9,0,59,3),(1137316,'Greg Salas','Greg','Salas',10,0,60,3),(1137327,'David Johnson','David','Johnson',5,0,59,3),(1137425,'Nathan Enderle','Nathan','Enderle',8,0,58,3),(1137461,'Dexter McCluster','Dexter','McCluster',10,0,60,3),(1206816,'Kevin Boss','Kevin','Boss',10,0,61,3),(1220258,'Jacoby Jones','Jacoby','Jones',8,0,60,3),(1221952,'D.J. Ware','D.J.','Ware',5,0,59,3),(1221953,'Eric Weems','Eric','Weems',8,0,60,3),(1226106,'Richard Bartel','Richard','Bartel',9,0,58,3),(1226208,'Jesse Holley','Jesse','Holley',10,0,60,3),(1226278,'Matt Moore','Matt','Moore',6,0,58,3),(1226300,'Logan Payne','Logan','Payne',8,0,60,3),(1226313,'Brett Ratliff','Brett','Ratliff',5,0,58,3),(1226331,'Titus Ryan','Titus','Ryan',10,0,60,3),(1226334,'Ricky Schmitt','Ricky','Schmitt',9,0,62,3),(1226369,'Pierre Thomas','Pierre','Thomas',7,0,59,3),(1226400,'Matt Willis','Matt','Willis',9,0,60,3),(1233762,'Gijon Robinson','Gijon','Robinson',9,0,61,3),(1242895,'Jonathan Dwyer','Jonathan','Dwyer',5,0,59,3),(1242959,'Da\'Rel Scott','Da\'Rel','Scott',9,0,59,3),(1242961,'Torrey Smith','Torrey','Smith',8,0,60,3),(1242996,'Dwight Jones','Dwight','Jones',8,0,60,3),(1242997,'Greg Little','Greg','Little',10,0,60,3),(1243006,'Devon Ramsay','Devon','Ramsay',0,0,59,3),(1243179,'Henry Hynoski','Henry','Hynoski',9,0,59,3),(1243187,'LeSean McCoy','LeSean','McCoy',12,0,59,3),(1243206,'Ray Rice','Ray','Rice',8,0,59,3),(1243240,'Nick Provo','Nick','Provo',12,0,61,3),(1243255,'Michael Campbell','Michael','Campbell',10,0,60,3),(1243307,'Danny Coale','Danny','Coale',11,0,60,3),(1243312,'Darren Evans','Darren','Evans',8,0,59,3),(1243338,'Tyrod Taylor','Tyrod','Taylor',8,0,58,3),(1243556,'Ryan Broyles','Ryan','Broyles',9,0,60,3),(1243592,'Kendall Hunter','Kendall','Hunter',9,0,59,3),(1243697,'Marvin McNutt','Marvin','McNutt',4,0,60,3),(1243710,'Allen Reisner','Allen','Reisner',9,0,61,3),(1243716,'Ricky Stanzi','Ricky','Stanzi',9,0,58,3),(1243780,'Drake Dunsmore','Drake','Dunsmore',5,0,61,3),(1243803,'Dan Herron','Dan','Herron',8,0,59,3),(1243815,'Brandon Saine','Brandon','Saine',4,0,59,3),(1243816,'Dane Sanzenbacher','Dane','Sanzenbacher',12,0,60,3),(1244303,'Rob Gronkowski','Rob','Gronkowski',10,0,61,3),(1244459,'Jordan Cameron','Jordan','Cameron',10,0,61,3),(1244463,'Aaron Corp','Aaron','Corp',6,0,58,3),(1244464,'Rhett Ellison','Rhett','Ellison',5,0,61,3),(1244474,'Joe McKnight','Joe','McKnight',10,0,59,3),(1244483,'Marc Tyler','Marc','Tyler',4,0,59,3),(1244486,'Doug Baldwin','Doug','Baldwin',12,0,60,3),(1244492,'Coby Fleener','Coby','Fleener',8,0,61,3),(1244502,'Owen Marecic','Owen','Marecic',9,0,59,3),(1244509,'Ryan Whalen','Ryan','Whalen',12,0,60,3),(1244779,'B.J. Coleman','B.J.','Coleman',4,0,58,3),(1244784,'Lennon Creer','Lennon','Creer',5,0,59,3),(1244818,'Denarius Moore','Denarius','Moore',7,0,60,3),(1244927,'Mario Fannin','Mario','Fannin',9,0,59,3),(1244982,'Stevan Ridley','Stevan','Ridley',10,0,59,3),(1244985,'Terrence Toliver','Terrence','Toliver',8,0,60,3),(1245173,'James Casey','James','Casey',12,0,61,3),(1245237,'James Kirkendoll','James','Kirkendoll',8,0,60,3),(1245251,'Fozzy Whittaker','Fozzy','Whittaker',10,0,59,3),(1245530,'Seyi Ajirotutu','Seyi','Ajirotutu',8,0,60,3),(1245617,'Kevin O\'Connell','Kevin','O\'Connell',8,0,58,3),(1245626,'Matt Asiata','Matt','Asiata',5,0,59,3),(1245841,'Armon Binns','Armon','Binns',6,0,60,3),(1245854,'Ben Guidugli','Ben','Guidugli',9,0,61,3),(1245905,'Dwayne Harris','Dwayne','Harris',11,0,60,3),(1246019,'Eric Kettani','Eric','Kettani',5,0,59,3),(1246074,'Armando Allen','Armando','Allen',8,0,59,3),(1246081,'Jimmy Clausen','Jimmy','Clausen',4,0,58,3),(1246159,'Ramses Barden','Ramses','Barden',9,0,60,3),(1248564,'Javarris Williams','Javarris','Williams',11,0,59,3),(1249642,'Jerome Felton','Jerome','Felton',5,0,59,3),(1250085,'Quinten Lawrence','Quinten','Lawrence',6,0,60,3),(1250198,'Rhett Bomar','Rhett','Bomar',7,0,58,3),(1250697,'Joe Flacco','Joe','Flacco',8,0,58,3),(1251085,'Donald Brown','Donald','Brown',8,0,59,3),(1251717,'Rashad Jennings','Rashad','Jennings',7,0,59,3),(1252130,'DuJuan Harris','DuJuan','Harris',4,0,59,3),(1252135,'Jerrel Jernigan','Jerrel','Jernigan',9,0,60,3),(1253970,'Carlton Mitchell','Carlton','Mitchell',5,0,60,3),(1254113,'Lestar Jean','Lestar','Jean',8,0,60,3),(1254119,'Alfred Morris','Alfred','Morris',5,0,59,3),(1254446,'Josh Cooper','Josh','Cooper',10,0,60,3),(1254857,'Ronald Johnson','Ronald','Johnson',12,0,60,3),(1254859,'Damian Williams','Damian','Williams',8,0,60,3),(1263398,'Junior Hemingway','Junior','Hemingway',10,0,60,3),(1263432,'B.J. Cunningham','B.J.','Cunningham',12,0,60,3),(1263433,'Mark Dell','Mark','Dell',9,0,60,3),(1263553,'John Clay','John','Clay',5,0,59,3),(1263572,'Nick Toon','Nick','Toon',7,0,60,3),(1265114,'Jamel Hamler','Jamel','Hamler',12,0,60,3),(1265393,'Bilal Powell','Bilal','Powell',10,0,59,3),(1265470,'Golden Tate','Golden','Tate',12,0,60,3),(1265479,'Austin Davis','Austin','Davis',11,0,58,3),(1265552,'Charles Clay','Charles','Clay',6,0,61,3),(1272073,'Jerome Simpson','Jerome','Simpson',5,0,60,3),(1272242,'Russell Wilson','Russell','Wilson',12,0,58,3),(1272276,'Damien Berry','Damien','Berry',8,0,59,3),(1272283,'Leonard Hankerson','Leonard','Hankerson',5,0,60,3),(1272286,'Chris Ivory','Chris','Ivory',10,0,59,3),(1272449,'Dezmon Briscoe','Dezmon','Briscoe',5,0,60,3),(1272498,'Roy Helu','Roy','Helu',5,0,59,3),(1272502,'Niles Paul','Niles','Paul',5,0,61,3),(1272524,'Dez Bryant','Dez','Bryant',11,0,60,3),(1272538,'Brandon Weeden','Brandon','Weeden',10,0,58,3),(1272540,'Arrelious Benn','Arrelious','Benn',12,0,60,3),(1272574,'Kirk Cousins','Kirk','Cousins',5,0,58,3),(1272588,'Jon Hoese','Jon','Hoese',7,0,59,3),(1272615,'Derek Moye','Derek','Moye',5,0,60,3),(1272731,'Chandler Harnish','Chandler','Harnish',8,0,58,3),(1272751,'Chad Spann','Chad','Spann',10,0,59,3),(1272825,'Robert Turbin','Robert','Turbin',12,0,59,3),(1272852,'Antonio Brown','Antonio','Brown',5,0,60,3),(1272892,'LaVon Brazill','LaVon','Brazill',8,0,60,3),(1272964,'Kerry Taylor','Kerry','Taylor',9,0,60,3),(1272970,'Jahvid Best','Jahvid','Best',9,0,59,3),(1273006,'Shane Vereen','Shane','Vereen',10,0,59,3),(1273023,'Jeff Maehl','Jeff','Maehl',12,0,60,3),(1273079,'James Rodgers','James','Rodgers',6,0,60,3),(1273179,'Aaron Hernandez','Aaron','Hernandez',0,0,61,3),(1273186,'Cam Newton','Cam','Newton',4,0,58,3),(1273191,'Chris Rainey','Chris','Rainey',5,0,59,3),(1273280,'Weslye Saunders','Weslye','Saunders',8,0,61,3),(1273342,'Darius Hanks','Darius','Hanks',5,0,60,3),(1273354,'Greg McElroy','Greg','McElroy',10,0,58,3),(1273405,'D.J. Williams','D.J.','Williams',9,0,61,3),(1273546,'Chris Thompson','Chris','Thompson',5,0,59,3),(1273600,'Aldrick Robinson','Aldrick','Robinson',5,0,60,3),(1273654,'Ryan Tannehill','Ryan','Tannehill',6,0,58,3),(1273689,'Jeremy Kerley','Jeremy','Kerley',10,0,60,3),(1273775,'Austin Collie','Austin','Collie',10,0,60,3),(1273811,'Dennis Pitta','Dennis','Pitta',8,0,61,3),(1273854,'Ryan Mathews','Ryan','Mathews',8,0,59,3),(1273864,'Devon Wylie','Devon','Wylie',10,0,60,3),(1273888,'Kealoha Pilares','Kealoha','Pilares',4,0,60,3),(1273898,'Vincent Brown','Vincent','Brown',8,0,60,3),(1273908,'Ryan Lindley','Ryan','Lindley',9,0,58,3),(1274358,'D.J. Harper','D.J.','Harper',9,0,59,3),(1274369,'Doug Martin','Doug','Martin',5,0,59,3),(1274372,'Kellen Moore','Kellen','Moore',9,0,58,3),(1274378,'Austin Pettis','Austin','Pettis',11,0,60,3),(1274396,'Titus Young','Titus','Young',11,0,60,3),(1275368,'Dexter Jackson','Dexter','Jackson',10,0,60,3),(1276441,'Lee Smith','Lee','Smith',12,0,61,3),(1277058,'Jaymar Johnson','Jaymar','Johnson',9,0,60,3),(1277423,'Tim Hightower','Tim','Hightower',5,0,59,3),(1277467,'Marcus Easley','Marcus','Easley',12,0,60,3),(1277487,'Kashif Moore','Kashif','Moore',5,0,60,3),(1277500,'Anthony Sherman','Anthony','Sherman',10,0,59,3),(1325808,'Josh Johnson','Josh','Johnson',12,0,58,3),(1369280,'Stefan Logan','Stefan','Logan',9,0,59,3),(1614641,'Brett Swain','Brett','Swain',12,0,60,3),(1615601,'Chaz Schilens','Chaz','Schilens',9,0,60,3),(1615610,'Matthew Slater','Matthew','Slater',10,0,60,3),(1615897,'Garrett Hartley','Garrett','Hartley',7,0,62,3),(1616291,'BenJarvus Green-Ellis','BenJarvus','Green-Ellis',12,0,59,3),(1616637,'Lance Long','Lance','Long',9,0,60,3),(1616704,'Dan Carpenter','Dan','Carpenter',12,0,62,3),(1616727,'J.J. Finley','J.J.','Finley',4,0,61,3),(1616740,'Caleb Hanie','Caleb','Hanie',8,0,58,3),(1616746,'Steven Hauschka','Steven','Hauschka',12,0,62,3),(1616777,'Matthew Mulligan','Matthew','Mulligan',10,0,61,3),(1616792,'Marcel Reece','Marcel','Reece',7,0,59,3),(1616817,'Danny Woodhead','Danny','Woodhead',8,0,59,3),(1616845,'Jed Collins','Jed','Collins',7,0,59,3),(1616858,'Nate Hughes','Nate','Hughes',9,0,60,3),(1616872,'Evan Moore','Evan','Moore',12,0,61,3),(1616887,'Mike Tolbert','Mike','Tolbert',4,0,59,3),(1616907,'Connor Barth','Connor','Barth',5,0,62,3),(1619037,'Lance Ball','Lance','Ball',9,0,59,3),(1619687,'Jacory Harris','Jacory','Harris',12,0,58,3),(1619913,'James Hanna','James','Hanna',11,0,61,3),(1619958,'Mikel Leshoure','Mikel','Leshoure',9,0,59,3),(1620389,'Juron Criner','Juron','Criner',7,0,60,3),(1620397,'Chris Gronkowski','Chris','Gronkowski',8,0,59,3),(1620412,'Matt Scott','Matt','Scott',9,0,58,3),(1620455,'LeGarrette Blount','LeGarrette','Blount',10,0,59,3),(1620463,'Chris Harper','Chris','Harper',4,0,60,3),(1620468,'David Paulson','David','Paulson',5,0,61,3),(1620544,'Caleb Sturgis','Caleb','Sturgis',6,0,62,3),(1620562,'Tavarres King','Tavarres','King',4,0,60,3),(1620623,'Tauren Poole','Tauren','Poole',4,0,59,3),(1620726,'Deangelo Peterson','Deangelo','Peterson',9,0,61,3),(1620788,'Robert Griffin III','Robert','Griffin III',5,0,58,3),(1620799,'Pat Edwards','Pat','Edwards',9,0,60,3),(1620826,'Dan Buckner','Dan','Buckner',9,0,60,3),(1620863,'Jeff Fuller','Jeff','Fuller',6,0,60,3),(1620865,'Cyrus Gray','Cyrus','Gray',10,0,59,3),(1621175,'DeVonte Christopher','DeVonte','Christopher',0,0,60,3),(1621321,'Isaiah Pead','Isaiah','Pead',11,0,59,3),(1621330,'George Winn','George','Winn',10,0,59,3),(1621559,'Josh Portis','Josh','Portis',12,0,58,3),(1623785,'Jon Baldwin','Jon','Baldwin',9,0,60,3),(1623793,'Mark Ingram','Mark','Ingram',7,0,59,3),(1623794,'Julio Jones','Julio','Jones',6,0,60,3),(1626550,'Anthony Armstrong','Anthony','Armstrong',11,0,60,3),(1630216,'Dwayne Allen','Dwayne','Allen',8,0,61,3),(1630220,'Andre Ellington','Andre','Ellington',9,0,59,3),(1630224,'Jamie Harper','Jamie','Harper',8,0,59,3),(1630256,'Sean Renfree','Sean','Renfree',6,0,58,3),(1630295,'Anthony Allen','Anthony','Allen',8,0,59,3),(1630314,'Matt Furstenburg','Matt','Furstenburg',8,0,61,3),(1630318,'Davin Meggett','Davin','Meggett',8,0,59,3),(1630331,'Zack Pianalto','Zack','Pianalto',4,0,61,3),(1630353,'Mike Glennon','Mike','Glennon',5,0,58,3),(1630354,'T.J. Graham','T.J.','Graham',12,0,60,3),(1630429,'Montel Harris','Montel','Harris',0,0,59,3),(1630444,'Chris Pantale','Chris','Pantale',10,0,61,3),(1630448,'Travis Benjamin','Travis','Benjamin',10,0,60,3),(1630465,'Tommy Streeter','Tommy','Streeter',8,0,60,3),(1630493,'D.C. Jefferson','D.C.','Jefferson',9,0,61,3),(1630528,'Ryan Nassib','Ryan','Nassib',9,0,58,3),(1630530,'Marcus Sales','Marcus','Sales',6,0,60,3),(1630575,'Jarrett Boykin','Jarrett','Boykin',4,0,60,3),(1630578,'Marcus Davis','Marcus','Davis',10,0,60,3),(1630601,'Ryan Williams','Ryan','Williams',9,0,59,3),(1630725,'Brandon Banks','Brandon','Banks',5,0,60,3),(1630750,'Collin Klein','Collin','Klein',0,0,58,3),(1630777,'Blaine Gabbert','Blaine','Gabbert',9,0,58,3),(1630782,'Jerrell Jackson','Jerrell','Jackson',8,0,60,3),(1630803,'Ben Cotton','Ben','Cotton',8,0,61,3),(1630817,'Brett Maher','Brett','Maher',11,0,62,3),(1630853,'Landry Jones','Landry','Jones',5,0,58,3),(1630860,'Justin Blackmon','Justin','Blackmon',9,0,60,3),(1630879,'Quinn Sharp','Quinn','Sharp',12,0,62,3),(1630925,'Tandon Doss','Tandon','Doss',8,0,60,3),(1630952,'Jewel Hampton','Jewel','Hampton',9,0,59,3),(1630970,'James Vandenberg','James','Vandenberg',5,0,58,3),(1630994,'Roy Roundtree','Roy','Roundtree',12,0,60,3),(1631001,'Dan Conroy','Dan','Conroy',0,0,62,3),(1631009,'Keshawn Martin','Keshawn','Martin',8,0,60,3),(1631039,'MarQueis Gray','MarQueis','Gray',10,0,61,3),(1631106,'DeVier Posey','DeVier','Posey',8,0,60,3),(1631107,'Terrelle Pryor','Terrelle','Pryor',7,0,58,3),(1631109,'Jake Stoneburner','Jake','Stoneburner',4,0,61,3),(1631138,'Michael Zordich','Michael','Zordich',4,0,59,3),(1631167,'Carson Wiggs','Carson','Wiggs',12,0,62,3),(1631176,'Bradie Ewing','Bradie','Ewing',6,0,59,3),(1631205,'Ryan Aplin','Ryan','Aplin',0,0,58,3),(1631401,'Ryan Otten','Ryan','Otten',9,0,61,3),(1631427,'Ladarius Green','Ladarius','Green',8,0,61,3),(1631626,'Zac Dysert','Zac','Dysert',9,0,58,3),(1631715,'Alex Carder','Alex','Carder',9,0,58,3),(1631750,'Nick Foles','Nick','Foles',12,0,58,3),(1631791,'Gerell Robinson','Gerell','Robinson',9,0,60,3),(1631804,'Marvin Jones','Marvin','Jones',12,0,60,3),(1631827,'Kenjon Barner','Kenjon','Barner',4,0,59,3),(1631834,'LaMichael James','LaMichael','James',9,0,59,3),(1631841,'Mychal Rivera','Mychal','Rivera',7,0,61,3),(1631866,'Jacquizz Rodgers','Jacquizz','Rodgers',6,0,59,3),(1631912,'Andrew Luck','Andrew','Luck',8,0,58,3),(1631918,'Chris Owusu','Chris','Owusu',5,0,60,3),(1631919,'Konrad Reuland','Konrad','Reuland',10,0,61,3),(1631945,'Johnathan Franklin','Johnathan','Franklin',4,0,59,3),(1631947,'Cory Harkey','Cory','Harkey',11,0,61,3),(1631987,'Jermaine Kearse','Jermaine','Kearse',12,0,60,3),(1631997,'Chris Polk','Chris','Polk',12,0,59,3),(1632083,'Blair Walsh','Blair','Walsh',5,0,62,3),(1632091,'Randall Cobb','Randall','Cobb',4,0,60,3),(1632222,'Michael Williams','Michael','Williams',9,0,61,3),(1632223,'Joe Adams','Joe','Adams',4,0,60,3),(1632227,'Greg Childs','Greg','Childs',5,0,60,3),(1632236,'Chris Gragg','Chris','Gragg',12,0,61,3),(1632241,'Ryan Mallett','Ryan','Mallett',10,0,58,3),(1632251,'Tyler Wilson','Tyler','Wilson',7,0,58,3),(1632252,'Jarius Wright','Jarius','Wright',5,0,60,3),(1632255,'Darvin Adams','Darvin','Adams',4,0,60,3),(1632292,'Dennis Johnson','Dennis','Johnson',10,0,59,3),(1632301,'Brandon Bolden','Brandon','Bolden',10,0,59,3),(1632384,'Terrance Williams','Terrance','Williams',11,0,60,3),(1632385,'Kendall Wright','Kendall','Wright',8,0,60,3),(1632462,'Zach Line','Zach','Line',5,0,59,3),(1632503,'Randy Bullock','Randy','Bullock',8,0,62,3),(1632787,'David Reed','David','Reed',8,0,60,3),(1632973,'Cameron Graham','Cameron','Graham',11,0,61,3),(1633106,'Joseph Fauria','Joseph','Fauria',9,0,61,3),(1633109,'Michael Floyd','Michael','Floyd',9,0,60,3),(1633112,'Jonas Gray','Jonas','Gray',6,0,59,3),(1633122,'Kyle Rudolph','Kyle','Rudolph',5,0,61,3),(1633188,'Willie Carter','Willie','Carter',0,0,59,3),(1633497,'Marc Mariani','Marc','Mariani',8,0,60,3),(1634499,'David Nelson','David','Nelson',10,0,60,3),(1636732,'Jordan Todman','Jordan','Todman',9,0,59,3),(1637004,'Latavius Murray','Latavius','Murray',7,0,59,3),(1661887,'Johnny Knox','Johnny','Knox',8,0,60,3),(1662348,'Joique Bell','Joique','Bell',9,0,59,3),(1664140,'Matt Barkley','Matt','Barkley',12,0,58,3),(1664151,'Dustin Hopkins','Dustin','Hopkins',12,0,62,3),(1664188,'David Wilson','David','Wilson',9,0,59,3),(1664257,'Aaron Murray','Aaron','Murray',0,0,58,3),(1664304,'Tommy Bohanon','Tommy','Bohanon',10,0,59,3),(1664400,'T.J. Moe','T.J.','Moe',10,0,60,3),(1664646,'Mohamed Sanu','Mohamed','Sanu',12,0,60,3),(1664705,'Knile Davis','Knile','Davis',10,0,59,3),(1664753,'Dion Lewis','Dion','Lewis',10,0,59,3),(1664777,'Brock Osweiler','Brock','Osweiler',9,0,58,3),(1664780,'Mike James','Mike','James',5,0,59,3),(1664860,'Stedman Bailey','Stedman','Bailey',11,0,60,3),(1664982,'Zac Stacy','Zac','Stacy',11,0,59,3),(1665158,'Matthew Tucker','Matthew','Tucker',12,0,59,3),(1667326,'Dominique Curry','Dominique','Curry',4,0,60,3),(1672655,'EJ Manuel','EJ','Manuel',12,0,58,3),(1672692,'Erik Highsmith','Erik','Highsmith',5,0,60,3),(1672870,'A.J. Jenkins','A.J.','Jenkins',10,0,60,3),(1672907,'Zach Boren','Zach','Boren',8,0,59,3),(1673207,'A.J. Green','A.J.','Green',12,0,60,3),(1673231,'Tori Gurley','Tori','Gurley',10,0,60,3),(1673297,'Onterio McCalebb','Onterio','McCalebb',12,0,59,3),(1673357,'Vance McDonald','Vance','McDonald',9,0,61,3),(1673383,'Josh Boyce','Josh','Boyce',10,0,60,3),(1673545,'Shaky Smithson','Shaky','Smithson',4,0,60,3),(1673733,'T.Y. Hilton','T.Y.','Hilton',8,0,60,3),(1674113,'Aaron Brown','Aaron','Brown',12,0,59,3),(1674116,'Julian Edelman','Julian','Edelman',10,0,60,3),(1674135,'Zach Miller','Zach','Miller',5,0,61,3),(1674136,'Brandon Myers','Brandon','Myers',9,0,61,3),(1674140,'Jake O\'Connell','Jake','O\'Connell',9,0,61,3),(1674146,'Bernard Scott','Bernard','Scott',12,0,59,3),(1674147,'LaRod Stephens-Howling','LaRod','Stephens-Howling',5,0,59,3),(1674148,'Ryan Succop','Ryan','Succop',10,0,62,3),(1674149,'Frank Summers','Frank','Summers',12,0,59,3),(1674153,'Eddie Williams','Eddie','Williams',10,0,59,3),(1674462,'Nick Miller','Nick','Miller',12,0,60,3),(1674985,'Kevin Brock','Kevin','Brock',10,0,61,3),(1675020,'Brit Miller','Brit','Miller',11,0,59,3),(1675028,'Chris Pressley','Chris','Pressley',12,0,59,3),(1675037,'Will Ta\'ufo\'ou','Will','Ta\'ufo\'ou',9,0,59,3),(1675111,'Brock Bolen','Brock','Bolen',10,0,59,3),(1675114,'Curtis Brinkley','Curtis','Brinkley',8,0,59,3),(1675122,'Colin Cloherty','Colin','Cloherty',6,0,61,3),(1675126,'Britt Davis','Britt','Davis',10,0,60,3),(1675145,'Tyler Grisham','Tyler','Grisham',9,0,60,3),(1675176,'Charly Martin','Charly','Martin',9,0,60,3),(1675185,'Devin Moore','Devin','Moore',9,0,59,3),(1675207,'Isaac Redman','Isaac','Redman',5,0,59,3),(1675229,'Josh Vaughan','Josh','Vaughan',6,0,59,3),(1675238,'Pat Williams','Pat','Williams',8,0,60,3),(1675610,'Ryan Purvis','Ryan','Purvis',9,0,61,3),(1675660,'Herb Donaldson','Herb','Donaldson',8,0,59,3),(1675666,'Darrel Young','Darrel','Young',5,0,59,3),(1675742,'Antone Smith','Antone','Smith',6,0,59,3),(1675830,'Tom Crabtree','Tom','Crabtree',5,0,61,3),(1675843,'Eron Riley','Eron','Riley',10,0,60,3),(1675850,'Isaiah Williams','Isaiah','Williams',7,0,60,3),(1678495,'Ed Gant','Ed','Gant',5,0,60,3),(1679651,'Stephen Hill','Stephen','Hill',10,0,60,3),(1679724,'Anthony Cantele','Anthony','Cantele',0,0,62,3),(1679734,'Braden Wilson','Braden','Wilson',10,0,59,3),(1679738,'Rex Burkhead','Rex','Burkhead',12,0,59,3),(1679885,'Taimi Tutogi','Taimi','Tutogi',0,0,59,3),(1679913,'Isi Sofele','Isi','Sofele',0,0,59,3),(1679942,'Markus Wheaton','Markus','Wheaton',5,0,60,3),(1679964,'Michael Ford','Michael','Ford',8,0,59,3),(1679976,'Rueben Randle','Rueben','Randle',9,0,60,3),(1681620,'Ricardo Lockette','Ricardo','Lockette',9,0,60,3),(1682065,'Conner Vernon','Conner','Vernon',7,0,60,3),(1682104,'Alec Lemon','Alec','Lemon',8,0,60,3),(1682127,'Nick Kasa','Nick','Kasa',7,0,61,3),(1682170,'Montee Ball','Montee','Ball',9,0,59,3),(1682469,'Taiwan Jones','Taiwan','Jones',7,0,59,3),(1682472,'Brandon Kaufman','Brandon','Kaufman',12,0,60,3),(1682492,'Nathan Overbay','Nathan','Overbay',5,0,61,3),(1682591,'Tim Toone','Tim','Toone',7,0,60,3),(1682856,'Ryan Mahaffey','Ryan','Mahaffey',6,0,59,3),(1682906,'Clay Harbor','Clay','Harbor',9,0,61,3),(1683110,'Bryan Walters','Bryan','Walters',12,0,60,3),(1683145,'Kyle Juszczyk','Kyle','Juszczyk',8,0,59,3),(1683844,'Ryan Spadola','Ryan','Spadola',10,0,60,3),(1683956,'Brandyn Harvey','Brandyn','Harvey',11,0,60,3),(1684073,'Victor Cruz','Victor','Cruz',9,0,60,3),(1684091,'Jeremy Horne','Jeremy','Horne',9,0,60,3),(1684461,'Josh Jarboe','Josh','Jarboe',0,0,60,3),(1684563,'Donald Jones','Donald','Jones',10,0,60,3),(1685895,'Tracy Moore','Tracy','Moore',0,0,60,3),(1685963,'Zach Ertz','Zach','Ertz',12,0,61,3),(1685988,'Stepfan Taylor','Stepfan','Taylor',9,0,59,3),(1685990,'Levine Toilolo','Levine','Toilolo',6,0,61,3),(1686001,'Justice Cunningham','Justice','Cunningham',8,0,61,3),(1686006,'Alshon Jeffery','Alshon','Jeffery',8,0,60,3),(1686044,'Terrance Ganaway','Terrance','Ganaway',11,0,59,3),(1686045,'Josh Gordon','Josh','Gordon',10,0,60,3),(1686185,'Deji Karim','Deji','Karim',8,0,59,3),(1686306,'Bobby Sewall','Bobby','Sewall',5,0,60,3),(1686971,'John Skelton','John','Skelton',9,0,58,3),(1687371,'Armanti Edwards','Armanti','Edwards',4,0,60,3),(1687422,'Brian Quick','Brian','Quick',11,0,60,3),(1687529,'Andre Roberts','Andre','Roberts',9,0,60,3),(1688198,'Pat Devlin','Pat','Devlin',6,0,58,3),(1689664,'Dan Bailey','Dan','Bailey',11,0,62,3),(1691166,'Jimmy Graham','Jimmy','Graham',7,0,61,3),(1691169,'Lamar Miller','Lamar','Miller',6,0,59,3),(1691251,'Keenan Davis','Keenan','Davis',6,0,60,3),(1691322,'Kerwynn Williams','Kerwynn','Williams',8,0,59,3),(1691361,'Cameron Marshall','Cameron','Marshall',6,0,59,3),(1691363,'Jamal Miles','Jamal','Miles',9,0,60,3),(1691404,'Mike Gillislee','Mike','Gillislee',6,0,59,3),(1691412,'Jordan Reed','Jordan','Reed',5,0,61,3),(1691422,'Eddie Lacy','Eddie','Lacy',4,0,59,3),(1691430,'Trent Richardson','Trent','Richardson',8,0,59,3),(1691443,'Emory Blake','Emory','Blake',11,0,60,3),(1691458,'Philip Lutzenkirchen','Philip','Lutzenkirchen',11,0,61,3),(1691489,'Marquise Goodwin','Marquise','Goodwin',12,0,60,3),(1691536,'Alex Green','Alex','Green',10,0,59,3),(1691546,'Gavin Escobar','Gavin','Escobar',11,0,61,3),(1691608,'Tyler Eifert','Tyler','Eifert',12,0,61,3),(1691614,'Theo Riddick','Theo','Riddick',9,0,59,3),(1692064,'Mike Caussin','Mike','Caussin',12,0,61,3),(1692413,'Aaron Mellette','Aaron','Mellette',8,0,60,3),(1693202,'R.J. Archer','R.J.','Archer',9,0,58,3),(1693867,'Joe Morgan','Joe','Morgan',7,0,60,3),(1695497,'Clyde Gates','Clyde','Gates',10,0,60,3),(1695553,'Lanear Sampson','Lanear','Sampson',8,0,60,3),(1696988,'Lonnie Pryor','Lonnie','Pryor',9,0,59,3),(1696992,'Rodney Smith','Rodney','Smith',5,0,60,3),(1697297,'Cierre Wood','Cierre','Wood',8,0,59,3),(1700252,'Ray Graham','Ray','Graham',8,0,59,3),(1700274,'Mark Harrison','Mark','Harrison',10,0,60,3),(1700338,'Tavon Austin','Tavon','Austin',11,0,60,3),(1700358,'Geno Smith','Geno','Smith',10,0,58,3),(1700403,'Daniel Thomas','Daniel','Thomas',6,0,59,3),(1700475,'Denard Robinson','Denard','Robinson',9,0,59,3),(1700485,'Edwin Baker','Edwin','Baker',8,0,59,3),(1700507,'Dion Sims','Dion','Sims',6,0,61,3),(1700552,'Stefphon Jefferson','Stefphon','Jefferson',8,0,59,3),(1700701,'Marlon Brown','Marlon','Brown',8,0,60,3),(1700779,'Cobi Hamilton','Cobi','Hamilton',12,0,60,3),(1700840,'Chad Bumphis','Chad','Bumphis',6,0,60,3),(1700901,'Kyle Padron','Kyle','Padron',7,0,58,3),(1700931,'Christine Michael','Christine','Michael',12,0,59,3),(1700934,'Uzoma Nwachukwu','Uzoma','Nwachukwu',8,0,60,3),(1700943,'Ryan Swope','Ryan','Swope',9,0,60,3),(1700986,'Robbie Rouse','Robbie','Rouse',10,0,59,3),(1701008,'Ronnie Hillman','Ronnie','Hillman',9,0,59,3),(1701513,'Aaron Dobson','Aaron','Dobson',10,0,60,3),(1701956,'Alan Bonner','Alan','Bonner',8,0,60,3),(1702983,'Fendi Onobun','Fendi','Onobun',8,0,61,3),(1702985,'Tristan Davis','Tristan','Davis',5,0,59,3),(1704810,'Javone Lawson','Javone','Lawson',9,0,60,3),(1705702,'Trabis Ward','Trabis','Ward',0,0,59,3),(1707248,'Manase Tonga','Manase','Tonga',7,0,59,3),(1707280,'Eric Page','Eric','Page',5,0,60,3),(1707317,'Julius Pruitt','Julius','Pruitt',6,0,60,3),(1707633,'Orson Charles','Orson','Charles',12,0,59,3),(1707637,'Chris Givens','Chris','Givens',11,0,60,3),(1713803,'Bernard Pierce','Bernard','Pierce',8,0,59,3),(1716248,'Andy Tanner','Andy','Tanner',7,0,60,3),(1724406,'Stephen Burton','Stephen','Burton',9,0,60,3),(1724424,'Andre Holmes','Andre','Holmes',7,0,60,3),(1724614,'Michael Egnew','Michael','Egnew',6,0,61,3),(1725130,'Travis Kelce','Travis','Kelce',10,0,61,3),(1727391,'Jamie McCoy','Jamie','McCoy',5,0,59,3),(1737078,'DeAndre Hopkins','DeAndre','Hopkins',8,0,60,3),(1737096,'Keenan Allen','Keenan','Allen',8,0,60,3),(1737109,'Spencer Ware','Spencer','Ware',12,0,59,3),(1737120,'Marcus Lattimore','Marcus','Lattimore',9,0,59,3),(1737204,'Da\'Rick Rogers','Da\'Rick','Rogers',8,0,60,3),(1737248,'Giovani Bernard','Giovani','Bernard',12,0,59,3),(1737295,'Kenny Stills','Kenny','Stills',7,0,60,3),(1737463,'Justin Hunter','Justin','Hunter',8,0,60,3),(1737645,'Joseph Randle','Joseph','Randle',11,0,59,3),(1737685,'Tyler Bray','Tyler','Bray',10,0,58,3),(1737695,'Ace Sanders','Ace','Sanders',9,0,60,3),(1737753,'Jawan Jamison','Jawan','Jamison',5,0,59,3),(1740196,'Chad Hall','Chad','Hall',10,0,60,3),(1749007,'Johnathan Haggerty','Johnathan','Haggerty',10,0,60,3),(1751258,'Vick Ballard','Vick','Ballard',8,0,59,3),(1751828,'Le\'Veon Bell','Le\'Veon','Bell',5,0,59,3),(1752728,'Kenbrell Thompkins','Kenbrell','Thompkins',10,0,60,3),(1754280,'Robert Woods','Robert','Woods',12,0,60,3),(1755056,'Julius Thomas','Julius','Thomas',9,0,61,3),(1755077,'Raymond Radway','Raymond','Radway',11,0,60,3),(1762057,'Emil Igwenagu','Emil','Igwenagu',12,0,59,3),(1762335,'Rishard Matthews','Rishard','Matthews',6,0,60,3),(1763065,'Corey Fuller','Corey','Fuller',9,0,60,3),(1765998,'Marquess Wilson','Marquess','Wilson',8,0,60,3),(1768610,'Tim Benford','Tim','Benford',11,0,60,3),(1770388,'Derek Dimke','Derek','Dimke',5,0,62,3),(1779117,'Colby Cameron','Colby','Cameron',4,0,58,3),(1781543,'Evan Rodriguez','Evan','Rodriguez',6,0,59,3),(1782643,'Brad Sorensen','Brad','Sorensen',8,0,58,3),(1786771,'James Develin','James','Develin',10,0,59,3),(1786772,'Rod Windsor','Rod','Windsor',10,0,60,3),(1789457,'Tyler Clutts','Tyler','Clutts',6,0,59,3),(1803772,'Emmanuel Arceneaux','Emmanuel','Arceneaux',10,0,60,3),(1803774,'Andrew Hawkins','Andrew','Hawkins',12,0,60,3),(1803776,'Ryan Perrilloux','Ryan','Perrilloux',9,0,58,3),(1823343,'Kris Durham','Kris','Durham',9,0,60,3),(1823355,'Alex Henery','Alex','Henery',12,0,62,3),(1823779,'David Ausberry','David','Ausberry',7,0,61,3),(1823780,'Mikail Baker','Mikail','Baker',10,0,60,3),(1823781,'Shane Bannon','Shane','Bannon',10,0,59,3),(1823782,'Baron Batch','Baron','Batch',5,0,59,3),(1823814,'Richard Gordon','Richard','Gordon',5,0,61,3),(1823854,'Scotty McKnight','Scotty','McKnight',10,0,60,3),(1823890,'Cecil Shorts','Cecil','Shorts',9,0,60,3),(1823899,'Ryan Taylor','Ryan','Taylor',4,0,61,3),(1823918,'T.J. Yates','T.J.','Yates',8,0,58,3),(1824467,'Quinton Patton','Quinton','Patton',9,0,60,3),(1825413,'Darius Johnson','Darius','Johnson',6,0,60,3),(1853170,'D\'Andre Goodwin','D\'Andre','Goodwin',9,0,60,3),(1853176,'Austin Sylvester','Austin','Sylvester',9,0,59,3),(1853223,'Raymond Webber','Raymond','Webber',10,0,60,3),(1853326,'Drew Davis','Drew','Davis',6,0,60,3),(1853419,'LaQuan Williams','LaQuan','Williams',8,0,60,3),(1853529,'Josh Baker','Josh','Baker',10,0,61,3),(1853531,'Dan DePalma','Dan','DePalma',8,0,60,3),(1853727,'Kamar Aiken','Kamar','Aiken',10,0,60,3),(1853740,'Joshua Nesbitt','Joshua','Nesbitt',12,0,58,3),(1853789,'Tommy Gallarda','Tommy','Gallarda',6,0,61,3),(1854192,'Dorson Boyce','Dorson','Boyce',5,0,59,3),(1854263,'Michael Preston','Michael','Preston',8,0,60,3),(1854528,'Colin Cochart','Colin','Cochart',11,0,61,3),(1854533,'John Griffin','John','Griffin',10,0,59,3),(1854546,'Diondre Borel','Diondre','Borel',8,0,60,3),(1856491,'William Powell','William','Powell',12,0,59,3),(1857139,'Armond Smith','Armond','Smith',4,0,59,3),(1864646,'Kevin Cone','Kevin','Cone',6,0,60,3),(1867816,'Richard Medlin','Richard','Medlin',6,0,59,3),(1867912,'Chase Reynolds','Chase','Reynolds',11,0,59,3),(1876715,'Collin Franklin','Collin','Franklin',5,0,61,3),(1880820,'C.J. Anderson','C.J.','Anderson',9,0,59,3),(1891800,'Patrick DiMarco','Patrick','DiMarco',6,0,59,3),(1891852,'Greg Smith','Greg','Smith',4,0,61,3),(1891854,'Kris Adams','Kris','Adams',9,0,60,3),(1891855,'Kyle Adams','Kyle','Adams',8,0,61,3),(1891856,'Robert Hughes','Robert','Hughes',8,0,59,3),(1891868,'Phillip Tanner','Phillip','Tanner',11,0,59,3),(1891873,'Marcus Harris','Marcus','Harris',9,0,60,3),(1891877,'David Gilreath','David','Gilreath',5,0,60,3),(1891880,'Kyle Miller','Kyle','Miller',6,0,61,3),(1891881,'Richard Murphy','Richard','Murphy',9,0,59,3),(1891884,'DeMarco Cosby','DeMarco','Cosby',8,0,61,3),(1891886,'Eddie McGee','Eddie','McGee',7,0,60,3),(1891890,'Jeremy Ross','Jeremy','Ross',9,0,60,3),(1891892,'Will Yeatman','Will','Yeatman',6,0,61,3),(1891894,'Jarred Fayson','Jarred','Fayson',7,0,60,3),(1891895,'Mike Higgins','Mike','Higgins',7,0,61,3),(1891898,'Chris Hopkins','Chris','Hopkins',9,0,61,3),(1891902,'Martell Webb','Martell','Webb',8,0,61,3),(1891905,'Steve Skelton','Steve','Skelton',9,0,61,3),(1891910,'Vidal Hazelton','Vidal','Hazelton',10,0,60,3),(1891913,'Brad Taylor','Brad','Taylor',8,0,61,3),(1891914,'Tyler Beiler','Tyler','Beiler',5,0,60,3),(1891915,'McLeod Bethel-Thompson','McLeod','Bethel-Thompson',9,0,58,3),(1891916,'Joe Hastings','Joe','Hastings',6,0,60,3),(1891917,'Chris Hogan','Chris','Hogan',12,0,60,3),(1891922,'Mossis Madu','Mossis','Madu',10,0,59,3),(1904814,'Tyrone Goard','Tyrone','Goard',12,0,60,3),(1963570,'Royce Adams','Royce','Adams',10,0,60,3),(1963572,'Will Johnson','Will','Johnson',5,0,59,3),(1964992,'Hayden Smith','Hayden','Smith',10,0,61,3),(1971880,'Adrien Robinson','Adrien','Robinson',9,0,61,3),(1971885,'Taylor Thompson','Taylor','Thompson',8,0,61,3),(1971893,'Greg Zuerlein','Greg','Zuerlein',11,0,62,3),(1971903,'John Potter','John','Potter',5,0,62,3),(1971906,'Brad Smelley','Brad','Smelley',10,0,61,3),(1971912,'Daryl Richardson','Daryl','Richardson',11,0,59,3),(1971913,'Jeremy Ebert','Jeremy','Ebert',9,0,60,3),(1971914,'Bryce Brown','Bryce','Brown',12,0,59,3),(1971915,'Toney Clemons','Toney','Clemons',9,0,60,3),(1971917,'Michael Smith','Michael','Smith',5,0,59,3),(1974165,'LaMark Brown','LaMark','Brown',5,0,61,3),(1974167,'Dominique Davis','Dominique','Davis',6,0,58,3),(1974174,'Marcus Jackson','Marcus','Jackson',6,0,60,3),(1974178,'Adam Nissley','Adam','Nissley',6,0,61,3),(1974192,'Michael Calvin','Michael','Calvin',8,0,60,3),(1974193,'Collin Mooney','Collin','Mooney',8,0,59,3),(1975891,'Garrett Celek','Garrett','Celek',9,0,61,3),(1975893,'Nathan Palmer','Nathan','Palmer',8,0,60,3),(1975894,'Giorgio Tavecchio','Giorgio','Tavecchio',4,0,62,3),(1975896,'Antwon Bailey','Antwon','Bailey',5,0,59,3),(1975903,'Anthony Miller','Anthony','Miller',6,0,61,3),(1975912,'Justin Hilton','Justin','Hilton',8,0,60,3),(1975916,'Taveon Rogers','Taveon','Rogers',12,0,60,3),(1975942,'Brandon Barden','Brandon','Barden',8,0,61,3),(1975956,'Lance Lewis','Lance','Lewis',5,0,60,3),(1975962,'Dale Moss','Dale','Moss',4,0,60,3),(1975965,'Phillip Supernaw','Phillip','Supernaw',8,0,61,3),(1975981,'Brian Tyms','Brian','Tyms',10,0,60,3),(1976202,'Bert Reed','Bert','Reed',5,0,60,3),(1977070,'Joe Banyard','Joe','Banyard',5,0,59,3),(1977075,'Kevin Elliott','Kevin','Elliott',12,0,60,3),(1977080,'Nelson Rosario','Nelson','Rosario',4,0,60,3),(1977084,'Matt Veldman','Matt','Veldman',9,0,61,3),(1977089,'Nick Stephens','Nick','Stephens',11,0,58,3),(1977100,'Tyler Shoemaker','Tyler','Shoemaker',10,0,60,3),(1977109,'Derrick Coleman','Derrick','Coleman',12,0,59,3),(1977121,'Derek Carrier','Derek','Carrier',12,0,61,3),(1977122,'Brandon Carswell','Brandon','Carswell',9,0,60,3),(1977127,'Thomas Mayo','Thomas','Mayo',10,0,60,3),(1977128,'Rod Streater','Rod','Streater',7,0,60,3),(1977129,'G.J. Kinne','G.J.','Kinne',12,0,58,3),(1977145,'Cole Beasley','Cole','Beasley',11,0,60,3),(1977146,'George Bryan','George','Bryan',11,0,61,3),(1977147,'Lance Dunbar','Lance','Dunbar',11,0,59,3),(1977149,'Saalim Hakim','Saalim','Hakim',7,0,60,3),(1977152,'Donavon Kemp','Donavon','Kemp',12,0,60,3),(1977156,'Andrew Szczerba','Andrew','Szczerba',6,0,61,3),(1977161,'Marcus Rivers','Marcus','Rivers',8,0,60,3),(1977170,'Dominique Jones','Dominique','Jones',8,0,61,3),(1977172,'Jabin Sambrano','Jabin','Sambrano',8,0,60,3),(1977174,'Griff Whalen','Griff','Whalen',8,0,60,3),(1977776,'Lavasier Tuinei','Lavasier','Tuinei',10,0,60,3),(1977790,'Nick Johnson','Nick','Johnson',11,0,60,3),(1977791,'Jake Byrne','Jake','Byrne',8,0,61,3),(1977794,'Chris Givens','Chris','Givens',7,0,60,3),(1977796,'Kevin Hardy','Kevin','Hardy',9,0,60,3),(1977800,'Royce Pollard','Royce','Pollard',10,0,60,3),(1977801,'Matt Simms','Matt','Simms',10,0,58,3),(1977813,'Danny Noble','Danny','Noble',5,0,61,3),(1978056,'Mike Brown','Mike','Brown',9,0,60,3),(1978283,'Travaris Cadet','Travaris','Cadet',7,0,59,3),(1978519,'Brad Herman','Brad','Herman',10,0,61,3),(1978524,'Jamie Childers','Jamie','Childers',9,0,61,3),(1978529,'Troy Burrell','Troy','Burrell',9,0,60,3),(1978531,'Alex Gottlieb','Alex','Gottlieb',9,0,61,3),(1978532,'Stephfon Green','Stephfon','Green',9,0,59,3),(1978539,'Austin Wells','Austin','Wells',9,0,61,3),(1979352,'Brenton Bersin','Brenton','Bersin',4,0,60,3),(1979355,'Jared Green','Jared','Green',11,0,60,3),(1979362,'Alvester Alexander','Alvester','Alexander',5,0,59,3),(1979367,'Terriun Crump','Terriun','Crump',5,0,60,3),(1979368,'Brittan Golden','Brittan','Golden',9,0,60,3),(1979370,'Chris Summers','Chris','Summers',5,0,60,3),(1979372,'Josh Bellamy','Josh','Bellamy',10,0,60,3),(1979373,'Tim Biere','Tim','Biere',6,0,61,3),(1979375,'Nate Eachus','Nate','Eachus',10,0,59,3),(1979385,'Matt Szymanski','Matt','Szymanski',10,0,62,3),(1979387,'Stanley Arukwe','Stanley','Arukwe',10,0,60,3),(1979389,'LaRon Byrd','LaRon','Byrd',9,0,60,3),(1979402,'Phil Bates','Phil','Bates',12,0,60,3),(1979404,'Sean McGrath','Sean','McGrath',10,0,61,3),(1979412,'Devin Goda','Devin','Goda',6,0,60,3),(1979420,'Bobby Rainey','Bobby','Rainey',5,0,59,3),(1979421,'Deonte Thompson','Deonte','Thompson',8,0,60,3),(1979424,'David Douglas','David','Douglas',5,0,60,3),(1979426,'Joe Martinek','Joe','Martinek',9,0,59,3),(1979429,'Julian Talley','Julian','Talley',9,0,60,3),(1979669,'Chase Ford','Chase','Ford',5,0,61,3),(1979671,'Damaris Johnson','Damaris','Johnson',12,0,60,3),(1979673,'Jeremy Stewart','Jeremy','Stewart',7,0,59,3),(1979677,'Jared Crank','Jared','Crank',9,0,59,3),(1979694,'Kenny Stafford','Kenny','Stafford',6,0,60,3),(1979703,'Mike Willie','Mike','Willie',8,0,60,3),(1979707,'Brandon Collins','Brandon','Collins',9,0,60,3),(1979709,'Joe Anderson','Joe','Anderson',8,0,60,3),(1979710,'Matt Blanchard','Matt','Blanchard',8,0,58,3),(1979715,'Jourdan Brooks','Jourdan','Brooks',12,0,59,3),(1979720,'Jamize Olawale','Jamize','Olawale',7,0,59,3),(1979727,'Logan Brock','Logan','Brock',4,0,61,3),(1979730,'Jonathan Grimes','Jonathan','Grimes',9,0,59,3),(1979743,'Eddy Carmona','Eddy','Carmona',7,0,62,3),(1979747,'Tray Session','Tray','Session',7,0,60,3),(1979980,'Cooper Helfet','Cooper','Helfet',12,0,61,3),(1980429,'Danny Hrapmann','Danny','Hrapmann',5,0,62,3),(1985374,'Justin Tucker','Justin','Tucker',8,0,62,3),(1985606,'Brandon Bostick','Brandon','Bostick',4,0,61,3),(1987614,'Jorvorskie Lane','Jorvorskie','Lane',6,0,59,3),(1987619,'Alex Tanney','Alex','Tanney',11,0,58,3),(1988991,'Lamont Bryant','Lamont','Bryant',4,0,60,3),(1995451,'Larry Donnell','Larry','Donnell',9,0,61,3),(1996183,'Cordarrelle Patterson','Cordarrelle','Patterson',5,0,60,3),(1996707,'Marques Clark','Marques','Clark',7,0,60,3),(1999809,'Zach Brown','Zach','Brown',12,0,59,3),(2001094,'Joe Collins','Joe','Collins',10,0,60,3),(2005434,'Joe Sawyer','Joe','Sawyer',12,0,61,3),(2007608,'Jeff Demps','Jeff','Demps',5,0,59,3),(2041264,'Jack Doyle','Jack','Doyle',8,0,61,3),(2042321,'Jeremy Kelley','Jeremy','Kelley',8,0,60,3),(2042442,'Steve Watson','Steve','Watson',8,0,61,3),(2042924,'James Shaw','James','Shaw',4,0,60,3),(2053375,'Ifeanyi Momah','Ifeanyi','Momah',12,0,60,3),(2053495,'Brandon Bogotay','Brandon','Bogotay',10,0,62,3),(2053740,'Darren Fells','Darren','Fells',12,0,61,3),(2054732,'Havard Rugland','Havard','Rugland',9,0,62,3),(2055482,'Sederrik Cunningham','Sederrik','Cunningham',4,0,60,3),(2055484,'Dallas Walker','Dallas','Walker',8,0,61,3),(2056934,'Austin Signor','Austin','Signor',8,0,62,3),(2057325,'Robert Gill','Robert','Gill',9,0,60,3),(2057661,'Luke Willson','Luke','Willson',12,0,61,3),(2057693,'Charles Johnson','Charles','Johnson',10,0,60,3),(2057695,'Ryan Griffin','Ryan','Griffin',8,0,61,3),(2057699,'Brice Butler','Brice','Butler',7,0,60,3),(2057701,'Justin Brown','Justin','Brown',5,0,60,3),(2057733,'Kevin Dorsey','Kevin','Dorsey',4,0,60,3),(2057736,'B.J. Daniels','B.J.','Daniels',12,0,58,3),(2057740,'Michael Cox','Michael','Cox',9,0,59,3),(2058152,'Casey Barth','Casey','Barth',6,0,62,3),(2058154,'Devonte Campbell','Devonte','Campbell',6,0,59,3),(2058155,'Seth Doege','Seth','Doege',6,0,58,3),(2058156,'Rashad Evans','Rashad','Evans',6,0,60,3),(2058157,'Deon Goggins','Deon','Goggins',6,0,59,3),(2058161,'Martel Moore','Martel','Moore',6,0,60,3),(2058163,'Donald Russell','Donald','Russell',6,0,59,3),(2058171,'Ronnie Wingo','Ronnie','Wingo',12,0,59,3),(2058173,'Brandon Williams','Brandon','Williams',4,0,61,3),(2058177,'Brian Leonhardt','Brian','Leonhardt',7,0,61,3),(2058178,'Sam McGuffie','Sam','McGuffie',7,0,60,3),(2058181,'Deonte Williams','Deonte','Williams',7,0,59,3),(2058192,'Eric Stevens','Eric','Stevens',11,0,59,3),(2058311,'Kemonte\' Bateman','Kemonte\'','Bateman',9,0,60,3),(2058314,'Ryan Katz','Ryan','Katz',9,0,58,3),(2058315,'Quincy McDuffie','Quincy','McDuffie',9,0,60,3),(2058317,'Lucas Reed','Lucas','Reed',9,0,61,3),(2058320,'Brandon McManus','Brandon','McManus',8,0,62,3),(2058321,'Dan Moore','Dan','Moore',8,0,59,3),(2058322,'Denodus O\'Bryant','Denodus','O\'Bryant',8,0,59,3),(2058324,'Rodrick Rumble','Rodrick','Rumble',8,0,60,3),(2058325,'C.J. Akins','C.J.','Akins',11,0,60,3),(2058327,'Benny Cunningham','Benny','Cunningham',11,0,59,3),(2058340,'Garrett Hoskins','Garrett','Hoskins',10,0,61,3),(2058342,'Cordell Roberson','Cordell','Roberson',10,0,60,3),(2058344,'Travis Tannahill','Travis','Tannahill',10,0,61,3),(2058349,'Perez Ashford','Perez','Ashford',12,0,60,3),(2058351,'Jamaine Cook','Jamaine','Cook',10,0,59,3),(2058352,'Dominique Croom','Dominique','Croom',10,0,60,3),(2058353,'Mike Edwards','Mike','Edwards',10,0,60,3),(2058358,'Lamaar Thomas','Lamaar','Thomas',9,0,60,3),(2058359,'Brett Baer','Brett','Baer',11,0,62,3),(2058361,'Ryan Griffin','Ryan','Griffin',7,0,58,3),(2058363,'Chip Reeves','Chip','Reeves',5,0,60,3),(2058365,'Jason Thompson','Jason','Thompson',5,0,60,3),(2058366,'Nick Williams','Nick','Williams',5,0,60,3),(2058548,'Steven Miller','Steven','Miller',9,0,59,3),(2058555,'Skye Dawson','Skye','Dawson',5,0,60,3),(2058557,'Emmanuel Ogbuehi','Emmanuel','Ogbuehi',5,0,61,3),(2059173,'Omarius Hines','Omarius','Hines',4,0,60,3),(2059174,'Ray Holley','Ray','Holley',12,0,59,3),(2059175,'Murphy Holloway','Murphy','Holloway',8,0,61,3),(2059177,'Gerrard Sheppard','Gerrard','Sheppard',8,0,60,3),(2059178,'Nathan Stanley','Nathan','Stanley',8,0,58,3),(2059182,'Jeff Tuel','Jeff','Tuel',12,0,58,3),(2059186,'Cody Wilson','Cody','Wilson',9,0,60,3),(2059190,'Colin Anderson','Colin','Anderson',5,0,61,3),(2059195,'Cole McKenzie','Cole','McKenzie',9,0,60,3),(2059197,'Tobais Palmer','Tobais','Palmer',9,0,60,3),(2059198,'Kyler Reed','Kyler','Reed',9,0,61,3),(2059200,'Jordan Rodgers','Jordan','Rodgers',9,0,58,3),(2059206,'Nicholas Edwards','Nicholas','Edwards',9,0,60,3),(2059208,'Bradley Randle','Bradley','Randle',5,0,59,3),(2059211,'Jerodis Williams','Jerodis','Williams',5,0,59,3),(2059212,'Ben Bartholomew','Ben','Bartholomew',10,0,59,3),(2059216,'Brandon Ford','Brandon','Ford',10,0,61,3),(2059217,'Quentin Hines','Quentin','Hines',10,0,59,3),(2059223,'Zach Sudfeld','Zach','Sudfeld',10,0,61,3),(2059228,'Reggie Dunn','Reggie','Dunn',5,0,60,3),(2059235,'Curtis McNeal','Curtis','McNeal',5,0,59,3),(2059237,'J.D. Woods','J.D.','Woods',5,0,60,3),(2059238,'Alex Debniak','Alex','Debniak',9,0,59,3),(2059241,'Jerry Johnson','Jerry','Johnson',5,0,60,3),(2059242,'Evan Landi','Evan','Landi',10,0,61,3),(2059244,'D.J. Monroe','D.J.','Monroe',5,0,60,3),(2059247,'Akeem Shavers','Akeem','Shavers',10,0,59,3),(2059251,'Timothy Wright','Timothy','Wright',5,0,61,3),(2059266,'Clay Belton','Clay','Belton',6,0,58,3),(2059269,'Jasper Collins','Jasper','Collins',6,0,60,3),(2059271,'Ina Liaina','Ina','Liaina',6,0,59,3),(2059275,'Terrell Sinkfield','Terrell','Sinkfield',12,0,60,3),(2059276,'Taylor Stockemer','Taylor','Stockemer',6,0,60,3),(2059358,'Kendall Gaskins','Kendall','Gaskins',12,0,59,3),(2059359,'De\'Leon Eskridge','De\'Leon','Eskridge',9,0,59,3),(2059362,'Adam Thielen','Adam','Thielen',5,0,60,3),(2059364,'Chuck Jacobs','Chuck','Jacobs',9,0,60,3),(2059365,'Jheranie Boyd','Jheranie','Boyd',12,0,60,3),(2059367,'Chris Denton','Chris','Denton',5,0,60,3),(2059474,'Drew Smith','Drew','Smith',12,0,59,3),(2059626,'Kevin Norrell','Kevin','Norrell',12,0,60,3),(2060051,'Marcus Rucker','Marcus','Rucker',8,0,60,3),(2060054,'Trey Diller','Trey','Diller',4,0,60,3),(2060057,'Morgan Lineberry','Morgan','Lineberry',4,0,62,3),(2060060,'Josh Lenz','Josh','Lenz',8,0,60,3),(2060063,'Andy Cruse','Andy','Cruse',8,0,60,3),(2060069,'Michael Smith','Michael','Smith',8,0,60,3),(2060073,'Frankie Hammond','Frankie','Hammond',10,0,60,3),(2060074,'Demetrius Harris','Demetrius','Harris',10,0,61,3),(2060079,'Rico Richardson','Rico','Richardson',10,0,60,3),(2060081,'Shawne Alston','Shawne','Alston',7,0,59,3),(2060083,'Josh Hill','Josh','Hill',7,0,61,3),(2060087,'Keavon Milton','Keavon','Milton',10,0,61,3),(2060089,'Spencer Benton','Spencer','Benton',11,0,62,3),(2060091,'Paul Freedman','Paul','Freedman',11,0,61,3),(2060095,'Greg Herd','Greg','Herd',12,0,60,3),(2060097,'Kendial Lawrence','Kendial','Lawrence',11,0,59,3),(2060099,'Eric Rogers','Eric','Rogers',11,0,60,3),(2060101,'Dalton Williams','Dalton','Williams',11,0,58,3),(2060108,'Matt Brown','Matt','Brown',4,0,58,3),(2060111,'Angelo Pease','Angelo','Pease',4,0,59,3),(2060113,'Ryan Roberson','Ryan','Roberson',4,0,59,3),(2060115,'Myles White','Myles','White',4,0,60,3),(2060118,'Jose Carlos Maltos','Jose Carlos','Maltos',7,0,62,3),(2060139,'Jeremy Wright','Jeremy','Wright',5,0,59,3),(2060177,'Zach Rogers','Zach','Rogers',10,0,60,3),(2060178,'Mike Shanahan','Mike','Shanahan',10,0,61,3),(2060179,'K.J. Stroud','K.J.','Stroud',10,0,60,3),(2060180,'Antavious Wilson','Antavious','Wilson',10,0,60,3),(2060181,'Miguel Maysonet','Miguel','Maysonet',10,0,59,3),(2060184,'Russell Shepard','Russell','Shepard',5,0,60,3),(2060186,'Matt Austin','Matt','Austin',12,0,60,3),(2060276,'Maikon Bonani','Maikon','Bonani',8,0,62,3),(2060278,'Travis Harvey','Travis','Harvey',8,0,60,3),(2060281,'Rashad Ross','Rashad','Ross',8,0,60,3),(2060283,'Dontel Watkins','Dontel','Watkins',8,0,60,3),(2062118,'Jeremy Shelley','Jeremy','Shelley',6,0,62,3),(2062119,'Rashaad Carter','Rashaad','Carter',8,0,60,3),(2062124,'Taulib Ikharo','Taulib','Ikharo',4,0,60,3),(2062125,'R.J. Webb','R.J.','Webb',4,0,60,3),(2062126,'Demetrius Fields','Demetrius','Fields',11,0,60,3),(2062131,'Anthony Amos','Anthony','Amos',11,0,60,3),(2062132,'Jaron Brown','Jaron','Brown',9,0,60,3),(2062137,'Michael Rios','Michael','Rios',9,0,60,3),(2062139,'Tyler Shaw','Tyler','Shaw',5,0,60,3),(2062140,'Caleb TerBush','Caleb','TerBush',9,0,58,3),(2062146,'Jonathan Amosa','Jonathan','Amosa',4,0,59,3),(2062148,'Ty Walker','Ty','Walker',4,0,60,3),(2062154,'Jordan Roberts','Jordan','Roberts',10,0,59,3),(2062160,'Greg Jenkins','Greg','Jenkins',7,0,60,3),(2062164,'Brent Leonard','Brent','Leonard',7,0,60,3),(2062165,'Khiry Robinson','Khiry','Robinson',7,0,59,3),(2062170,'Will Murphy','Will','Murphy',12,0,60,3),(2062173,'Tim Jenkins','Tim','Jenkins',11,0,58,3),(2062176,'Scott Pillar','Scott','Pillar',11,0,60,3),(2062182,'Mike Hermann','Mike','Hermann',8,0,58,3),(2062183,'Michael Hill','Michael','Hill',4,0,59,3),(2062190,'David Rolf','David','Rolf',8,0,61,3),(2062191,'Luke Tasker','Luke','Tasker',8,0,60,3),(2062193,'Victor Marshall','Victor','Marshall',12,0,61,3),(2062286,'Kyle Auffray','Kyle','Auffray',9,0,61,3),(2062288,'Jason Schepler','Jason','Schepler',9,0,61,3),(2062355,'Dayne Crist','Dayne','Crist',8,0,58,3),(2062478,'Andrew Helmick','Andrew','Helmick',11,0,60,3),(2062479,'Matthew McGloin','Matthew','McGloin',7,0,58,3),(2062480,'Rupert Bryan','Rupert','Bryan',6,0,59,3),(2062481,'Morgan Newton','Morgan','Newton',9,0,61,3),(2062570,'Toben Opurum','Toben','Opurum',10,0,59,3),(2063039,'David Ruffer','David','Ruffer',10,0,62,3),(2063040,'Will Shaw','Will','Shaw',12,0,61,3),(2063120,'Charles Hawkins','Charles','Hawkins',9,0,60,3),(2063143,'Alex Gillett','Alex','Gillett',4,0,60,3),(2063168,'Justin Veltung','Justin','Veltung',11,0,60,3),(2063850,'Courtney Gardner','Courtney','Gardner',6,0,60,3),(2063937,'Colby Prince','Colby','Prince',11,0,61,3),(2064016,'Chase Clement','Chase','Clement',9,0,61,3),(2064017,'Matt Brown','Matt','Brown',5,0,59,3),(2064546,'Peter Tuitupou','Peter','Tuitupou',5,0,61,3),(2064706,'Arceto Clark','Arceto','Clark',12,0,60,3),(2064881,'Adam Schiltz','Adam','Schiltz',8,0,61,3),(2073393,'Quentin Sims','Quentin','Sims',10,0,60,3),(2073969,'Robby Toma','Robby','Toma',9,0,60,3),(2074425,'Adam Yates','Adam','Yates',9,0,62,3),(2074737,'Andrell Smith','Andrell','Smith',6,0,60,3),(2075828,'John Rabe','John','Rabe',5,0,61,3),(2076126,'Andrei Lintz','Andrei','Lintz',12,0,61,3),(2076904,'Justin Wilson','Justin','Wilson',4,0,60,3),(2082385,'Rahsaan Vaughn','Rahsaan','Vaughn',10,0,60,3),(2087604,'Maurice Williams','Maurice','Williams',8,0,60,3),(2090503,'Zach Ramirez','Zach','Ramirez',4,0,62,3);
/*!40000 ALTER TABLE `nfl_players` ENABLE KEYS */;
UNLOCK TABLES;

--
-- Table structure for table `nfl_players_nfl_teams`
--

DROP TABLE IF EXISTS `nfl_players_nfl_teams`;
/*!40101 SET @saved_cs_client     = @@character_set_client */;
/*!40101 SET character_set_client = utf8 */;
CREATE TABLE `nfl_players_nfl_teams` (
  `nfl_team_id` int(11) NOT NULL,
  `nfl_player_id` int(11) NOT NULL,
  `modified` datetime NOT NULL,
  PRIMARY KEY (`nfl_team_id`,`nfl_player_id`),
  KEY `fk_nfl_players_idx` (`nfl_player_id`),
  CONSTRAINT `fk_nfl_players_roster` FOREIGN KEY (`nfl_player_id`) REFERENCES `nfl_players` (`id`) ON DELETE NO ACTION ON UPDATE NO ACTION,
  CONSTRAINT `fk_nfl_teams_roster` FOREIGN KEY (`nfl_team_id`) REFERENCES `nfl_teams` (`id`) ON DELETE NO ACTION ON UPDATE NO ACTION
) ENGINE=InnoDB DEFAULT CHARSET=latin1;
/*!40101 SET character_set_client = @saved_cs_client */;

--
-- Dumping data for table `nfl_players_nfl_teams`
--

LOCK TABLES `nfl_players_nfl_teams` WRITE;
/*!40000 ALTER TABLE `nfl_players_nfl_teams` DISABLE KEYS */;
INSERT INTO `nfl_players_nfl_teams` VALUES (197,1901,'2013-10-28 04:25:19'),(197,192741,'2013-10-28 04:25:32'),(197,234829,'2013-10-28 04:25:23'),(197,235215,'2013-10-28 04:25:28'),(197,396173,'2013-10-28 04:25:37'),(197,412042,'2013-10-28 04:25:26'),(197,414586,'2013-10-28 04:25:32'),(197,421487,'2013-10-28 04:25:42'),(197,430316,'2013-10-28 04:25:20'),(197,492934,'2013-10-28 04:25:23'),(197,519785,'2013-10-28 04:25:42'),(197,520248,'2013-10-28 04:25:22'),(197,559806,'2013-10-28 04:25:22'),(197,561926,'2013-10-28 04:25:35'),(197,563214,'2013-10-28 04:25:38'),(197,565774,'2013-10-28 04:25:41'),(197,565792,'2013-10-28 04:25:43'),(197,1116614,'2013-10-28 04:25:30'),(197,1116949,'2013-10-28 04:25:41'),(197,1117597,'2013-10-28 04:25:45'),(197,1125381,'2013-10-28 04:25:29'),(197,1137306,'2013-10-28 04:25:34'),(197,1226106,'2013-10-28 04:25:14'),(197,1226334,'2013-10-28 04:25:40'),(197,1272964,'2013-10-28 04:25:43'),(197,1273908,'2013-10-28 04:25:33'),(197,1277058,'2013-10-28 04:25:31'),(197,1620826,'2013-10-28 04:25:18'),(197,1630220,'2013-10-28 04:25:23'),(197,1630493,'2013-10-28 04:25:30'),(197,1630601,'2013-10-28 04:25:45'),(197,1633109,'2013-10-28 04:25:23'),(197,1685988,'2013-10-28 04:25:43'),(197,1687529,'2013-10-28 04:25:39'),(197,1700943,'2013-10-28 04:25:42'),(197,1704810,'2013-10-28 04:25:32'),(197,1891905,'2013-10-28 04:25:41'),(197,1978531,'2013-10-28 04:25:24'),(197,1979368,'2013-10-28 04:25:24'),(197,1979389,'2013-10-28 04:25:18'),(197,1979677,'2013-10-28 04:25:21'),(197,2057325,'2013-10-28 04:25:24'),(197,2059206,'2013-10-28 04:25:22'),(197,2062132,'2013-10-28 04:25:18'),(197,2062137,'2013-10-28 04:25:39'),(197,2062140,'2013-10-28 04:25:43'),(197,2062286,'2013-10-28 04:25:12'),(197,2063120,'2013-10-28 04:25:28'),(197,2073969,'2013-10-28 04:25:43'),(198,1902,'2013-10-28 04:25:23'),(198,12400,'2013-10-28 04:25:24'),(198,146369,'2013-10-28 04:25:46'),(198,187629,'2013-10-28 04:25:38'),(198,312308,'2013-10-28 04:25:18'),(198,420095,'2013-10-28 04:25:40'),(198,421274,'2013-10-28 04:25:41'),(198,436547,'2013-10-28 04:25:22'),(198,492963,'2013-10-28 04:25:30'),(198,493097,'2013-10-28 04:25:44'),(198,501492,'2013-10-28 04:25:38'),(198,502611,'2013-10-28 04:25:20'),(198,523103,'2013-10-28 04:25:45'),(198,563628,'2013-10-28 04:25:39'),(198,565753,'2013-10-28 04:25:20'),(198,567078,'2013-10-28 04:25:34'),(198,1113490,'2013-10-28 04:25:36'),(198,1273079,'2013-10-28 04:25:39'),(198,1623794,'2013-10-28 04:25:31'),(198,1630256,'2013-10-28 04:25:39'),(198,1630530,'2013-10-28 04:25:40'),(198,1631176,'2013-10-28 04:25:23'),(198,1631866,'2013-10-28 04:25:39'),(198,1675122,'2013-10-28 04:25:20'),(198,1675229,'2013-10-28 04:25:44'),(198,1675742,'2013-10-28 04:25:41'),(198,1685990,'2013-10-28 04:25:43'),(198,1825413,'2013-10-28 04:25:30'),(198,1853326,'2013-10-28 04:25:21'),(198,1853789,'2013-10-28 04:25:23'),(198,1864646,'2013-10-28 04:25:20'),(198,1867816,'2013-10-28 04:25:34'),(198,1891800,'2013-10-28 04:25:22'),(198,1974167,'2013-10-28 04:25:21'),(198,1974174,'2013-10-28 04:25:30'),(198,1974178,'2013-10-28 04:25:36'),(198,1975903,'2013-10-28 04:25:35'),(198,1977156,'2013-10-28 04:25:42'),(198,1979373,'2013-10-28 04:25:15'),(198,1979412,'2013-10-28 04:25:24'),(198,2058152,'2013-10-28 04:25:14'),(198,2058154,'2013-10-28 04:25:19'),(198,2058155,'2013-10-28 04:25:22'),(198,2058156,'2013-10-28 04:25:23'),(198,2058157,'2013-10-28 04:25:24'),(198,2058161,'2013-10-28 04:25:35'),(198,2058163,'2013-10-28 04:25:40'),(198,2062118,'2013-10-28 04:25:40'),(199,1903,'2013-10-28 04:25:38'),(199,133424,'2013-10-28 04:25:42'),(199,396083,'2013-10-28 04:25:41'),(199,396154,'2013-10-28 04:25:20'),(199,405920,'2013-10-28 04:25:13'),(199,493666,'2013-10-28 04:25:32'),(199,523470,'2013-10-28 04:25:22'),(199,565631,'2013-10-28 04:25:22'),(199,1115066,'2013-10-28 04:25:19'),(199,1117379,'2013-10-28 04:25:22'),(199,1130517,'2013-10-28 04:25:35'),(199,1220258,'2013-10-28 04:25:31'),(199,1226300,'2013-10-28 04:25:37'),(199,1242961,'2013-10-28 04:25:41'),(199,1243206,'2013-10-28 04:25:39'),(199,1243338,'2013-10-28 04:25:43'),(199,1250697,'2013-10-28 04:25:23'),(199,1272276,'2013-10-28 04:25:15'),(199,1273811,'2013-10-28 04:25:37'),(199,1616740,'2013-10-28 04:25:26'),(199,1630295,'2013-10-28 04:25:12'),(199,1630314,'2013-10-28 04:25:23'),(199,1630465,'2013-10-28 04:25:42'),(199,1630925,'2013-10-28 04:25:22'),(199,1675238,'2013-10-28 04:25:45'),(199,1683145,'2013-10-28 04:25:31'),(199,1692413,'2013-10-28 04:25:34'),(199,1700701,'2013-10-28 04:25:18'),(199,1713803,'2013-10-28 04:25:37'),(199,1853419,'2013-10-28 04:25:45'),(199,1977161,'2013-10-28 04:25:39'),(199,1979421,'2013-10-28 04:25:43'),(199,1985374,'2013-10-28 04:25:44'),(199,2042442,'2013-10-28 04:25:45'),(199,2059175,'2013-10-28 04:25:29'),(199,2059177,'2013-10-28 04:25:41'),(199,2059178,'2013-10-28 04:25:42'),(199,2062119,'2013-10-28 04:25:19'),(199,2062355,'2013-10-28 04:25:21'),(200,1904,'2013-10-28 04:25:15'),(200,303192,'2013-10-28 04:25:34'),(200,408163,'2013-10-28 04:25:19'),(200,410711,'2013-10-28 04:25:23'),(200,414742,'2013-10-28 04:25:32'),(200,415213,'2013-10-28 04:25:32'),(200,421137,'2013-10-28 04:25:41'),(200,431544,'2013-10-28 04:25:20'),(200,435413,'2013-10-28 04:25:43'),(200,493669,'2013-10-28 04:25:34'),(200,561597,'2013-10-28 04:25:19'),(200,563773,'2013-10-28 04:25:40'),(200,1102782,'2013-10-28 04:25:30'),(200,1114348,'2013-10-28 04:25:33'),(200,1116922,'2013-10-28 04:25:31'),(200,1127382,'2013-10-28 04:25:42'),(200,1243240,'2013-10-28 04:25:38'),(200,1276441,'2013-10-28 04:25:41'),(200,1277467,'2013-10-28 04:25:22'),(200,1616704,'2013-10-28 04:25:19'),(200,1630354,'2013-10-28 04:25:24'),(200,1632236,'2013-10-28 04:25:24'),(200,1664151,'2013-10-28 04:25:29'),(200,1672655,'2013-10-28 04:25:33'),(200,1674149,'2013-10-28 04:25:42'),(200,1682472,'2013-10-28 04:25:31'),(200,1691489,'2013-10-28 04:25:24'),(200,1692064,'2013-10-28 04:25:19'),(200,1754280,'2013-10-28 04:25:46'),(200,1853740,'2013-10-28 04:25:36'),(200,1891917,'2013-10-28 04:25:29'),(200,1977075,'2013-10-28 04:25:23'),(200,1999809,'2013-10-28 04:25:18'),(200,2005434,'2013-10-28 04:25:40'),(200,2058171,'2013-10-28 04:25:46'),(200,2059182,'2013-10-28 04:25:44'),(200,2059275,'2013-10-28 04:25:41'),(200,2059358,'2013-10-28 04:25:24'),(200,2059474,'2013-10-28 04:25:41'),(200,2059626,'2013-10-28 04:25:36'),(201,1905,'2013-10-28 04:25:37'),(201,235157,'2013-10-28 04:25:41'),(201,405598,'2013-10-28 04:25:12'),(201,412870,'2013-10-28 04:25:29'),(201,423714,'2013-10-28 04:25:45'),(201,492958,'2013-10-28 04:25:28'),(201,502524,'2013-10-28 04:25:36'),(201,502737,'2013-10-28 04:25:24'),(201,556966,'2013-10-28 04:25:17'),(201,558591,'2013-10-28 04:25:32'),(201,558839,'2013-10-28 04:25:24'),(201,565654,'2013-10-28 04:25:42'),(201,1114035,'2013-10-28 04:25:24'),(201,1243697,'2013-10-28 04:25:34'),(201,1246081,'2013-10-28 04:25:20'),(201,1273186,'2013-10-28 04:25:36'),(201,1273888,'2013-10-28 04:25:37'),(201,1616727,'2013-10-28 04:25:23'),(201,1616887,'2013-10-28 04:25:43'),(201,1620562,'2013-10-28 04:25:32'),(201,1620623,'2013-10-28 04:25:38'),(201,1630331,'2013-10-28 04:25:37'),(201,1631138,'2013-10-28 04:25:46'),(201,1631827,'2013-10-28 04:25:13'),(201,1632223,'2013-10-28 04:25:11'),(201,1632255,'2013-10-28 04:25:11'),(201,1667326,'2013-10-28 04:25:21'),(201,1687371,'2013-10-28 04:25:22'),(201,1779117,'2013-10-28 04:25:19'),(201,1857139,'2013-10-28 04:25:41'),(201,1891852,'2013-10-28 04:25:41'),(201,1975962,'2013-10-28 04:25:35'),(201,1977080,'2013-10-28 04:25:40'),(201,1979352,'2013-10-28 04:25:15'),(201,1979727,'2013-10-28 04:25:17'),(201,1988991,'2013-10-28 04:25:18'),(201,2042924,'2013-10-28 04:25:40'),(201,2058173,'2013-10-28 04:25:45'),(201,2060054,'2013-10-28 04:25:22'),(201,2060057,'2013-10-28 04:25:33'),(201,2062124,'2013-10-28 04:25:29'),(201,2062125,'2013-10-28 04:25:45'),(202,1751,'2013-10-28 04:25:33'),(202,1906,'2013-10-28 04:25:14'),(202,302085,'2013-10-28 04:25:34'),(202,405738,'2013-10-28 04:25:12'),(202,406777,'2013-10-28 04:25:16'),(202,409102,'2013-10-28 04:25:21'),(202,410129,'2013-10-28 04:25:22'),(202,412717,'2013-10-28 04:25:29'),(202,418207,'2013-10-28 04:25:37'),(202,426135,'2013-10-28 04:25:33'),(202,431354,'2013-10-28 04:25:38'),(202,435367,'2013-10-28 04:25:40'),(202,436526,'2013-10-28 04:25:18'),(202,524093,'2013-10-28 04:25:23'),(202,553121,'2013-10-28 04:25:24'),(202,554742,'2013-10-28 04:25:21'),(202,559296,'2013-10-28 04:25:44'),(202,559687,'2013-10-28 04:25:23'),(202,563866,'2013-10-28 04:25:22'),(202,564954,'2013-10-28 04:25:15'),(202,565793,'2013-10-28 04:25:15'),(202,1130556,'2013-10-28 04:25:33'),(202,1221953,'2013-10-28 04:25:45'),(202,1244985,'2013-10-28 04:25:43'),(202,1246074,'2013-10-28 04:25:12'),(202,1630782,'2013-10-28 04:25:30'),(202,1661887,'2013-10-28 04:25:32'),(202,1675114,'2013-10-28 04:25:17'),(202,1679964,'2013-10-28 04:25:23'),(202,1686006,'2013-10-28 04:25:30'),(202,1702983,'2013-10-28 04:25:36'),(202,1765998,'2013-10-28 04:25:46'),(202,1891855,'2013-10-28 04:25:11'),(202,1979709,'2013-10-28 04:25:12'),(202,1979710,'2013-10-28 04:25:16'),(202,2056934,'2013-10-28 04:25:41'),(202,2060051,'2013-10-28 04:25:40'),(202,2060060,'2013-10-28 04:25:32'),(203,1907,'2013-10-28 04:25:14'),(203,396017,'2013-10-28 04:25:32'),(203,412346,'2013-10-28 04:25:27'),(203,421093,'2013-10-28 04:25:41'),(203,515634,'2013-10-28 04:25:37'),(203,552599,'2013-10-28 04:25:36'),(203,563223,'2013-10-28 04:25:43'),(203,563967,'2013-10-28 04:25:39'),(203,1123667,'2013-10-28 04:25:25'),(203,1125961,'2013-10-28 04:25:21'),(203,1243816,'2013-10-28 04:25:40'),(203,1244509,'2013-10-28 04:25:45'),(203,1325808,'2013-10-28 04:25:31'),(203,1616291,'2013-10-28 04:25:25'),(203,1630879,'2013-10-28 04:25:40'),(203,1630994,'2013-10-28 04:25:40'),(203,1631804,'2013-10-28 04:25:31'),(203,1664646,'2013-10-28 04:25:40'),(203,1673207,'2013-10-28 04:25:25'),(203,1673297,'2013-10-28 04:25:34'),(203,1674113,'2013-10-28 04:25:18'),(203,1674146,'2013-10-28 04:25:40'),(203,1675028,'2013-10-28 04:25:38'),(203,1679738,'2013-10-28 04:25:18'),(203,1691608,'2013-10-28 04:25:22'),(203,1700779,'2013-10-28 04:25:26'),(203,1707633,'2013-10-28 04:25:19'),(203,1737248,'2013-10-28 04:25:15'),(203,1803774,'2013-10-28 04:25:28'),(203,1904814,'2013-10-28 04:25:24'),(203,1975916,'2013-10-28 04:25:39'),(203,1979715,'2013-10-28 04:25:18'),(203,2059365,'2013-10-28 04:25:17'),(204,1930,'2013-10-28 04:25:18'),(204,303245,'2013-10-28 04:25:21'),(204,396170,'2013-10-28 04:25:34'),(204,407793,'2013-10-28 04:25:19'),(204,502707,'2013-10-28 04:25:25'),(204,517027,'2013-10-28 04:25:36'),(204,517243,'2013-10-28 04:25:29'),(204,517880,'2013-10-28 04:25:30'),(204,522814,'2013-10-28 04:25:14'),(204,561619,'2013-10-28 04:25:15'),(204,567373,'2013-10-28 04:25:26'),(204,1117363,'2013-10-28 04:25:42'),(204,1123426,'2013-10-28 04:25:40'),(204,1242997,'2013-10-28 04:25:33'),(204,1244459,'2013-10-28 04:25:19'),(204,1245251,'2013-10-28 04:25:45'),(204,1254446,'2013-10-28 04:25:20'),(204,1272538,'2013-10-28 04:25:45'),(204,1630448,'2013-10-28 04:25:14'),(204,1631039,'2013-10-28 04:25:24'),(204,1632292,'2013-10-28 04:25:31'),(204,1664753,'2013-10-28 04:25:33'),(204,1673231,'2013-10-28 04:25:25'),(204,1674153,'2013-10-28 04:25:45'),(204,1675111,'2013-10-28 04:25:16'),(204,1686045,'2013-10-28 04:25:24'),(204,1700986,'2013-10-28 04:25:40'),(204,1786772,'2013-10-28 04:25:46'),(204,1971906,'2013-10-28 04:25:41'),(204,1975981,'2013-10-28 04:25:44'),(204,2053495,'2013-10-28 04:25:16'),(204,2057693,'2013-10-28 04:25:30'),(204,2058340,'2013-10-28 04:25:29'),(204,2058342,'2013-10-28 04:25:39'),(204,2058344,'2013-10-28 04:25:43'),(204,2058351,'2013-10-28 04:25:20'),(204,2058352,'2013-10-28 04:25:21'),(204,2058353,'2013-10-28 04:25:22'),(204,2060087,'2013-10-28 04:25:35'),(204,2060181,'2013-10-28 04:25:34'),(205,1908,'2013-10-28 04:25:20'),(205,133236,'2013-10-28 04:25:18'),(205,396134,'2013-10-28 04:25:46'),(205,396886,'2013-10-28 04:25:40'),(205,418071,'2013-10-28 04:25:36'),(205,422864,'2013-10-28 04:25:44'),(205,516948,'2013-10-28 04:25:19'),(205,1114610,'2013-10-28 04:25:12'),(205,1117478,'2013-10-28 04:25:41'),(205,1123691,'2013-10-28 04:25:36'),(205,1243307,'2013-10-28 04:25:20'),(205,1245905,'2013-10-28 04:25:27'),(205,1248564,'2013-10-28 04:25:45'),(205,1272524,'2013-10-28 04:25:18'),(205,1619913,'2013-10-28 04:25:26'),(205,1626550,'2013-10-28 04:25:12'),(205,1630817,'2013-10-28 04:25:33'),(205,1632384,'2013-10-28 04:25:45'),(205,1689664,'2013-10-28 04:25:13'),(205,1691546,'2013-10-28 04:25:23'),(205,1737645,'2013-10-28 04:25:38'),(205,1768610,'2013-10-28 04:25:14'),(205,1854528,'2013-10-28 04:25:20'),(205,1891868,'2013-10-28 04:25:43'),(205,1977089,'2013-10-28 04:25:42'),(205,1977145,'2013-10-28 04:25:14'),(205,1977146,'2013-10-28 04:25:18'),(205,1977147,'2013-10-28 04:25:22'),(205,1979355,'2013-10-28 04:25:25'),(205,1987619,'2013-10-28 04:25:43'),(205,2060089,'2013-10-28 04:25:15'),(205,2060091,'2013-10-28 04:25:23'),(205,2060097,'2013-10-28 04:25:32'),(205,2060099,'2013-10-28 04:25:39'),(205,2060101,'2013-10-28 04:25:45'),(205,2062131,'2013-10-28 04:25:12'),(206,1909,'2013-10-28 04:25:18'),(206,12531,'2013-10-28 04:25:33'),(206,407741,'2013-10-28 04:25:18'),(206,409876,'2013-10-28 04:25:22'),(206,421946,'2013-10-28 04:25:42'),(206,493735,'2013-10-28 04:25:45'),(206,502391,'2013-10-28 04:25:29'),(206,518132,'2013-10-28 04:25:29'),(206,558554,'2013-10-28 04:25:29'),(206,565639,'2013-10-28 04:25:31'),(206,582146,'2013-10-28 04:25:36'),(206,584290,'2013-10-28 04:25:21'),(206,1109832,'2013-10-28 04:25:38'),(206,1114939,'2013-10-28 04:25:35'),(206,1114965,'2013-10-28 04:25:43'),(206,1130615,'2013-10-28 04:25:25'),(206,1244927,'2013-10-28 04:25:23'),(206,1263433,'2013-10-28 04:25:21'),(206,1619037,'2013-10-28 04:25:13'),(206,1620726,'2013-10-28 04:25:37'),(206,1631626,'2013-10-28 04:25:22'),(206,1631791,'2013-10-28 04:25:39'),(206,1664777,'2013-10-28 04:25:36'),(206,1674140,'2013-10-28 04:25:36'),(206,1675145,'2013-10-28 04:25:25'),(206,1682170,'2013-10-28 04:25:13'),(206,1701008,'2013-10-28 04:25:29'),(206,1755056,'2013-10-28 04:25:43'),(206,1853170,'2013-10-28 04:25:24'),(206,1853176,'2013-10-28 04:25:42'),(206,1880820,'2013-10-28 04:25:12'),(206,2058311,'2013-10-28 04:25:14'),(206,2058314,'2013-10-28 04:25:31'),(206,2058315,'2013-10-28 04:25:34'),(206,2058317,'2013-10-28 04:25:39'),(206,2058358,'2013-10-28 04:25:43'),(207,1384,'2013-10-28 04:25:26'),(207,1666,'2013-10-28 04:25:12'),(207,1910,'2013-10-28 04:25:33'),(207,303369,'2013-10-28 04:25:29'),(207,395935,'2013-10-28 04:25:18'),(207,396972,'2013-10-28 04:25:28'),(207,407605,'2013-10-28 04:25:18'),(207,420366,'2013-10-28 04:25:40'),(207,502629,'2013-10-28 04:25:30'),(207,517401,'2013-10-28 04:25:27'),(207,517620,'2013-10-28 04:25:37'),(207,559572,'2013-10-28 04:25:35'),(207,559743,'2013-10-28 04:25:41'),(207,584459,'2013-10-28 04:25:45'),(207,1109761,'2013-10-28 04:25:37'),(207,1114549,'2013-10-28 04:25:42'),(207,1114912,'2013-10-28 04:25:19'),(207,1114942,'2013-10-28 04:25:42'),(207,1114988,'2013-10-28 04:25:22'),(207,1116870,'2013-10-28 04:25:43'),(207,1117438,'2013-10-28 04:25:36'),(207,1117827,'2013-10-28 04:25:12'),(207,1226400,'2013-10-28 04:25:46'),(207,1243556,'2013-10-28 04:25:18'),(207,1272970,'2013-10-28 04:25:15'),(207,1274372,'2013-10-28 04:25:35'),(207,1369280,'2013-10-28 04:25:33'),(207,1615601,'2013-10-28 04:25:40'),(207,1616637,'2013-10-28 04:25:33'),(207,1616858,'2013-10-28 04:25:29'),(207,1619958,'2013-10-28 04:25:33'),(207,1620799,'2013-10-28 04:25:22'),(207,1631715,'2013-10-28 04:25:19'),(207,1632222,'2013-10-28 04:25:45'),(207,1633106,'2013-10-28 04:25:23'),(207,1662348,'2013-10-28 04:25:14'),(207,1675185,'2013-10-28 04:25:35'),(207,1691614,'2013-10-28 04:25:39'),(207,1693202,'2013-10-28 04:25:12'),(207,1763065,'2013-10-28 04:25:23'),(207,1823343,'2013-10-28 04:25:22'),(207,1891890,'2013-10-28 04:25:40'),(207,1977084,'2013-10-28 04:25:44'),(207,1978529,'2013-10-28 04:25:18'),(207,1978532,'2013-10-28 04:25:25'),(207,1978539,'2013-10-28 04:25:45'),(207,2054732,'2013-10-28 04:25:40'),(207,2058548,'2013-10-28 04:25:35'),(207,2059186,'2013-10-28 04:25:46'),(208,1911,'2013-10-28 04:25:37'),(208,133276,'2013-10-28 04:25:22'),(208,396113,'2013-10-28 04:25:44'),(208,406400,'2013-10-28 04:25:15'),(208,408969,'2013-10-28 04:25:21'),(208,411639,'2013-10-28 04:25:24'),(208,417623,'2013-10-28 04:25:36'),(208,419780,'2013-10-28 04:25:39'),(208,424340,'2013-10-28 04:25:46'),(208,431446,'2013-10-28 04:25:31'),(208,553458,'2013-10-28 04:25:32'),(208,584640,'2013-10-28 04:25:23'),(208,1117402,'2013-10-28 04:25:45'),(208,1117622,'2013-10-28 04:25:38'),(208,1123431,'2013-10-28 04:25:42'),(208,1243815,'2013-10-28 04:25:40'),(208,1244483,'2013-10-28 04:25:44'),(208,1244779,'2013-10-28 04:25:20'),(208,1252130,'2013-10-28 04:25:27'),(208,1620463,'2013-10-28 04:25:27'),(208,1630575,'2013-10-28 04:25:17'),(208,1631109,'2013-10-28 04:25:42'),(208,1631945,'2013-10-28 04:25:23'),(208,1632091,'2013-10-28 04:25:20'),(208,1673545,'2013-10-28 04:25:41'),(208,1691422,'2013-10-28 04:25:32'),(208,1823899,'2013-10-28 04:25:43'),(208,1975894,'2013-10-28 04:25:43'),(208,1985606,'2013-10-28 04:25:16'),(208,2055482,'2013-10-28 04:25:21'),(208,2057733,'2013-10-28 04:25:22'),(208,2059173,'2013-10-28 04:25:29'),(208,2060108,'2013-10-28 04:25:18'),(208,2060111,'2013-10-28 04:25:37'),(208,2060113,'2013-10-28 04:25:39'),(208,2060115,'2013-10-28 04:25:45'),(208,2062146,'2013-10-28 04:25:12'),(208,2062148,'2013-10-28 04:25:44'),(208,2062183,'2013-10-28 04:25:29'),(208,2063143,'2013-10-28 04:25:24'),(208,2076904,'2013-10-28 04:25:46'),(208,2090503,'2013-10-28 04:25:38'),(209,1932,'2013-10-28 04:25:43'),(209,235131,'2013-10-28 04:25:36'),(209,396162,'2013-10-28 04:25:30'),(209,396163,'2013-10-28 04:25:30'),(209,406245,'2013-10-28 04:25:14'),(209,409170,'2013-10-28 04:25:21'),(209,492973,'2013-10-28 04:25:31'),(209,493050,'2013-10-28 04:25:40'),(209,516606,'2013-10-28 04:25:34'),(209,518611,'2013-10-28 04:25:23'),(209,563875,'2013-10-28 04:25:29'),(209,565190,'2013-10-28 04:25:24'),(209,1113529,'2013-10-28 04:25:43'),(209,1137118,'2013-10-28 04:25:31'),(209,1242996,'2013-10-28 04:25:31'),(209,1254113,'2013-10-28 04:25:30'),(209,1631009,'2013-10-28 04:25:34'),(209,1631106,'2013-10-28 04:25:38'),(209,1632503,'2013-10-28 04:25:18'),(209,1672907,'2013-10-28 04:25:16'),(209,1682104,'2013-10-28 04:25:32'),(209,1686185,'2013-10-28 04:25:31'),(209,1697297,'2013-10-28 04:25:46'),(209,1700252,'2013-10-28 04:25:24'),(209,1700934,'2013-10-28 04:25:36'),(209,1701956,'2013-10-28 04:25:16'),(209,1737078,'2013-10-28 04:25:29'),(209,1823918,'2013-10-28 04:25:46'),(209,1975965,'2013-10-28 04:25:42'),(209,1977791,'2013-10-28 04:25:18'),(209,2057695,'2013-10-28 04:25:25'),(209,2060063,'2013-10-28 04:25:21'),(209,2060069,'2013-10-28 04:25:41'),(209,2064881,'2013-10-28 04:25:40'),(210,1392,'2013-10-28 04:25:44'),(210,1912,'2013-10-28 04:25:20'),(210,12429,'2013-10-28 04:25:28'),(210,235256,'2013-10-28 04:25:45'),(210,493016,'2013-10-28 04:25:35'),(210,520778,'2013-10-28 04:25:17'),(210,564881,'2013-10-28 04:25:29'),(210,1117312,'2013-10-28 04:25:28'),(210,1243803,'2013-10-28 04:25:29'),(210,1244492,'2013-10-28 04:25:23'),(210,1251085,'2013-10-28 04:25:18'),(210,1272731,'2013-10-28 04:25:27'),(210,1272892,'2013-10-28 04:25:17'),(210,1273280,'2013-10-28 04:25:40'),(210,1630216,'2013-10-28 04:25:12'),(210,1630318,'2013-10-28 04:25:34'),(210,1631912,'2013-10-28 04:25:33'),(210,1632787,'2013-10-28 04:25:39'),(210,1673733,'2013-10-28 04:25:29'),(210,1686001,'2013-10-28 04:25:21'),(210,1691322,'2013-10-28 04:25:45'),(210,1691430,'2013-10-28 04:25:39'),(210,1695553,'2013-10-28 04:25:40'),(210,1737204,'2013-10-28 04:25:39'),(210,1751258,'2013-10-28 04:25:13'),(210,1891856,'2013-10-28 04:25:29'),(210,1975893,'2013-10-28 04:25:37'),(210,1977170,'2013-10-28 04:25:31'),(210,1977172,'2013-10-28 04:25:40'),(210,1977174,'2013-10-28 04:25:45'),(210,2041264,'2013-10-28 04:25:22'),(210,2042321,'2013-10-28 04:25:32'),(210,2058320,'2013-10-28 04:25:34'),(210,2058321,'2013-10-28 04:25:35'),(210,2058322,'2013-10-28 04:25:36'),(210,2058324,'2013-10-28 04:25:40'),(210,2087604,'2013-10-28 04:25:45'),(211,1913,'2013-10-28 04:25:30'),(211,409879,'2013-10-28 04:25:31'),(211,415313,'2013-10-28 04:25:33'),(211,419756,'2013-10-28 04:25:39'),(211,421459,'2013-10-28 04:25:42'),(211,421695,'2013-10-28 04:25:42'),(211,423719,'2013-10-28 04:25:45'),(211,492932,'2013-10-28 04:25:23'),(211,493053,'2013-10-28 04:25:40'),(211,502411,'2013-10-28 04:25:20'),(211,517045,'2013-10-28 04:25:41'),(211,517291,'2013-10-28 04:25:29'),(211,520386,'2013-10-28 04:25:23'),(211,553187,'2013-10-28 04:25:42'),(211,565116,'2013-10-28 04:25:31'),(211,565752,'2013-10-28 04:25:20'),(211,583487,'2013-10-28 04:25:45'),(211,1117603,'2013-10-28 04:25:17'),(211,1123712,'2013-10-28 04:25:38'),(211,1133695,'2013-10-28 04:25:44'),(211,1243710,'2013-10-28 04:25:39'),(211,1243716,'2013-10-28 04:25:42'),(211,1273405,'2013-10-28 04:25:45'),(211,1620412,'2013-10-28 04:25:40'),(211,1630777,'2013-10-28 04:25:23'),(211,1630860,'2013-10-28 04:25:16'),(211,1631401,'2013-10-28 04:25:37'),(211,1636732,'2013-10-28 04:25:43'),(211,1675037,'2013-10-28 04:25:42'),(211,1675176,'2013-10-28 04:25:33'),(211,1682906,'2013-10-28 04:25:26'),(211,1691363,'2013-10-28 04:25:35'),(211,1696988,'2013-10-28 04:25:38'),(211,1700475,'2013-10-28 04:25:39'),(211,1724406,'2013-10-28 04:25:18'),(211,1737695,'2013-10-28 04:25:40'),(211,1823890,'2013-10-28 04:25:41'),(211,1891881,'2013-10-28 04:25:36'),(211,1971913,'2013-10-28 04:25:22'),(211,1971915,'2013-10-28 04:25:20'),(211,1978056,'2013-10-28 04:25:18'),(211,1979730,'2013-10-28 04:25:25'),(211,2059195,'2013-10-28 04:25:34'),(211,2059197,'2013-10-28 04:25:37'),(211,2059198,'2013-10-28 04:25:39'),(211,2059200,'2013-10-28 04:25:39'),(211,2059359,'2013-10-28 04:25:23'),(211,2074425,'2013-10-28 04:25:46'),(212,1914,'2013-10-28 04:25:19'),(212,405833,'2013-10-28 04:25:13'),(212,406856,'2013-10-28 04:25:17'),(212,410446,'2013-10-28 04:25:23'),(212,419998,'2013-10-28 04:25:40'),(212,501448,'2013-10-28 04:25:20'),(212,552642,'2013-10-28 04:25:41'),(212,556622,'2013-10-28 04:25:24'),(212,563070,'2013-10-28 04:25:35'),(212,564952,'2013-10-28 04:25:19'),(212,565754,'2013-10-28 04:25:21'),(212,1102778,'2013-10-28 04:25:23'),(212,1114237,'2013-10-28 04:25:36'),(212,1137461,'2013-10-28 04:25:34'),(212,1206816,'2013-10-28 04:25:16'),(212,1263398,'2013-10-28 04:25:29'),(212,1273864,'2013-10-28 04:25:46'),(212,1277500,'2013-10-28 04:25:41'),(212,1620865,'2013-10-28 04:25:24'),(212,1664705,'2013-10-28 04:25:21'),(212,1672870,'2013-10-28 04:25:30'),(212,1674148,'2013-10-28 04:25:42'),(212,1674985,'2013-10-28 04:25:17'),(212,1679734,'2013-10-28 04:25:46'),(212,1725130,'2013-10-28 04:25:32'),(212,1737685,'2013-10-28 04:25:17'),(212,1740196,'2013-10-28 04:25:26'),(212,1823780,'2013-10-28 04:25:13'),(212,1823781,'2013-10-28 04:25:13'),(212,1977100,'2013-10-28 04:25:41'),(212,1979372,'2013-10-28 04:25:14'),(212,1979375,'2013-10-28 04:25:22'),(212,1979385,'2013-10-28 04:25:42'),(212,1979404,'2013-10-28 04:25:34'),(212,2060073,'2013-10-28 04:25:26'),(212,2060074,'2013-10-28 04:25:27'),(212,2060079,'2013-10-28 04:25:39'),(212,2062154,'2013-10-28 04:25:39'),(212,2062570,'2013-10-28 04:25:36'),(213,1915,'2013-10-28 04:25:22'),(213,235222,'2013-10-28 04:25:30'),(213,306271,'2013-10-28 04:25:23'),(213,414386,'2013-10-28 04:25:32'),(213,417544,'2013-10-28 04:25:36'),(213,518847,'2013-10-28 04:25:43'),(213,559250,'2013-10-28 04:25:44'),(213,563622,'2013-10-28 04:25:28'),(213,565727,'2013-10-28 04:25:41'),(213,1116328,'2013-10-28 04:25:24'),(213,1226278,'2013-10-28 04:25:35'),(213,1244463,'2013-10-28 04:25:20'),(213,1245841,'2013-10-28 04:25:15'),(213,1250085,'2013-10-28 04:25:32'),(213,1265552,'2013-10-28 04:25:20'),(213,1273654,'2013-10-28 04:25:43'),(213,1620544,'2013-10-28 04:25:42'),(213,1620863,'2013-10-28 04:25:23'),(213,1633112,'2013-10-28 04:25:24'),(213,1682856,'2013-10-28 04:25:33'),(213,1688198,'2013-10-28 04:25:22'),(213,1691169,'2013-10-28 04:25:35'),(213,1691251,'2013-10-28 04:25:21'),(213,1691361,'2013-10-28 04:25:33'),(213,1691404,'2013-10-28 04:25:24'),(213,1700403,'2013-10-28 04:25:43'),(213,1700507,'2013-10-28 04:25:41'),(213,1700840,'2013-10-28 04:25:18'),(213,1707317,'2013-10-28 04:25:38'),(213,1724614,'2013-10-28 04:25:22'),(213,1762335,'2013-10-28 04:25:34'),(213,1781543,'2013-10-28 04:25:39'),(213,1789457,'2013-10-28 04:25:20'),(213,1891880,'2013-10-28 04:25:35'),(213,1891892,'2013-10-28 04:25:46'),(213,1891916,'2013-10-28 04:25:28'),(213,1979694,'2013-10-28 04:25:42'),(213,1987614,'2013-10-28 04:25:32'),(213,2059266,'2013-10-28 04:25:14'),(213,2059269,'2013-10-28 04:25:20'),(213,2059271,'2013-10-28 04:25:33'),(213,2059276,'2013-10-28 04:25:42'),(213,2062480,'2013-10-28 04:25:18'),(213,2063850,'2013-10-28 04:25:24'),(213,2074737,'2013-10-28 04:25:41'),(214,1916,'2013-10-28 04:25:44'),(214,235151,'2013-10-28 04:25:40'),(214,407903,'2013-10-28 04:25:19'),(214,413737,'2013-10-28 04:25:30'),(214,517568,'2013-10-28 04:25:37'),(214,552470,'2013-10-28 04:25:19'),(214,1116559,'2013-10-28 04:25:38'),(214,1117729,'2013-10-28 04:25:24'),(214,1123282,'2013-10-28 04:25:23'),(214,1123545,'2013-10-28 04:25:45'),(214,1244464,'2013-10-28 04:25:23'),(214,1245626,'2013-10-28 04:25:12'),(214,1249642,'2013-10-28 04:25:23'),(214,1272073,'2013-10-28 04:25:41'),(214,1630970,'2013-10-28 04:25:44'),(214,1632083,'2013-10-28 04:25:45'),(214,1632227,'2013-10-28 04:25:19'),(214,1632252,'2013-10-28 04:25:46'),(214,1632462,'2013-10-28 04:25:33'),(214,1633122,'2013-10-28 04:25:40'),(214,1672692,'2013-10-28 04:25:29'),(214,1696992,'2013-10-28 04:25:41'),(214,1974165,'2013-10-28 04:25:18'),(214,1977070,'2013-10-28 04:25:13'),(214,1979370,'2013-10-28 04:25:42'),(214,1979669,'2013-10-28 04:25:23'),(214,1996183,'2013-10-28 04:25:37'),(214,2059190,'2013-10-28 04:25:12'),(214,2059208,'2013-10-28 04:25:38'),(214,2059211,'2013-10-28 04:25:45'),(214,2059362,'2013-10-28 04:25:43'),(215,1931,'2013-10-28 04:25:37'),(215,187741,'2013-10-28 04:25:17'),(215,302177,'2013-10-28 04:25:17'),(215,396021,'2013-10-28 04:25:33'),(215,411579,'2013-10-28 04:25:24'),(215,423207,'2013-10-28 04:25:45'),(215,433568,'2013-10-28 04:25:23'),(215,492964,'2013-10-28 04:25:30'),(215,516968,'2013-10-28 04:25:12'),(215,1114680,'2013-10-28 04:25:43'),(215,1115114,'2013-10-28 04:25:29'),(215,1117483,'2013-10-28 04:25:13'),(215,1226208,'2013-10-28 04:25:29'),(215,1244303,'2013-10-28 04:25:25'),(215,1244982,'2013-10-28 04:25:39'),(215,1273006,'2013-10-28 04:25:44'),(215,1273775,'2013-10-28 04:25:20'),(215,1615610,'2013-10-28 04:25:41'),(215,1616777,'2013-10-28 04:25:36'),(215,1620455,'2013-10-28 04:25:16'),(215,1621330,'2013-10-28 04:25:46'),(215,1632241,'2013-10-28 04:25:33'),(215,1632301,'2013-10-28 04:25:16'),(215,1664400,'2013-10-28 04:25:35'),(215,1673383,'2013-10-28 04:25:17'),(215,1674116,'2013-10-28 04:25:22'),(215,1675126,'2013-10-28 04:25:21'),(215,1684563,'2013-10-28 04:25:31'),(215,1700274,'2013-10-28 04:25:27'),(215,1701513,'2013-10-28 04:25:22'),(215,1749007,'2013-10-28 04:25:26'),(215,1752728,'2013-10-28 04:25:43'),(215,1786771,'2013-10-28 04:25:22'),(215,1853727,'2013-10-28 04:25:12'),(215,1977776,'2013-10-28 04:25:44'),(215,1978519,'2013-10-28 04:25:29'),(215,2059212,'2013-10-28 04:25:14'),(215,2059216,'2013-10-28 04:25:23'),(215,2059217,'2013-10-28 04:25:29'),(215,2059242,'2013-10-28 04:25:32'),(215,2059247,'2013-10-28 04:25:40'),(215,2063039,'2013-10-28 04:25:40'),(215,2073393,'2013-10-28 04:25:41'),(216,1379,'2013-10-28 04:25:31'),(216,1917,'2013-10-28 04:25:40'),(216,235197,'2013-10-28 04:25:17'),(216,302195,'2013-10-28 04:25:24'),(216,407024,'2013-10-28 04:25:17'),(216,408644,'2013-10-28 04:25:20'),(216,417185,'2013-10-28 04:25:35'),(216,419764,'2013-10-28 04:25:39'),(216,421419,'2013-10-28 04:25:42'),(216,422192,'2013-10-28 04:25:43'),(216,431497,'2013-10-28 04:25:34'),(216,433249,'2013-10-28 04:25:40'),(216,492917,'2013-10-28 04:25:21'),(216,493008,'2013-10-28 04:25:34'),(216,493107,'2013-10-28 04:25:45'),(216,517271,'2013-10-28 04:25:12'),(216,556548,'2013-10-28 04:25:19'),(216,565146,'2013-10-28 04:25:19'),(216,1116555,'2013-10-28 04:25:37'),(216,1226369,'2013-10-28 04:25:43'),(216,1263572,'2013-10-28 04:25:44'),(216,1615897,'2013-10-28 04:25:28'),(216,1616845,'2013-10-28 04:25:20'),(216,1623793,'2013-10-28 04:25:29'),(216,1682591,'2013-10-28 04:25:44'),(216,1691166,'2013-10-28 04:25:24'),(216,1693867,'2013-10-28 04:25:35'),(216,1716248,'2013-10-28 04:25:43'),(216,1737295,'2013-10-28 04:25:42'),(216,1891894,'2013-10-28 04:25:23'),(216,1891895,'2013-10-28 04:25:29'),(216,1977149,'2013-10-28 04:25:26'),(216,1977794,'2013-10-28 04:25:24'),(216,1978283,'2013-10-28 04:25:18'),(216,1996707,'2013-10-28 04:25:20'),(216,2058361,'2013-10-28 04:25:25'),(216,2060081,'2013-10-28 04:25:12'),(216,2060083,'2013-10-28 04:25:29'),(216,2060118,'2013-10-28 04:25:33'),(216,2062164,'2013-10-28 04:25:32'),(216,2062165,'2013-10-28 04:25:39'),(217,1918,'2013-10-28 04:25:24'),(217,306268,'2013-10-28 04:25:19'),(217,395934,'2013-10-28 04:25:18'),(217,431338,'2013-10-28 04:25:33'),(217,493004,'2013-10-28 04:25:33'),(217,502816,'2013-10-28 04:25:37'),(217,518905,'2013-10-28 04:25:37'),(217,523458,'2013-10-28 04:25:29'),(217,551405,'2013-10-28 04:25:30'),(217,564165,'2013-10-28 04:25:36'),(217,565185,'2013-10-28 04:25:14'),(217,584399,'2013-10-28 04:25:18'),(217,1113502,'2013-10-28 04:25:44'),(217,1115023,'2013-10-28 04:25:21'),(217,1116854,'2013-10-28 04:25:20'),(217,1117305,'2013-10-28 04:25:17'),(217,1117306,'2013-10-28 04:25:18'),(217,1117392,'2013-10-28 04:25:36'),(217,1242959,'2013-10-28 04:25:40'),(217,1243179,'2013-10-28 04:25:29'),(217,1245854,'2013-10-28 04:25:25'),(217,1246159,'2013-10-28 04:25:13'),(217,1252135,'2013-10-28 04:25:30'),(217,1630528,'2013-10-28 04:25:36'),(217,1664188,'2013-10-28 04:25:46'),(217,1674136,'2013-10-28 04:25:36'),(217,1675610,'2013-10-28 04:25:38'),(217,1679976,'2013-10-28 04:25:38'),(217,1684073,'2013-10-28 04:25:21'),(217,1684091,'2013-10-28 04:25:29'),(217,1803776,'2013-10-28 04:25:37'),(217,1891854,'2013-10-28 04:25:11'),(217,1891873,'2013-10-28 04:25:27'),(217,1891898,'2013-10-28 04:25:29'),(217,1971880,'2013-10-28 04:25:39'),(217,1977796,'2013-10-28 04:25:27'),(217,1978524,'2013-10-28 04:25:19'),(217,1979426,'2013-10-28 04:25:34'),(217,1979429,'2013-10-28 04:25:42'),(217,1979707,'2013-10-28 04:25:20'),(217,1995451,'2013-10-28 04:25:22'),(217,2057740,'2013-10-28 04:25:20'),(217,2062481,'2013-10-28 04:25:36'),(217,2064016,'2013-10-28 04:25:20'),(218,1919,'2013-10-28 04:25:30'),(218,302027,'2013-10-28 04:25:24'),(218,410134,'2013-10-28 04:25:22'),(218,410721,'2013-10-28 04:25:23'),(218,412780,'2013-10-28 04:25:29'),(218,413021,'2013-10-28 04:25:29'),(218,417926,'2013-10-28 04:25:36'),(218,436388,'2013-10-28 04:25:29'),(218,493125,'2013-10-28 04:25:46'),(218,516987,'2013-10-28 04:25:27'),(218,553367,'2013-10-28 04:25:21'),(218,559373,'2013-10-28 04:25:40'),(218,559376,'2013-10-28 04:25:44'),(218,559606,'2013-10-28 04:25:14'),(218,561585,'2013-10-28 04:25:34'),(218,1115107,'2013-10-28 04:25:21'),(218,1116606,'2013-10-28 04:25:23'),(218,1128771,'2013-10-28 04:25:24'),(218,1128947,'2013-10-28 04:25:45'),(218,1137316,'2013-10-28 04:25:40'),(218,1226331,'2013-10-28 04:25:40'),(218,1243255,'2013-10-28 04:25:19'),(218,1244474,'2013-10-28 04:25:34'),(218,1265393,'2013-10-28 04:25:38'),(218,1272286,'2013-10-28 04:25:30'),(218,1272751,'2013-10-28 04:25:42'),(218,1273354,'2013-10-28 04:25:34'),(218,1273689,'2013-10-28 04:25:32'),(218,1275368,'2013-10-28 04:25:30'),(218,1630444,'2013-10-28 04:25:37'),(218,1630578,'2013-10-28 04:25:21'),(218,1631919,'2013-10-28 04:25:39'),(218,1634499,'2013-10-28 04:25:36'),(218,1664304,'2013-10-28 04:25:16'),(218,1675843,'2013-10-28 04:25:39'),(218,1679651,'2013-10-28 04:25:29'),(218,1683844,'2013-10-28 04:25:42'),(218,1691536,'2013-10-28 04:25:25'),(218,1695497,'2013-10-28 04:25:24'),(218,1700358,'2013-10-28 04:25:41'),(218,1803772,'2013-10-28 04:25:12'),(218,1823854,'2013-10-28 04:25:34'),(218,1853223,'2013-10-28 04:25:45'),(218,1853529,'2013-10-28 04:25:13'),(218,1854533,'2013-10-28 04:25:25'),(218,1891910,'2013-10-28 04:25:28'),(218,1891922,'2013-10-28 04:25:33'),(218,1963570,'2013-10-28 04:25:11'),(218,1964992,'2013-10-28 04:25:41'),(218,1977127,'2013-10-28 04:25:34'),(218,1977800,'2013-10-28 04:25:38'),(218,1977801,'2013-10-28 04:25:41'),(218,1979387,'2013-10-28 04:25:12'),(218,2001094,'2013-10-28 04:25:20'),(218,2059223,'2013-10-28 04:25:42'),(218,2060177,'2013-10-28 04:25:39'),(218,2060178,'2013-10-28 04:25:40'),(218,2060179,'2013-10-28 04:25:42'),(218,2060180,'2013-10-28 04:25:46'),(218,2082385,'2013-10-28 04:25:44'),(219,1920,'2013-10-28 04:25:38'),(219,187389,'2013-10-28 04:25:30'),(219,416678,'2013-10-28 04:25:34'),(219,518670,'2013-10-28 04:25:40'),(219,553135,'2013-10-28 04:25:29'),(219,565805,'2013-10-28 04:25:34'),(219,1114251,'2013-10-28 04:25:23'),(219,1117431,'2013-10-28 04:25:30'),(219,1123294,'2013-10-28 04:25:34'),(219,1244818,'2013-10-28 04:25:35'),(219,1250198,'2013-10-28 04:25:16'),(219,1251717,'2013-10-28 04:25:30'),(219,1272588,'2013-10-28 04:25:29'),(219,1616792,'2013-10-28 04:25:39'),(219,1620389,'2013-10-28 04:25:21'),(219,1631107,'2013-10-28 04:25:38'),(219,1631841,'2013-10-28 04:25:39'),(219,1632251,'2013-10-28 04:25:46'),(219,1637004,'2013-10-28 04:25:36'),(219,1675850,'2013-10-28 04:25:45'),(219,1682065,'2013-10-28 04:25:44'),(219,1682127,'2013-10-28 04:25:31'),(219,1682469,'2013-10-28 04:25:31'),(219,1700901,'2013-10-28 04:25:37'),(219,1707248,'2013-10-28 04:25:44'),(219,1724424,'2013-10-28 04:25:29'),(219,1823779,'2013-10-28 04:25:12'),(219,1891886,'2013-10-28 04:25:34'),(219,1977128,'2013-10-28 04:25:42'),(219,1979673,'2013-10-28 04:25:42'),(219,1979720,'2013-10-28 04:25:36'),(219,1979743,'2013-10-28 04:25:19'),(219,1979747,'2013-10-28 04:25:40'),(219,2057699,'2013-10-28 04:25:18'),(219,2058177,'2013-10-28 04:25:33'),(219,2058178,'2013-10-28 04:25:34'),(219,2058181,'2013-10-28 04:25:45'),(219,2062160,'2013-10-28 04:25:30'),(219,2062479,'2013-10-28 04:25:34'),(220,1921,'2013-10-28 04:25:22'),(220,235253,'2013-10-28 04:25:44'),(220,405824,'2013-10-28 04:25:13'),(220,408126,'2013-10-28 04:25:19'),(220,504682,'2013-10-28 04:25:22'),(220,559554,'2013-10-28 04:25:30'),(220,1114590,'2013-10-28 04:25:20'),(220,1123324,'2013-10-28 04:25:33'),(220,1243187,'2013-10-28 04:25:34'),(220,1245173,'2013-10-28 04:25:19'),(220,1254857,'2013-10-28 04:25:31'),(220,1263432,'2013-10-28 04:25:21'),(220,1265114,'2013-10-28 04:25:26'),(220,1272540,'2013-10-28 04:25:15'),(220,1273023,'2013-10-28 04:25:33'),(220,1616872,'2013-10-28 04:25:35'),(220,1619687,'2013-10-28 04:25:27'),(220,1631750,'2013-10-28 04:25:23'),(220,1631997,'2013-10-28 04:25:38'),(220,1664140,'2013-10-28 04:25:13'),(220,1665158,'2013-10-28 04:25:44'),(220,1674462,'2013-10-28 04:25:35'),(220,1685963,'2013-10-28 04:25:23'),(220,1762057,'2013-10-28 04:25:29'),(220,1823355,'2013-10-28 04:25:29'),(220,1856491,'2013-10-28 04:25:38'),(220,1971914,'2013-10-28 04:25:18'),(220,1977121,'2013-10-28 04:25:19'),(220,1977129,'2013-10-28 04:25:32'),(220,1979671,'2013-10-28 04:25:30'),(220,2053375,'2013-10-28 04:25:35'),(220,2062170,'2013-10-28 04:25:36'),(220,2063040,'2013-10-28 04:25:40'),(221,1922,'2013-10-28 04:25:42'),(221,4056,'2013-10-28 04:25:37'),(221,12204,'2013-10-28 04:25:14'),(221,187385,'2013-10-28 04:25:18'),(221,289074,'2013-10-28 04:25:24'),(221,302103,'2013-10-28 04:25:37'),(221,396167,'2013-10-28 04:25:32'),(221,411598,'2013-10-28 04:25:24'),(221,416861,'2013-10-28 04:25:35'),(221,421123,'2013-10-28 04:25:41'),(221,421347,'2013-10-28 04:25:42'),(221,492915,'2013-10-28 04:25:20'),(221,493043,'2013-10-28 04:25:39'),(221,553825,'2013-10-28 04:25:42'),(221,556890,'2013-10-28 04:25:46'),(221,564943,'2013-10-28 04:25:40'),(221,565739,'2013-10-28 04:25:45'),(221,565804,'2013-10-28 04:25:31'),(221,1125986,'2013-10-28 04:25:46'),(221,1137327,'2013-10-28 04:25:30'),(221,1242895,'2013-10-28 04:25:22'),(221,1263553,'2013-10-28 04:25:20'),(221,1272615,'2013-10-28 04:25:36'),(221,1272852,'2013-10-28 04:25:18'),(221,1273191,'2013-10-28 04:25:38'),(221,1277487,'2013-10-28 04:25:35'),(221,1620468,'2013-10-28 04:25:37'),(221,1630853,'2013-10-28 04:25:31'),(221,1674147,'2013-10-28 04:25:42'),(221,1675207,'2013-10-28 04:25:38'),(221,1679942,'2013-10-28 04:25:45'),(221,1682492,'2013-10-28 04:25:37'),(221,1727391,'2013-10-28 04:25:34'),(221,1751828,'2013-10-28 04:25:14'),(221,1823782,'2013-10-28 04:25:14'),(221,1823814,'2013-10-28 04:25:24'),(221,1891877,'2013-10-28 04:25:24'),(221,1891914,'2013-10-28 04:25:14'),(221,1963572,'2013-10-28 04:25:31'),(221,1976202,'2013-10-28 04:25:39'),(221,1979362,'2013-10-28 04:25:12'),(221,1980429,'2013-10-28 04:25:29'),(221,2057701,'2013-10-28 04:25:18'),(221,2059228,'2013-10-28 04:25:22'),(221,2059235,'2013-10-28 04:25:34'),(221,2059237,'2013-10-28 04:25:46'),(221,2060139,'2013-10-28 04:25:46'),(221,2062139,'2013-10-28 04:25:40'),(221,2064546,'2013-10-28 04:25:44'),(221,2075828,'2013-10-28 04:25:38'),(222,1924,'2013-10-28 04:25:19'),(222,302087,'2013-10-28 04:25:34'),(222,396811,'2013-10-28 04:25:24'),(222,407235,'2013-10-28 04:25:18'),(222,417825,'2013-10-28 04:25:36'),(222,423552,'2013-10-28 04:25:45'),(222,431145,'2013-10-28 04:25:34'),(222,493041,'2013-10-28 04:25:39'),(222,493614,'2013-10-28 04:25:23'),(222,516510,'2013-10-28 04:25:40'),(222,517483,'2013-10-28 04:25:18'),(222,558841,'2013-10-28 04:25:24'),(222,559551,'2013-10-28 04:25:28'),(222,1117442,'2013-10-28 04:25:37'),(222,1123307,'2013-10-28 04:25:12'),(222,1137425,'2013-10-28 04:25:23'),(222,1245530,'2013-10-28 04:25:12'),(222,1245617,'2013-10-28 04:25:36'),(222,1273854,'2013-10-28 04:25:34'),(222,1273898,'2013-10-28 04:25:18'),(222,1616817,'2013-10-28 04:25:46'),(222,1620397,'2013-10-28 04:25:25'),(222,1630803,'2013-10-28 04:25:20'),(222,1631427,'2013-10-28 04:25:25'),(222,1700485,'2013-10-28 04:25:13'),(222,1737096,'2013-10-28 04:25:12'),(222,1782643,'2013-10-28 04:25:42'),(222,1853531,'2013-10-28 04:25:21'),(222,1891913,'2013-10-28 04:25:43'),(222,1979703,'2013-10-28 04:25:46'),(222,2055484,'2013-10-28 04:25:44'),(222,2062182,'2013-10-28 04:25:29'),(222,2062190,'2013-10-28 04:25:40'),(222,2062191,'2013-10-28 04:25:43'),(223,1925,'2013-10-28 04:25:11'),(223,12320,'2013-10-28 04:25:21'),(223,12576,'2013-10-28 04:25:35'),(223,187572,'2013-10-28 04:25:30'),(223,301996,'2013-10-28 04:25:19'),(223,395928,'2013-10-28 04:25:16'),(223,396875,'2013-10-28 04:25:36'),(223,409254,'2013-10-28 04:25:21'),(223,411568,'2013-10-28 04:25:24'),(223,565222,'2013-10-28 04:25:33'),(223,584448,'2013-10-28 04:25:35'),(223,584648,'2013-10-28 04:25:34'),(223,1113505,'2013-10-28 04:25:45'),(223,1114232,'2013-10-28 04:25:35'),(223,1116464,'2013-10-28 04:25:22'),(223,1117814,'2013-10-28 04:25:43'),(223,1125838,'2013-10-28 04:25:21'),(223,1130583,'2013-10-28 04:25:31'),(223,1133543,'2013-10-28 04:25:36'),(223,1233762,'2013-10-28 04:25:39'),(223,1243592,'2013-10-28 04:25:29'),(223,1244502,'2013-10-28 04:25:33'),(223,1274358,'2013-10-28 04:25:27'),(223,1623785,'2013-10-28 04:25:13'),(223,1630952,'2013-10-28 04:25:26'),(223,1631834,'2013-10-28 04:25:30'),(223,1673357,'2013-10-28 04:25:34'),(223,1681620,'2013-10-28 04:25:33'),(223,1686971,'2013-10-28 04:25:41'),(223,1737120,'2013-10-28 04:25:32'),(223,1824467,'2013-10-28 04:25:37'),(223,1891915,'2013-10-28 04:25:15'),(223,1975891,'2013-10-28 04:25:19'),(223,1977122,'2013-10-28 04:25:19'),(223,2059238,'2013-10-28 04:25:21'),(223,2059364,'2013-10-28 04:25:30'),(223,2062288,'2013-10-28 04:25:40'),(224,1290,'2013-10-28 04:25:37'),(224,1727,'2013-10-28 04:25:33'),(224,1926,'2013-10-28 04:25:40'),(224,419723,'2013-10-28 04:25:39'),(224,504639,'2013-10-28 04:25:33'),(224,516960,'2013-10-28 04:25:35'),(224,518127,'2013-10-28 04:25:22'),(224,518593,'2013-10-28 04:25:39'),(224,565125,'2013-10-28 04:25:42'),(224,1107218,'2013-10-28 04:25:30'),(224,1114598,'2013-10-28 04:25:28'),(224,1117497,'2013-10-28 04:25:34'),(224,1123488,'2013-10-28 04:25:32'),(224,1128770,'2013-10-28 04:25:31'),(224,1130591,'2013-10-28 04:25:43'),(224,1137247,'2013-10-28 04:25:21'),(224,1244486,'2013-10-28 04:25:13'),(224,1265470,'2013-10-28 04:25:43'),(224,1272242,'2013-10-28 04:25:46'),(224,1272825,'2013-10-28 04:25:44'),(224,1614641,'2013-10-28 04:25:42'),(224,1616746,'2013-10-28 04:25:28'),(224,1621559,'2013-10-28 04:25:38'),(224,1631167,'2013-10-28 04:25:45'),(224,1631987,'2013-10-28 04:25:31'),(224,1683110,'2013-10-28 04:25:45'),(224,1700931,'2013-10-28 04:25:35'),(224,1737109,'2013-10-28 04:25:45'),(224,1977109,'2013-10-28 04:25:20'),(224,1977152,'2013-10-28 04:25:32'),(224,1979402,'2013-10-28 04:25:14'),(224,1979980,'2013-10-28 04:25:28'),(224,2053740,'2013-10-28 04:25:23'),(224,2057661,'2013-10-28 04:25:46'),(224,2057736,'2013-10-28 04:25:21'),(224,2058349,'2013-10-28 04:25:12'),(224,2059174,'2013-10-28 04:25:29'),(224,2060095,'2013-10-28 04:25:29'),(224,2060186,'2013-10-28 04:25:12'),(224,2062193,'2013-10-28 04:25:33'),(224,2064706,'2013-10-28 04:25:19'),(224,2076126,'2013-10-28 04:25:33'),(225,1923,'2013-10-28 04:25:38'),(225,235056,'2013-10-28 04:25:23'),(225,396044,'2013-10-28 04:25:36'),(225,408416,'2013-10-28 04:25:20'),(225,419111,'2013-10-28 04:25:38'),(225,518867,'2013-10-28 04:25:17'),(225,563138,'2013-10-28 04:25:38'),(225,584314,'2013-10-28 04:25:20'),(225,1117803,'2013-10-28 04:25:32'),(225,1123581,'2013-10-28 04:25:34'),(225,1123599,'2013-10-28 04:25:17'),(225,1265479,'2013-10-28 04:25:21'),(225,1274378,'2013-10-28 04:25:37'),(225,1274396,'2013-10-28 04:25:46'),(225,1621321,'2013-10-28 04:25:37'),(225,1631947,'2013-10-28 04:25:27'),(225,1632973,'2013-10-28 04:25:24'),(225,1664860,'2013-10-28 04:25:13'),(225,1664982,'2013-10-28 04:25:42'),(225,1675020,'2013-10-28 04:25:35'),(225,1683956,'2013-10-28 04:25:28'),(225,1686044,'2013-10-28 04:25:24'),(225,1687422,'2013-10-28 04:25:38'),(225,1691443,'2013-10-28 04:25:16'),(225,1691458,'2013-10-28 04:25:33'),(225,1700338,'2013-10-28 04:25:12'),(225,1707637,'2013-10-28 04:25:24'),(225,1755077,'2013-10-28 04:25:38'),(225,1867912,'2013-10-28 04:25:39'),(225,1971893,'2013-10-28 04:25:46'),(225,1971912,'2013-10-28 04:25:39'),(225,1977790,'2013-10-28 04:25:31'),(225,2058192,'2013-10-28 04:25:42'),(225,2058325,'2013-10-28 04:25:12'),(225,2058327,'2013-10-28 04:25:21'),(225,2058359,'2013-10-28 04:25:13'),(225,2062126,'2013-10-28 04:25:23'),(225,2062173,'2013-10-28 04:25:30'),(225,2062176,'2013-10-28 04:25:37'),(225,2062478,'2013-10-28 04:25:28'),(225,2063168,'2013-10-28 04:25:44'),(225,2063937,'2013-10-28 04:25:38'),(226,1927,'2013-10-28 04:25:18'),(226,195697,'2013-10-28 04:25:33'),(226,235388,'2013-10-28 04:25:44'),(226,411957,'2013-10-28 04:25:25'),(226,415246,'2013-10-28 04:25:32'),(226,418053,'2013-10-28 04:25:36'),(226,418311,'2013-10-28 04:25:37'),(226,421070,'2013-10-28 04:25:41'),(226,492980,'2013-10-28 04:25:31'),(226,504747,'2013-10-28 04:25:42'),(226,541651,'2013-10-28 04:25:30'),(226,556832,'2013-10-28 04:25:32'),(226,559816,'2013-10-28 04:25:33'),(226,563723,'2013-10-28 04:25:44'),(226,565738,'2013-10-28 04:25:36'),(226,1109853,'2013-10-28 04:25:46'),(226,1114980,'2013-10-28 04:25:18'),(226,1115064,'2013-10-28 04:25:45'),(226,1116969,'2013-10-28 04:25:45'),(226,1125485,'2013-10-28 04:25:42'),(226,1221952,'2013-10-28 04:25:45'),(226,1226313,'2013-10-28 04:25:38'),(226,1243780,'2013-10-28 04:25:22'),(226,1253970,'2013-10-28 04:25:35'),(226,1274369,'2013-10-28 04:25:33'),(226,1616907,'2013-10-28 04:25:14'),(226,1630353,'2013-10-28 04:25:24'),(226,1631918,'2013-10-28 04:25:37'),(226,1664780,'2013-10-28 04:25:30'),(226,1674135,'2013-10-28 04:25:35'),(226,1675830,'2013-10-28 04:25:21'),(226,1678495,'2013-10-28 04:25:24'),(226,1686306,'2013-10-28 04:25:40'),(226,1707280,'2013-10-28 04:25:37'),(226,1770388,'2013-10-28 04:25:22'),(226,1876715,'2013-10-28 04:25:23'),(226,1971917,'2013-10-28 04:25:41'),(226,1977813,'2013-10-28 04:25:36'),(226,1979367,'2013-10-28 04:25:21'),(226,1979420,'2013-10-28 04:25:38'),(226,1979424,'2013-10-28 04:25:22'),(226,2007608,'2013-10-28 04:25:22'),(226,2058555,'2013-10-28 04:25:21'),(226,2059241,'2013-10-28 04:25:31'),(226,2059244,'2013-10-28 04:25:35'),(226,2059251,'2013-10-28 04:25:46'),(226,2059367,'2013-10-28 04:25:22'),(226,2060184,'2013-10-28 04:25:40'),(226,2064017,'2013-10-28 04:25:18'),(227,1928,'2013-10-28 04:25:43'),(227,303026,'2013-10-28 04:25:15'),(227,396115,'2013-10-28 04:25:45'),(227,406163,'2013-10-28 04:25:14'),(227,421599,'2013-10-28 04:25:42'),(227,502506,'2013-10-28 04:25:39'),(227,502710,'2013-10-28 04:25:28'),(227,518149,'2013-10-28 04:25:31'),(227,523490,'2013-10-28 04:25:30'),(227,534088,'2013-10-28 04:25:37'),(227,547043,'2013-10-28 04:25:23'),(227,553478,'2013-10-28 04:25:45'),(227,558818,'2013-10-28 04:25:41'),(227,563784,'2013-10-28 04:25:44'),(227,565747,'2013-10-28 04:25:39'),(227,565750,'2013-10-28 04:25:25'),(227,1109396,'2013-10-28 04:25:44'),(227,1115016,'2013-10-28 04:25:17'),(227,1117861,'2013-10-28 04:25:33'),(227,1243312,'2013-10-28 04:25:23'),(227,1245237,'2013-10-28 04:25:32'),(227,1254859,'2013-10-28 04:25:45'),(227,1630224,'2013-10-28 04:25:27'),(227,1632385,'2013-10-28 04:25:46'),(227,1633497,'2013-10-28 04:25:33'),(227,1675660,'2013-10-28 04:25:22'),(227,1700552,'2013-10-28 04:25:30'),(227,1737463,'2013-10-28 04:25:29'),(227,1854263,'2013-10-28 04:25:38'),(227,1854546,'2013-10-28 04:25:16'),(227,1891884,'2013-10-28 04:25:20'),(227,1891902,'2013-10-28 04:25:45'),(227,1971885,'2013-10-28 04:25:43'),(227,1974192,'2013-10-28 04:25:19'),(227,1974193,'2013-10-28 04:25:35'),(227,1975912,'2013-10-28 04:25:29'),(227,1975942,'2013-10-28 04:25:13'),(227,2060276,'2013-10-28 04:25:16'),(227,2060278,'2013-10-28 04:25:28'),(227,2060281,'2013-10-28 04:25:40'),(227,2060283,'2013-10-28 04:25:45'),(228,1929,'2013-10-28 04:25:39'),(228,187627,'2013-10-28 04:25:38'),(228,235234,'2013-10-28 04:25:35'),(228,302227,'2013-10-28 04:25:42'),(228,396159,'2013-10-28 04:25:25'),(228,492912,'2013-10-28 04:25:20'),(228,492959,'2013-10-28 04:25:29'),(228,502523,'2013-10-28 04:25:45'),(228,502839,'2013-10-28 04:25:35'),(228,504530,'2013-10-28 04:25:21'),(228,559624,'2013-10-28 04:25:37'),(228,583087,'2013-10-28 04:25:24'),(228,1116454,'2013-10-28 04:25:45'),(228,1117625,'2013-10-28 04:25:40'),(228,1117835,'2013-10-28 04:25:23'),(228,1125285,'2013-10-28 04:25:21'),(228,1244784,'2013-10-28 04:25:21'),(228,1246019,'2013-10-28 04:25:32'),(228,1254119,'2013-10-28 04:25:35'),(228,1272283,'2013-10-28 04:25:26'),(228,1272449,'2013-10-28 04:25:17'),(228,1272498,'2013-10-28 04:25:28'),(228,1272502,'2013-10-28 04:25:37'),(228,1272574,'2013-10-28 04:25:20'),(228,1273342,'2013-10-28 04:25:26'),(228,1273546,'2013-10-28 04:25:43'),(228,1273600,'2013-10-28 04:25:39'),(228,1277423,'2013-10-28 04:25:29'),(228,1620788,'2013-10-28 04:25:25'),(228,1630725,'2013-10-28 04:25:13'),(228,1675666,'2013-10-28 04:25:46'),(228,1691412,'2013-10-28 04:25:39'),(228,1702985,'2013-10-28 04:25:21'),(228,1737753,'2013-10-28 04:25:30'),(228,1854192,'2013-10-28 04:25:17'),(228,1971903,'2013-10-28 04:25:38'),(228,1975896,'2013-10-28 04:25:13'),(228,1975956,'2013-10-28 04:25:33'),(228,2058363,'2013-10-28 04:25:39'),(228,2058365,'2013-10-28 04:25:43'),(228,2058366,'2013-10-28 04:25:45'),(228,2058557,'2013-10-28 04:25:36'),(229,420059,'2013-10-28 04:25:40'),(229,1243006,'2013-10-28 04:25:38'),(229,1273179,'2013-10-28 04:25:29'),(229,1621175,'2013-10-28 04:25:19'),(229,1630429,'2013-10-28 04:25:27'),(229,1630750,'2013-10-28 04:25:32'),(229,1631001,'2013-10-28 04:25:20'),(229,1631205,'2013-10-28 04:25:12'),(229,1633188,'2013-10-28 04:25:19'),(229,1664257,'2013-10-28 04:25:36'),(229,1679724,'2013-10-28 04:25:19'),(229,1679885,'2013-10-28 04:25:44'),(229,1679913,'2013-10-28 04:25:41'),(229,1684461,'2013-10-28 04:25:30'),(229,1685895,'2013-10-28 04:25:35'),(229,1705702,'2013-10-28 04:25:45');
/*!40000 ALTER TABLE `nfl_players_nfl_teams` ENABLE KEYS */;
UNLOCK TABLES;

--
-- Table structure for table `nfl_players_weekly_scores`
--

DROP TABLE IF EXISTS `nfl_players_weekly_scores`;
/*!40101 SET @saved_cs_client     = @@character_set_client */;
/*!40101 SET character_set_client = utf8 */;
CREATE TABLE `nfl_players_weekly_scores` (
  `nfl_player_id` int(11) NOT NULL,
  `ff_week_id` int(11) NOT NULL,
  `score` int(11) NOT NULL DEFAULT '0',
  `nfl_player_status_id` int(11) NOT NULL,
  PRIMARY KEY (`nfl_player_id`,`ff_week_id`),
  KEY `fk_nfl_players_weekly_scores_nfl_players1_idx` (`nfl_player_id`),
  KEY `fk_nfl_players_weekly_scores_ff_weeks1_idx` (`ff_week_id`),
  KEY `fk_nfl_players_weekly_scores_nfl_player_statuses1_idx` (`nfl_player_status_id`),
  CONSTRAINT `fk_nfl_players_weekly_scores_nfl_players1` FOREIGN KEY (`nfl_player_id`) REFERENCES `nfl_players` (`id`) ON DELETE NO ACTION ON UPDATE NO ACTION,
  CONSTRAINT `fk_nfl_players_weekly_scores_ff_weeks1` FOREIGN KEY (`ff_week_id`) REFERENCES `ff_weeks` (`id`) ON DELETE NO ACTION ON UPDATE NO ACTION,
  CONSTRAINT `fk_nfl_players_weekly_scores_nfl_player_statuses1` FOREIGN KEY (`nfl_player_status_id`) REFERENCES `nfl_player_statuses` (`id`) ON DELETE NO ACTION ON UPDATE NO ACTION
) ENGINE=InnoDB DEFAULT CHARSET=latin1;
/*!40101 SET character_set_client = @saved_cs_client */;

--
-- Dumping data for table `nfl_players_weekly_scores`
--

LOCK TABLES `nfl_players_weekly_scores` WRITE;
/*!40000 ALTER TABLE `nfl_players_weekly_scores` DISABLE KEYS */;
/*!40000 ALTER TABLE `nfl_players_weekly_scores` ENABLE KEYS */;
UNLOCK TABLES;

--
-- Table structure for table `nfl_teams`
--

DROP TABLE IF EXISTS `nfl_teams`;
/*!40101 SET @saved_cs_client     = @@character_set_client */;
/*!40101 SET character_set_client = utf8 */;
CREATE TABLE `nfl_teams` (
  `id` int(11) NOT NULL AUTO_INCREMENT,
  `abvr` varchar(15) NOT NULL DEFAULT '',
  `name` varchar(100) NOT NULL,
  `nick_name` varchar(100) CHARACTER SET utf8 NOT NULL DEFAULT '',
  PRIMARY KEY (`id`),
  UNIQUE KEY `abvr` (`abvr`),
  UNIQUE KEY `nick_name` (`nick_name`),
  UNIQUE KEY `id` (`id`)
) ENGINE=InnoDB AUTO_INCREMENT=230 DEFAULT CHARSET=latin1;
/*!40101 SET character_set_client = @saved_cs_client */;

--
-- Dumping data for table `nfl_teams`
--

LOCK TABLES `nfl_teams` WRITE;
/*!40000 ALTER TABLE `nfl_teams` DISABLE KEYS */;
INSERT INTO `nfl_teams` VALUES (197,'ARI','Arizona','Cardinals'),(198,'ATL','Atlanta','Falcons'),(199,'BAL','Baltimore','Ravens'),(200,'BUF','Buffalo','Bills'),(201,'CAR','Carolina','Panthers'),(202,'CHI','Chicago','Bears'),(203,'CIN','Cincinnati','Bengals'),(204,'CLE','Cleveland','Browns'),(205,'DAL','Dallas','Cowboys'),(206,'DEN','Denver','Broncos'),(207,'DET','Detroit','Lions'),(208,'GB','Green Bay','Packers'),(209,'HOU','Houston','Texans'),(210,'IND','Indianapolis','Colts'),(211,'JAC','Jacksonville','Jaguars'),(212,'KC','Kansas City','Chiefs'),(213,'MIA','Miami','Dolphins'),(214,'MIN','Minnesota','Vikings'),(215,'NE','New England','Patriots'),(216,'NO','New Orleans','Saints'),(217,'NYG','New York','Giants'),(218,'NYJ','New York','Jets'),(219,'OAK','Oakland','Raiders'),(220,'PHI','Philadelphia','Eagles'),(221,'PIT','Pittsburgh','Steelers'),(222,'SD','San Diego','Chargers'),(223,'SF','San Francisco','49ers'),(224,'SEA','Seattle','Seahawks'),(225,'STL','St. Louis','Rams'),(226,'TB','Tampa Bay','Buccaneers'),(227,'TEN','Tennessee','Titans'),(228,'WAS','Washington','Redskins'),(229,'FA','Free Agent','Free Agent');
/*!40000 ALTER TABLE `nfl_teams` ENABLE KEYS */;
UNLOCK TABLES;

--
-- Temporary table structure for view `v_ff_team_roster`
--

DROP TABLE IF EXISTS `v_ff_team_roster`;
/*!50001 DROP VIEW IF EXISTS `v_ff_team_roster`*/;
SET @saved_cs_client     = @@character_set_client;
SET character_set_client = utf8;
/*!50001 CREATE TABLE `v_ff_team_roster` (
  `Owner Name` tinyint NOT NULL,
  `Team Name` tinyint NOT NULL,
  `Player Name` tinyint NOT NULL,
  `Pos` tinyint NOT NULL,
  `NFL Team` tinyint NOT NULL,
  `Last Updated` tinyint NOT NULL
) ENGINE=MyISAM */;
SET character_set_client = @saved_cs_client;

--
-- Temporary table structure for view `v_nfl_players`
--

DROP TABLE IF EXISTS `v_nfl_players`;
/*!50001 DROP VIEW IF EXISTS `v_nfl_players`*/;
SET @saved_cs_client     = @@character_set_client;
SET character_set_client = utf8;
/*!50001 CREATE TABLE `v_nfl_players` (
  `id` tinyint NOT NULL,
  `full_name` tinyint NOT NULL,
  `first_name` tinyint NOT NULL,
  `last_name` tinyint NOT NULL,
  `bye_week` tinyint NOT NULL,
  `pos` tinyint NOT NULL,
  `nfl_team` tinyint NOT NULL
) ENGINE=MyISAM */;
SET character_set_client = @saved_cs_client;

--
-- Final view structure for view `v_ff_team_roster`
--

/*!50001 DROP TABLE IF EXISTS `v_ff_team_roster`*/;
/*!50001 DROP VIEW IF EXISTS `v_ff_team_roster`*/;
/*!50001 SET @saved_cs_client          = @@character_set_client */;
/*!50001 SET @saved_cs_results         = @@character_set_results */;
/*!50001 SET @saved_col_connection     = @@collation_connection */;
/*!50001 SET character_set_client      = utf8 */;
/*!50001 SET character_set_results     = utf8 */;
/*!50001 SET collation_connection      = utf8_general_ci */;
/*!50001 CREATE ALGORITHM=UNDEFINED */
/*!50013 DEFINER=`mlarsen`@`localhost` SQL SECURITY DEFINER */
/*!50001 VIEW `v_ff_team_roster` AS select `ff_owners`.`name` AS `Owner Name`,`ff_teams`.`name` AS `Team Name`,`nfl_players`.`full_name` AS `Player Name`,`ff_positions`.`abvr` AS `Pos`,`nfl_teams`.`nick_name` AS `NFL Team`,max(`ff_teams_nfl_players`.`modified`) AS `Last Updated` from ((((((`nfl_players` join `ff_positions` on((`nfl_players`.`ff_positions_id` = `ff_positions`.`id`))) join `nfl_players_nfl_teams` on((`nfl_players`.`id` = `nfl_players_nfl_teams`.`nfl_player_id`))) join `nfl_teams` on((`nfl_players_nfl_teams`.`nfl_team_id` = `nfl_teams`.`id`))) join `ff_teams_nfl_players` on((`nfl_players`.`id` = `ff_teams_nfl_players`.`nfl_player_id`))) join `ff_teams` on((`ff_teams_nfl_players`.`ff_team_id` = `ff_teams`.`id`))) join `ff_owners` on((`ff_teams`.`ff_owner_id` = `ff_owners`.`id`))) group by `ff_owners`.`name`,`ff_teams`.`name`,`ff_positions`.`abvr`,`nfl_players`.`full_name`,`nfl_teams`.`nick_name` */;
/*!50001 SET character_set_client      = @saved_cs_client */;
/*!50001 SET character_set_results     = @saved_cs_results */;
/*!50001 SET collation_connection      = @saved_col_connection */;

--
-- Final view structure for view `v_nfl_players`
--

/*!50001 DROP TABLE IF EXISTS `v_nfl_players`*/;
/*!50001 DROP VIEW IF EXISTS `v_nfl_players`*/;
/*!50001 SET @saved_cs_client          = @@character_set_client */;
/*!50001 SET @saved_cs_results         = @@character_set_results */;
/*!50001 SET @saved_col_connection     = @@collation_connection */;
/*!50001 SET character_set_client      = utf8 */;
/*!50001 SET character_set_results     = utf8 */;
/*!50001 SET collation_connection      = utf8_general_ci */;
/*!50001 CREATE ALGORITHM=UNDEFINED */
/*!50013 DEFINER=`mlarsen`@`localhost` SQL SECURITY DEFINER */
/*!50001 VIEW `v_nfl_players` AS select `nfl_players`.`id` AS `id`,`nfl_players`.`full_name` AS `full_name`,`nfl_players`.`first_name` AS `first_name`,`nfl_players`.`last_name` AS `last_name`,`nfl_players`.`bye_week` AS `bye_week`,`ff_positions`.`abvr` AS `pos`,`nfl_teams`.`abvr` AS `nfl_team` from (((`nfl_players` join `ff_positions` on((`nfl_players`.`ff_positions_id` = `ff_positions`.`id`))) join `nfl_players_nfl_teams` on((`nfl_players`.`id` = `nfl_players_nfl_teams`.`nfl_player_id`))) join `nfl_teams` on((`nfl_players_nfl_teams`.`nfl_team_id` = `nfl_teams`.`id`))) */;
/*!50001 SET character_set_client      = @saved_cs_client */;
/*!50001 SET character_set_results     = @saved_cs_results */;
/*!50001 SET collation_connection      = @saved_col_connection */;
/*!40103 SET TIME_ZONE=@OLD_TIME_ZONE */;

/*!40101 SET SQL_MODE=@OLD_SQL_MODE */;
/*!40014 SET FOREIGN_KEY_CHECKS=@OLD_FOREIGN_KEY_CHECKS */;
/*!40014 SET UNIQUE_CHECKS=@OLD_UNIQUE_CHECKS */;
/*!40101 SET CHARACTER_SET_CLIENT=@OLD_CHARACTER_SET_CLIENT */;
/*!40101 SET CHARACTER_SET_RESULTS=@OLD_CHARACTER_SET_RESULTS */;
/*!40101 SET COLLATION_CONNECTION=@OLD_COLLATION_CONNECTION */;
/*!40111 SET SQL_NOTES=@OLD_SQL_NOTES */;

-- Dump completed on 2013-11-01 17:01:59
