CREATE DATABASE  IF NOT EXISTS `ff_stats` /*!40100 DEFAULT CHARACTER SET latin1 */;
USE `ff_stats`;
-- MySQL dump 10.13  Distrib 5.6.13, for Win32 (x86)
--
-- Host: localhost    Database: ff_stats
-- ------------------------------------------------------
-- Server version	5.5.24-log

/*!40101 SET @OLD_CHARACTER_SET_CLIENT=@@CHARACTER_SET_CLIENT */;
/*!40101 SET @OLD_CHARACTER_SET_RESULTS=@@CHARACTER_SET_RESULTS */;
/*!40101 SET @OLD_COLLATION_CONNECTION=@@COLLATION_CONNECTION */;
/*!40101 SET NAMES utf8 */;
/*!40103 SET @OLD_TIME_ZONE=@@TIME_ZONE */;
/*!40103 SET TIME_ZONE='+00:00' */;
/*!40014 SET @OLD_UNIQUE_CHECKS=@@UNIQUE_CHECKS, UNIQUE_CHECKS=0 */;
/*!40014 SET @OLD_FOREIGN_KEY_CHECKS=@@FOREIGN_KEY_CHECKS, FOREIGN_KEY_CHECKS=0 */;
/*!40101 SET @OLD_SQL_MODE=@@SQL_MODE, SQL_MODE='NO_AUTO_VALUE_ON_ZERO' */;
/*!40111 SET @OLD_SQL_NOTES=@@SQL_NOTES, SQL_NOTES=0 */;

--
-- Table structure for table `ff_owners`
--

DROP TABLE IF EXISTS `ff_owners`;
/*!40101 SET @saved_cs_client     = @@character_set_client */;
/*!40101 SET character_set_client = utf8 */;
CREATE TABLE `ff_owners` (
  `id` char(36) NOT NULL DEFAULT '',
  `name` varchar(100) NOT NULL,
  PRIMARY KEY (`id`)
) ENGINE=InnoDB DEFAULT CHARSET=latin1;
/*!40101 SET character_set_client = @saved_cs_client */;

--
-- Dumping data for table `ff_owners`
--

LOCK TABLES `ff_owners` WRITE;
/*!40000 ALTER TABLE `ff_owners` DISABLE KEYS */;
INSERT INTO `ff_owners` VALUES ('804D9D32-3AC0-11E3-894C-C7B68FE97CC8','Matt Larsen'),('80F7E8D2-3AC0-11E3-894C-C7B68FE97CC8','Owner 2'),('80FD007E-3AC0-11E3-894C-C7B68FE97CC8','Owner 3'),('81028738-3AC0-11E3-894C-C7B68FE97CC8','Owner 4'),('81076F96-3AC0-11E3-894C-C7B68FE97CC8','Owner 5'),('810C59E8-3AC0-11E3-894C-C7B68FE97CC8','Owner 6'),('811144DA-3AC0-11E3-894C-C7B68FE97CC8','Owner 7'),('81162DA6-3AC0-11E3-894C-C7B68FE97CC8','Owner 8'),('811B1960-3AC0-11E3-894C-C7B68FE97CC8','Owner 9'),('81200394-3AC0-11E3-894C-C7B68FE97CC8','Owner 10');
/*!40000 ALTER TABLE `ff_owners` ENABLE KEYS */;
UNLOCK TABLES;

--
-- Table structure for table `ff_positions`
--

DROP TABLE IF EXISTS `ff_positions`;
/*!40101 SET @saved_cs_client     = @@character_set_client */;
/*!40101 SET character_set_client = utf8 */;
CREATE TABLE `ff_positions` (
  `id` int(11) NOT NULL AUTO_INCREMENT,
  `abvr` varchar(15) NOT NULL DEFAULT '',
  `name` varchar(100) NOT NULL DEFAULT '',
  `ff_stats_group_id` int(11) NOT NULL,
  PRIMARY KEY (`id`),
  UNIQUE KEY `abvr` (`abvr`),
  UNIQUE KEY `name` (`name`),
  KEY `ff_stats_group_id` (`ff_stats_group_id`),
  CONSTRAINT `ff_positions_ibfk_1` FOREIGN KEY (`ff_stats_group_id`) REFERENCES `ff_stats_groups` (`id`)
) ENGINE=InnoDB AUTO_INCREMENT=64 DEFAULT CHARSET=latin1;
/*!40101 SET character_set_client = @saved_cs_client */;

--
-- Dumping data for table `ff_positions`
--

LOCK TABLES `ff_positions` WRITE;
/*!40000 ALTER TABLE `ff_positions` DISABLE KEYS */;
INSERT INTO `ff_positions` VALUES (58,'QB','Quarter Back',3),(59,'RB','Running Back',3),(60,'WR','Wide Receiver',3),(61,'TE','Tight End',3),(62,'K','Kicker',3),(63,'DST','Defense/ST',4);
/*!40000 ALTER TABLE `ff_positions` ENABLE KEYS */;
UNLOCK TABLES;

--
-- Table structure for table `ff_seasons`
--

DROP TABLE IF EXISTS `ff_seasons`;
/*!40101 SET @saved_cs_client     = @@character_set_client */;
/*!40101 SET character_set_client = utf8 */;
CREATE TABLE `ff_seasons` (
  `id` int(11) NOT NULL,
  `start_date` datetime NOT NULL,
  `end_date` datetime NOT NULL,
  PRIMARY KEY (`id`),
  UNIQUE KEY `id_UNIQUE` (`id`)
) ENGINE=InnoDB DEFAULT CHARSET=latin1;
/*!40101 SET character_set_client = @saved_cs_client */;

--
-- Dumping data for table `ff_seasons`
--

LOCK TABLES `ff_seasons` WRITE;
/*!40000 ALTER TABLE `ff_seasons` DISABLE KEYS */;
INSERT INTO `ff_seasons` VALUES (2013,'2013-09-04 00:00:00','2013-12-16 00:00:00');
/*!40000 ALTER TABLE `ff_seasons` ENABLE KEYS */;
UNLOCK TABLES;

--
-- Table structure for table `ff_stats_groups`
--

DROP TABLE IF EXISTS `ff_stats_groups`;
/*!40101 SET @saved_cs_client     = @@character_set_client */;
/*!40101 SET character_set_client = utf8 */;
CREATE TABLE `ff_stats_groups` (
  `id` int(11) NOT NULL AUTO_INCREMENT,
  `name` varchar(60) NOT NULL DEFAULT '',
  PRIMARY KEY (`id`),
  UNIQUE KEY `name` (`name`)
) ENGINE=InnoDB AUTO_INCREMENT=5 DEFAULT CHARSET=latin1;
/*!40101 SET character_set_client = @saved_cs_client */;

--
-- Dumping data for table `ff_stats_groups`
--

LOCK TABLES `ff_stats_groups` WRITE;
/*!40000 ALTER TABLE `ff_stats_groups` DISABLE KEYS */;
INSERT INTO `ff_stats_groups` VALUES (4,'Defensive'),(3,'Offensive');
/*!40000 ALTER TABLE `ff_stats_groups` ENABLE KEYS */;
UNLOCK TABLES;

--
-- Table structure for table `ff_teams`
--

DROP TABLE IF EXISTS `ff_teams`;
/*!40101 SET @saved_cs_client     = @@character_set_client */;
/*!40101 SET character_set_client = utf8 */;
CREATE TABLE `ff_teams` (
  `id` int(11) NOT NULL,
  `name` varchar(120) NOT NULL,
  `short_name` varchar(60) NOT NULL,
  `abbr` varchar(45) NOT NULL,
  `long_abbr` varchar(60) NOT NULL,
  `logo` varchar(250) DEFAULT NULL COMMENT 'URL for the team logo',
  `ff_owner_id` char(36) NOT NULL,
  PRIMARY KEY (`id`),
  UNIQUE KEY `id_UNIQUE` (`id`),
  KEY `fk_ff_owners_ff_teams` (`ff_owner_id`),
  CONSTRAINT `fk_ff_owners_ff_teams` FOREIGN KEY (`ff_owner_id`) REFERENCES `ff_owners` (`id`)
) ENGINE=InnoDB DEFAULT CHARSET=latin1;
/*!40101 SET character_set_client = @saved_cs_client */;

--
-- Dumping data for table `ff_teams`
--

LOCK TABLES `ff_teams` WRITE;
/*!40000 ALTER TABLE `ff_teams` DISABLE KEYS */;
INSERT INTO `ff_teams` VALUES (1,'Team 1','Team 1','T1','Team1','http://sports.cbsimg.net/images/splash/football/36x36-mgmtgold-t.jpg','804D9D32-3AC0-11E3-894C-C7B68FE97CC8'),(2,'Team 2','Team 2','T2','Team2','http://sports.cbsimg.net/images/splash/football/36x36-mgmtgold-t.jpg','80F7E8D2-3AC0-11E3-894C-C7B68FE97CC8'),(3,'Team 3','Team 3','T3','Team3','http://sports.cbsimg.net/images/splash/football/36x36-mgmtgold-t.jpg','80FD007E-3AC0-11E3-894C-C7B68FE97CC8'),(4,'Team 4','Team 4','T4','Team4','http://sports.cbsimg.net/images/splash/football/36x36-mgmtgold-t.jpg','81028738-3AC0-11E3-894C-C7B68FE97CC8'),(5,'Team 5','Team 5','T5','Team5','http://sports.cbsimg.net/images/splash/football/36x36-mgmtgold-t.jpg','81076F96-3AC0-11E3-894C-C7B68FE97CC8'),(6,'Team 6','Team 6','T6','Team6','http://sports.cbsimg.net/images/splash/football/36x36-mgmtgold-t.jpg','810C59E8-3AC0-11E3-894C-C7B68FE97CC8'),(7,'Team 7','Team 7','T7','Team7','http://sports.cbsimg.net/images/splash/football/36x36-mgmtgold-t.jpg','811144DA-3AC0-11E3-894C-C7B68FE97CC8'),(8,'Team 8','Team 8','T8','Team8','http://sports.cbsimg.net/images/splash/football/36x36-mgmtgold-t.jpg','81162DA6-3AC0-11E3-894C-C7B68FE97CC8'),(9,'Team 9','Team 9','T9','Team9','http://sports.cbsimg.net/images/splash/football/36x36-mgmtgold-t.jpg','811B1960-3AC0-11E3-894C-C7B68FE97CC8'),(10,'Team 10','Team 1','T1','Team10','http://sports.cbsimg.net/images/splash/football/36x36-mgmtgold-t.jpg','81200394-3AC0-11E3-894C-C7B68FE97CC8');
/*!40000 ALTER TABLE `ff_teams` ENABLE KEYS */;
UNLOCK TABLES;

--
-- Table structure for table `ff_teams_nfl_players`
--

DROP TABLE IF EXISTS `ff_teams_nfl_players`;
/*!40101 SET @saved_cs_client     = @@character_set_client */;
/*!40101 SET character_set_client = utf8 */;
CREATE TABLE `ff_teams_nfl_players` (
  `ff_team_id` int(11) NOT NULL,
  `nfl_player_id` int(11) NOT NULL,
  `modified` datetime NOT NULL,
  PRIMARY KEY (`ff_team_id`,`nfl_player_id`),
  KEY `fk_nfl_player_id_roster_idx` (`nfl_player_id`),
  CONSTRAINT `fk_ff_team_id_roster` FOREIGN KEY (`ff_team_id`) REFERENCES `ff_teams` (`id`) ON DELETE NO ACTION ON UPDATE NO ACTION,
  CONSTRAINT `fk_nfl_player_id_roster` FOREIGN KEY (`nfl_player_id`) REFERENCES `nfl_players` (`id`) ON DELETE NO ACTION ON UPDATE NO ACTION
) ENGINE=InnoDB DEFAULT CHARSET=latin1;
/*!40101 SET character_set_client = @saved_cs_client */;

--
-- Dumping data for table `ff_teams_nfl_players`
--

LOCK TABLES `ff_teams_nfl_players` WRITE;
/*!40000 ALTER TABLE `ff_teams_nfl_players` DISABLE KEYS */;
INSERT INTO `ff_teams_nfl_players` VALUES (1,1911,'2013-10-30 23:08:51'),(1,396886,'2013-10-30 23:08:51'),(1,409254,'2013-10-30 23:08:51'),(1,411579,'2013-10-30 23:08:51'),(1,431446,'2013-10-30 23:08:51'),(1,518611,'2013-10-30 23:08:51'),(1,565805,'2013-10-30 23:08:51'),(1,583087,'2013-10-30 23:08:51'),(1,1113529,'2013-10-30 23:08:51'),(1,1116922,'2013-10-30 23:08:51'),(1,1243187,'2013-10-30 23:08:51'),(1,1272852,'2013-10-30 23:08:51'),(1,1623794,'2013-10-30 23:08:51'),(1,1737248,'2013-10-30 23:08:51'),(2,1922,'2013-10-30 23:08:51'),(2,187389,'2013-10-30 23:08:51'),(2,396811,'2013-10-30 23:08:51'),(2,407605,'2013-10-30 23:08:51'),(2,419780,'2013-10-30 23:08:51'),(2,492934,'2013-10-30 23:08:51'),(2,493004,'2013-10-30 23:08:51'),(2,493043,'2013-10-30 23:08:51'),(2,523103,'2013-10-30 23:08:51'),(2,559687,'2013-10-30 23:08:51'),(2,564954,'2013-10-30 23:08:51'),(2,1125961,'2013-10-30 23:08:51'),(2,1226369,'2013-10-30 23:08:51'),(2,1700338,'2013-10-30 23:08:51'),(3,1906,'2013-10-30 23:08:51'),(3,235256,'2013-10-30 23:08:51'),(3,493735,'2013-10-30 23:08:51'),(3,504530,'2013-10-30 23:08:51'),(3,1244303,'2013-10-30 23:08:51'),(3,1254119,'2013-10-30 23:08:51'),(3,1274369,'2013-10-30 23:08:51'),(3,1620788,'2013-10-30 23:08:51'),(3,1632083,'2013-10-30 23:08:51'),(3,1673733,'2013-10-30 23:08:51'),(3,1682170,'2013-10-30 23:08:51'),(3,1686045,'2013-10-30 23:08:51'),(3,1707637,'2013-10-30 23:08:51'),(3,1823890,'2013-10-30 23:08:51'),(4,1907,'2013-10-30 23:08:51'),(4,187741,'2013-10-30 23:08:51'),(4,235157,'2013-10-30 23:08:51'),(4,312308,'2013-10-30 23:08:51'),(4,396134,'2013-10-30 23:08:51'),(4,417623,'2013-10-30 23:08:51'),(4,493041,'2013-10-30 23:08:51'),(4,517620,'2013-10-30 23:08:51'),(4,1123691,'2013-10-30 23:08:51'),(4,1242961,'2013-10-30 23:08:51'),(4,1273854,'2013-10-30 23:08:51'),(4,1616291,'2013-10-30 23:08:51'),(4,1673207,'2013-10-30 23:08:51'),(4,1691430,'2013-10-30 23:08:51'),(5,1926,'2013-10-30 23:08:51'),(5,235197,'2013-10-30 23:08:51'),(5,396162,'2013-10-30 23:08:51'),(5,396173,'2013-10-30 23:08:51'),(5,409102,'2013-10-30 23:08:51'),(5,502524,'2013-10-30 23:08:51'),(5,523490,'2013-10-30 23:08:51'),(5,559554,'2013-10-30 23:08:51'),(5,584290,'2013-10-30 23:08:51'),(5,1115016,'2013-10-30 23:08:51'),(5,1117835,'2013-10-30 23:08:51'),(5,1117861,'2013-10-30 23:08:51'),(5,1244982,'2013-10-30 23:08:51'),(5,1273654,'2013-10-30 23:08:51'),(6,1903,'2013-10-30 23:08:51'),(6,411568,'2013-10-30 23:08:51'),(6,420095,'2013-10-30 23:08:51'),(6,421419,'2013-10-30 23:08:51'),(6,493050,'2013-10-30 23:08:51'),(6,561926,'2013-10-30 23:08:51'),(6,584640,'2013-10-30 23:08:51'),(6,1115064,'2013-10-30 23:08:51'),(6,1127382,'2013-10-30 23:08:51'),(6,1250697,'2013-10-30 23:08:51'),(6,1272524,'2013-10-30 23:08:51'),(6,1272538,'2013-10-30 23:08:51'),(6,1684073,'2013-10-30 23:08:51'),(6,1985374,'2013-10-30 23:08:51'),(7,1902,'2013-10-30 23:08:51'),(7,12320,'2013-10-30 23:08:51'),(7,12400,'2013-10-30 23:08:51'),(7,408644,'2013-10-30 23:08:51'),(7,426135,'2013-10-30 23:08:51'),(7,504639,'2013-10-30 23:08:51'),(7,1243206,'2013-10-30 23:08:51'),(7,1272286,'2013-10-30 23:08:51'),(7,1273006,'2013-10-30 23:08:51'),(7,1623793,'2013-10-30 23:08:51'),(7,1631912,'2013-10-30 23:08:51'),(7,1691422,'2013-10-30 23:08:51'),(7,1713803,'2013-10-30 23:08:51'),(7,1751258,'2013-10-30 23:08:51'),(8,1909,'2013-10-30 23:08:51'),(8,12531,'2013-10-30 23:08:51'),(8,235253,'2013-10-30 23:08:51'),(8,409879,'2013-10-30 23:08:51'),(8,502629,'2013-10-30 23:08:51'),(8,541651,'2013-10-30 23:08:51'),(8,559250,'2013-10-30 23:08:51'),(8,584314,'2013-10-30 23:08:51'),(8,1114610,'2013-10-30 23:08:51'),(8,1123282,'2013-10-30 23:08:51'),(8,1272242,'2013-10-30 23:08:51'),(8,1615897,'2013-10-30 23:08:51'),(8,1691169,'2013-10-30 23:08:51'),(8,1971914,'2013-10-30 23:08:51'),(9,1931,'2013-10-30 23:08:51'),(9,492963,'2013-10-30 23:08:51'),(9,517568,'2013-10-30 23:08:51'),(9,552642,'2013-10-30 23:08:51'),(9,1114942,'2013-10-30 23:08:51'),(9,1114965,'2013-10-30 23:08:51'),(9,1123599,'2013-10-30 23:08:51'),(9,1130583,'2013-10-30 23:08:51'),(9,1244459,'2013-10-30 23:08:51'),(9,1632091,'2013-10-30 23:08:51'),(9,1632503,'2013-10-30 23:08:51'),(9,1633122,'2013-10-30 23:08:51'),(9,1674136,'2013-10-30 23:08:51'),(9,1971912,'2013-10-30 23:08:51'),(10,1925,'2013-10-30 23:08:51'),(10,406856,'2013-10-30 23:08:51'),(10,409170,'2013-10-30 23:08:51'),(10,423714,'2013-10-30 23:08:51'),(10,516968,'2013-10-30 23:08:51'),(10,520778,'2013-10-30 23:08:51'),(10,564952,'2013-10-30 23:08:51'),(10,1109832,'2013-10-30 23:08:51'),(10,1117392,'2013-10-30 23:08:51'),(10,1273186,'2013-10-30 23:08:51'),(10,1616817,'2013-10-30 23:08:51'),(10,1664188,'2013-10-30 23:08:51'),(10,1691166,'2013-10-30 23:08:51'),(10,1691608,'2013-10-30 23:08:51');
/*!40000 ALTER TABLE `ff_teams_nfl_players` ENABLE KEYS */;
UNLOCK TABLES;

--
-- Table structure for table `ff_weeks`
--

DROP TABLE IF EXISTS `ff_weeks`;
/*!40101 SET @saved_cs_client     = @@character_set_client */;
/*!40101 SET character_set_client = utf8 */;
CREATE TABLE `ff_weeks` (
  `id` int(11) NOT NULL AUTO_INCREMENT,
  `number` int(11) NOT NULL,
  `start_date` datetime NOT NULL,
  `ff_season_id` int(11) NOT NULL,
  PRIMARY KEY (`id`),
  UNIQUE KEY `id_UNIQUE` (`id`),
  KEY `fk_ff_seasons_ff_weeks_idx` (`ff_season_id`),
  CONSTRAINT `fk_ff_seasons_ff_weeks` FOREIGN KEY (`ff_season_id`) REFERENCES `ff_seasons` (`id`) ON DELETE NO ACTION ON UPDATE NO ACTION
) ENGINE=InnoDB AUTO_INCREMENT=16 DEFAULT CHARSET=latin1;
/*!40101 SET character_set_client = @saved_cs_client */;

--
-- Dumping data for table `ff_weeks`
--

LOCK TABLES `ff_weeks` WRITE;
/*!40000 ALTER TABLE `ff_weeks` DISABLE KEYS */;
INSERT INTO `ff_weeks` VALUES (1,1,'2013-09-04 00:00:00',2013),(2,2,'2013-09-11 00:00:00',2013),(3,3,'2013-09-18 00:00:00',2013),(4,4,'2013-09-25 00:00:00',2013),(5,5,'2013-10-02 00:00:00',2013),(6,6,'2013-10-09 00:00:00',2013),(7,7,'2013-10-16 00:00:00',2013),(8,8,'2013-10-23 00:00:00',2013),(9,9,'2013-10-30 00:00:00',2013),(10,10,'2013-11-06 00:00:00',2013),(11,11,'2013-11-13 00:00:00',2013),(12,12,'2013-11-20 00:00:00',2013),(13,13,'2013-11-27 00:00:00',2013),(14,14,'2013-12-04 00:00:00',2013),(15,15,'2013-12-11 00:00:00',2013);
/*!40000 ALTER TABLE `ff_weeks` ENABLE KEYS */;
UNLOCK TABLES;

--
-- Table structure for table `nfl_player_statuses`
--

DROP TABLE IF EXISTS `nfl_player_statuses`;
/*!40101 SET @saved_cs_client     = @@character_set_client */;
/*!40101 SET character_set_client = utf8 */;
CREATE TABLE `nfl_player_statuses` (
  `id` int(11) NOT NULL AUTO_INCREMENT,
  `abvr` varchar(15) NOT NULL,
  `name` varchar(100) NOT NULL,
  PRIMARY KEY (`id`),
  UNIQUE KEY `abvr` (`abvr`),
  UNIQUE KEY `name` (`name`)
) ENGINE=InnoDB AUTO_INCREMENT=5 DEFAULT CHARSET=latin1;
/*!40101 SET character_set_client = @saved_cs_client */;

--
-- Dumping data for table `nfl_player_statuses`
--

LOCK TABLES `nfl_player_statuses` WRITE;
/*!40000 ALTER TABLE `nfl_player_statuses` DISABLE KEYS */;
INSERT INTO `nfl_player_statuses` VALUES (3,'A','Active'),(4,'I','Inactive');
/*!40000 ALTER TABLE `nfl_player_statuses` ENABLE KEYS */;
UNLOCK TABLES;

--
-- Table structure for table `nfl_players`
--

DROP TABLE IF EXISTS `nfl_players`;
/*!40101 SET @saved_cs_client     = @@character_set_client */;
/*!40101 SET character_set_client = utf8 */;
CREATE TABLE `nfl_players` (
  `id` int(11) NOT NULL AUTO_INCREMENT,
  `full_name` varchar(120) NOT NULL,
  `first_name` varchar(60) DEFAULT NULL,
  `last_name` varchar(60) DEFAULT NULL,
  `bye_week` int(11) NOT NULL,
  `avg_score` int(11) DEFAULT '0',
  `ff_positions_id` int(11) NOT NULL,
  `nfl_player_statuses_id` int(11) NOT NULL DEFAULT '3',
  PRIMARY KEY (`id`),
  KEY `fk_nfl_players_nfl_player_statuses` (`nfl_player_statuses_id`),
  KEY `fk_nfl_players_ff_positions` (`ff_positions_id`),
  CONSTRAINT `fk_nfl_players_ff_positions` FOREIGN KEY (`ff_positions_id`) REFERENCES `ff_positions` (`id`),
  CONSTRAINT `fk_nfl_player_nfl_player_statuses` FOREIGN KEY (`nfl_player_statuses_id`) REFERENCES `nfl_player_statuses` (`id`)
) ENGINE=InnoDB AUTO_INCREMENT=2090504 DEFAULT CHARSET=latin1;
/*!40101 SET character_set_client = @saved_cs_client */;

--
-- Dumping data for table `nfl_players`
--

LOCK TABLES `nfl_players` WRITE;
/*!40000 ALTER TABLE `nfl_players` DISABLE KEYS */;
INSERT INTO `nfl_players` VALUES (1290,'Terrell Owens','Terrell','Owens',12,0,60,3),(1379,'John Kasay','John','Kasay',7,0,62,3),(1384,'Jason Hanson','Jason','Hanson',9,0,62,3),(1392,'Adam Vinatieri','Adam','Vinatieri',8,0,62,3),(1666,'David Akers','David','Akers',9,0,62,3),(1727,'Ryan Longwell','Ryan','Longwell',12,0,62,3),(1751,'Olindo Mare','Olindo','Mare',8,0,62,3),(1901,'Cardinals','','Cardinals',9,0,63,3),(1902,'Falcons','','Falcons',6,0,63,3),(1903,'Ravens','','Ravens',8,0,63,3),(1904,'Bills','','Bills',12,0,63,3),(1905,'Panthers','','Panthers',4,0,63,3),(1906,'Bears','','Bears',8,0,63,3),(1907,'Bengals','','Bengals',12,0,63,3),(1908,'Cowboys','','Cowboys',11,0,63,3),(1909,'Broncos','','Broncos',9,0,63,3),(1910,'Lions','','Lions',9,0,63,3),(1911,'Packers','','Packers',4,0,63,3),(1912,'Colts','','Colts',8,0,63,3),(1913,'Jaguars','','Jaguars',9,0,63,3),(1914,'Chiefs','','Chiefs',10,0,63,3),(1915,'Dolphins','','Dolphins',6,0,63,3),(1916,'Vikings','','Vikings',5,0,63,3),(1917,'Saints','','Saints',7,0,63,3),(1918,'Giants','','Giants',9,0,63,3),(1919,'Jets','','Jets',10,0,63,3),(1920,'Raiders','','Raiders',7,0,63,3),(1921,'Eagles','','Eagles',12,0,63,3),(1922,'Steelers','','Steelers',5,0,63,3),(1923,'Rams','','Rams',11,0,63,3),(1924,'Chargers','','Chargers',8,0,63,3),(1925,'49ers','','49ers',9,0,63,3),(1926,'Seahawks','','Seahawks',12,0,63,3),(1927,'Buccaneers','','Buccaneers',5,0,63,3),(1928,'Titans','','Titans',8,0,63,3),(1929,'Redskins','','Redskins',5,0,63,3),(1930,'Browns','','Browns',10,0,63,3),(1931,'Patriots','','Patriots',10,0,63,3),(1932,'Texans','','Texans',8,0,63,3),(4056,'Michael Palmer','Michael','Palmer',5,0,61,3),(12204,'Charlie Batch','Charlie','Batch',5,0,58,3),(12320,'Phil Dawson','Phil','Dawson',9,0,62,3),(12400,'Tony Gonzalez','Tony','Gonzalez',6,0,61,3),(12429,'Matt Hasselbeck','Matt','Hasselbeck',8,0,58,3),(12531,'Peyton Manning','Peyton','Manning',9,0,58,3),(12576,'Randy Moss','Randy','Moss',9,0,60,3),(133236,'Kris Brown','Kris','Brown',11,0,62,3),(133276,'Donald Driver','Donald','Driver',4,0,60,3),(133424,'Brandon Stokley','Brandon','Stokley',8,0,60,3),(146369,'Joe Zelenka','Joe','Zelenka',6,0,61,3),(187385,'Plaxico Burress','Plaxico','Burress',5,0,60,3),(187389,'Sebastian Janikowski','Sebastian','Janikowski',7,0,62,3),(187572,'Brian Jennings','Brian','Jennings',9,0,61,3),(187627,'Neil Rackers','Neil','Rackers',5,0,62,3),(187629,'Chris Redman','Chris','Redman',6,0,58,3),(187741,'Tom Brady','Tom','Brady',10,0,58,3),(192741,'Mike Leach','Mike','Leach',9,0,61,3),(195697,'Rian Lindell','Rian','Lindell',5,0,62,3),(234829,'Jay Feely','Jay','Feely',9,0,62,3),(235056,'A.J. Feeley','A.J.','Feeley',11,0,58,3),(235131,'Moran Norris','Moran','Norris',8,0,59,3),(235151,'Sage Rosenfels','Sage','Rosenfels',5,0,58,3),(235157,'Steve Smith','Steve','Smith',4,0,60,3),(235197,'Drew Brees','Drew','Brees',7,0,58,3),(235215,'Todd Heap','Todd','Heap',9,0,61,3),(235222,'Chad Johnson','Chad','Johnson',6,0,60,3),(235234,'Santana Moss','Santana','Moss',5,0,60,3),(235253,'Michael Vick','Michael','Vick',12,0,58,3),(235256,'Reggie Wayne','Reggie','Wayne',8,0,60,3),(235388,'Lawrence Tynes','Lawrence','Tynes',5,0,62,3),(289074,'Shayne Graham','Shayne','Graham',5,0,62,3),(301996,'Rock Cartwright','Rock','Cartwright',9,0,59,3),(302027,'David Garrard','David','Garrard',10,0,58,3),(302085,'Josh McCown','Josh','McCown',8,0,58,3),(302087,'Randy McMichael','Randy','McMichael',8,0,61,3),(302103,'Justin Peelle','Justin','Peelle',5,0,61,3),(302177,'Deion Branch','Deion','Branch',10,0,60,3),(302195,'Daniel Graham','Daniel','Graham',7,0,61,3),(302227,'Donte\' Stallworth','Donte\'','Stallworth',5,0,60,3),(303026,'Rob Bironas','Rob','Bironas',8,0,62,3),(303192,'Corey McIntyre','Corey','McIntyre',12,0,59,3),(303245,'Billy Cundiff','Billy','Cundiff',10,0,62,3),(303369,'Shaun Hill','Shaun','Hill',9,0,58,3),(306268,'David Carr','David','Carr',9,0,58,3),(306271,'Jabar Gaffney','Jabar','Gaffney',6,0,60,3),(312308,'Matt Bryant','Matt','Bryant',6,0,62,3),(395928,'Anquan Boldin','Anquan','Boldin',9,0,60,3),(395934,'Josh Brown','Josh','Brown',9,0,62,3),(395935,'Nate Burleson','Nate','Burleson',9,0,60,3),(396017,'Donald Lee','Donald','Lee',12,0,61,3),(396021,'Brandon Lloyd','Brandon','Lloyd',10,0,60,3),(396044,'Ovie Mughelli','Ovie','Mughelli',11,0,59,3),(396083,'Visanthe Shiancoe','Visanthe','Shiancoe',8,0,61,3),(396113,'Seneca Wallace','Seneca','Wallace',4,0,58,3),(396115,'Kevin Walter','Kevin','Walter',8,0,60,3),(396134,'Jason Witten','Jason','Witten',11,0,61,3),(396154,'Dallas Clark','Dallas','Clark',8,0,61,3),(396159,'Rex Grossman','Rex','Grossman',5,0,58,3),(396162,'Andre Johnson','Andre','Johnson',8,0,60,3),(396163,'Bryant Johnson','Bryant','Johnson',8,0,60,3),(396167,'Byron Leftwich','Byron','Leftwich',5,0,58,3),(396170,'Willis McGahee','Willis','McGahee',10,0,59,3),(396173,'Carson Palmer','Carson','Palmer',9,0,58,3),(396811,'Antonio Gates','Antonio','Gates',8,0,61,3),(396875,'Kassim Osgood','Kassim','Osgood',9,0,60,3),(396886,'Tony Romo','Tony','Romo',11,0,58,3),(396972,'Will Heller','Will','Heller',9,0,61,3),(405598,'Derek Anderson','Derek','Anderson',4,0,58,3),(405738,'Devin Aromashodu','Devin','Aromashodu',8,0,60,3),(405824,'Jason Avant','Jason','Avant',12,0,60,3),(405833,'Donnie Avery','Donnie','Avery',10,0,60,3),(405920,'Billy Bajema','Billy','Bajema',8,0,61,3),(406163,'Jackie Battle','Jackie','Battle',8,0,59,3),(406245,'John Beck','John','Beck',8,0,58,3),(406400,'Cedric Benson','Cedric','Benson',4,0,59,3),(406777,'Lorenzo Booker','Lorenzo','Booker',8,0,59,3),(406856,'Dwayne Bowe','Dwayne','Bowe',10,0,60,3),(407024,'Steve Breaston','Steve','Breaston',7,0,60,3),(407235,'Ronnie Brown','Ronnie','Brown',8,0,59,3),(407605,'Reggie Bush','Reggie','Bush',9,0,59,3),(407741,'Andre Caldwell','Andre','Caldwell',9,0,60,3),(407793,'Jason Campbell','Jason','Campbell',10,0,58,3),(407903,'John Carlson','John','Carlson',5,0,61,3),(408126,'Brent Celek','Brent','Celek',12,0,61,3),(408163,'Scott Chandler','Scott','Chandler',12,0,61,3),(408416,'Kellen Clemens','Kellen','Clemens',11,0,58,3),(408644,'Marques Colston','Marques','Colston',7,0,60,3),(408969,'Mason Crosby','Mason','Crosby',4,0,62,3),(409102,'Jay Cutler','Jay','Cutler',8,0,58,3),(409170,'Owen Daniels','Owen','Daniels',8,0,61,3),(409254,'Vernon Davis','Vernon','Davis',9,0,61,3),(409876,'Joel Dreessen','Joel','Dreessen',9,0,61,3),(409879,'Maurice Jones-Drew','Maurice','Jones-Drew',9,0,59,3),(410129,'Trent Edwards','Trent','Edwards',8,0,58,3),(410134,'Braylon Edwards','Braylon','Edwards',10,0,60,3),(410446,'Anthony Fasano','Anthony','Fasano',10,0,61,3),(410711,'Matt Flynn','Matt','Flynn',12,0,58,3),(410721,'Nick Folk','Nick','Folk',10,0,62,3),(411568,'Frank Gore','Frank','Gore',9,0,59,3),(411579,'Stephen Gostkowski','Stephen','Gostkowski',10,0,62,3),(411598,'Bruce Gradkowski','Bruce','Gradkowski',5,0,58,3),(411639,'Ryan Grant','Ryan','Grant',4,0,59,3),(411957,'Derek Hagan','Derek','Hagan',5,0,60,3),(412042,'Korey Hall','Korey','Hall',9,0,59,3),(412346,'Clark Harris','Clark','Harris',12,0,61,3),(412717,'Devin Hester','Devin','Hester',8,0,60,3),(412780,'Jason Hill','Jason','Hill',10,0,60,3),(412870,'Domenik Hixon','Domenik','Hixon',4,0,60,3),(413021,'Santonio Holmes','Santonio','Holmes',10,0,60,3),(413737,'Greg Jennings','Greg','Jennings',5,0,60,3),(414386,'Dustin Keller','Dustin','Keller',6,0,61,3),(414586,'Jeff King','Jeff','King',9,0,61,3),(414742,'Kevin Kolb','Kevin','Kolb',12,0,58,3),(415213,'Matt Leinart','Matt','Leinart',12,0,58,3),(415246,'Brian Leonard','Brian','Leonard',5,0,59,3),(415313,'Marcedes Lewis','Marcedes','Lewis',9,0,61,3),(416678,'Justin Medlock','Justin','Medlock',7,0,62,3),(416861,'Heath Miller','Heath','Miller',5,0,61,3),(417185,'Lance Moore','Lance','Moore',7,0,60,3),(417544,'Legedu Naanee','Legedu','Naanee',6,0,60,3),(417623,'Jordy Nelson','Jordy','Nelson',4,0,60,3),(417825,'Nick Novak','Nick','Novak',8,0,62,3),(417926,'Ben Obomanu','Ben','Obomanu',10,0,60,3),(418053,'Dan Orlovsky','Dan','Orlovsky',5,0,58,3),(418071,'Kyle Orton','Kyle','Orton',11,0,58,3),(418207,'Jordan Palmer','Jordan','Palmer',8,0,58,3),(418311,'Roscoe Parrish','Roscoe','Parrish',5,0,60,3),(419111,'Brady Quinn','Brady','Quinn',11,0,58,3),(419723,'Michael Robinson','Michael','Robinson',12,0,59,3),(419756,'Laurent Robinson','Laurent','Robinson',9,0,60,3),(419764,'Courtney Roby','Courtney','Roby',7,0,60,3),(419780,'Aaron Rodgers','Aaron','Rodgers',4,0,58,3),(419998,'Martin Rucker','Martin','Rucker',10,0,61,3),(420059,'JaMarcus Russell','JaMarcus','Russell',0,0,58,3),(420095,'Matt Ryan','Matt','Ryan',6,0,58,3),(420366,'Tony Scheffler','Tony','Scheffler',9,0,61,3),(421070,'Steve Smith','Steve','Smith',5,0,60,3),(421093,'Alex Smith','Alex','Smith',12,0,61,3),(421123,'Troy Smith','Troy','Smith',5,0,58,3),(421137,'Brad Smith','Brad','Smith',12,0,60,3),(421274,'Jason Snelling','Jason','Snelling',6,0,59,3),(421347,'Matt Spaeth','Matt','Spaeth',5,0,61,3),(421419,'Darren Sproles','Darren','Sproles',7,0,59,3),(421459,'Isaiah Stanback','Isaiah','Stanback',9,0,61,3),(421487,'Drew Stanton','Drew','Stanton',9,0,58,3),(421599,'Craig Stevens','Craig','Stevens',8,0,61,3),(421695,'Maurice Stovall','Maurice','Stovall',9,0,60,3),(421946,'Jacob Tamme','Jacob','Tamme',9,0,61,3),(422192,'David Thomas','David','Thomas',7,0,61,3),(422864,'Lawrence Vickers','Lawrence','Vickers',11,0,59,3),(423207,'Leon Washington','Leon','Washington',10,0,59,3),(423552,'Charlie Whitehurst','Charlie','Whitehurst',8,0,58,3),(423714,'DeAngelo Williams','DeAngelo','Williams',4,0,59,3),(423719,'Demetrius Williams','Demetrius','Williams',9,0,60,3),(424340,'Vince Young','Vince','Young',4,0,58,3),(426135,'Brandon Marshall','Brandon','Marshall',8,0,60,3),(430316,'Thomas Clayton','Thomas','Clayton',9,0,59,3),(431145,'Le\'Ron McClain','Le\'Ron','McClain',8,0,59,3),(431338,'Kregg Lumpkin','Kregg','Lumpkin',9,0,59,3),(431354,'Leonard Pope','Leonard','Pope',8,0,61,3),(431446,'James Jones','James','Jones',4,0,60,3),(431497,'Robert Meachem','Robert','Meachem',7,0,60,3),(431544,'David Clowney','David','Clowney',12,0,60,3),(433249,'Derek Schouman','Derek','Schouman',7,0,61,3),(433568,'Daniel Fells','Daniel','Fells',10,0,61,3),(435367,'Dante Rosario','Dante','Rosario',8,0,61,3),(435413,'Tyler Thigpen','Tyler','Thigpen',12,0,58,3),(436388,'Lex Hilliard','Lex','Hilliard',10,0,59,3),(436526,'Michael Bush','Michael','Bush',8,0,59,3),(436547,'Harry Douglas','Harry','Douglas',6,0,60,3),(492912,'Chris Cooley','Chris','Cooley',5,0,61,3),(492915,'Jerricho Cotchery','Jerricho','Cotchery',5,0,60,3),(492917,'Patrick Crayton','Patrick','Crayton',7,0,60,3),(492932,'Lee Evans','Lee','Evans',9,0,60,3),(492934,'Larry Fitzgerald','Larry','Fitzgerald',9,0,60,3),(492958,'Ben Hartsock','Ben','Hartsock',4,0,61,3),(492959,'Devery Henderson','Devery','Henderson',5,0,60,3),(492963,'Steven Jackson','Steven','Jackson',6,0,59,3),(492964,'Michael Jenkins','Michael','Jenkins',10,0,60,3),(492973,'Greg Jones','Greg','Jones',8,0,59,3),(492980,'Nate Kaeding','Nate','Kaeding',5,0,62,3),(493004,'Eli Manning','Eli','Manning',9,0,58,3),(493008,'Luke McCown','Luke','McCown',7,0,58,3),(493016,'Mewelde Moore','Mewelde','Moore',8,0,59,3),(493041,'Philip Rivers','Philip','Rivers',8,0,58,3),(493043,'Ben Roethlisberger','Ben','Roethlisberger',5,0,58,3),(493050,'Matt Schaub','Matt','Schaub',8,0,58,3),(493053,'Josh Scobee','Josh','Scobee',9,0,62,3),(493097,'Michael Turner','Michael','Turner',6,0,59,3),(493107,'Benjamin Watson','Benjamin','Watson',7,0,61,3),(493125,'Kellen Winslow','Kellen','Winslow',10,0,61,3),(493614,'Malcom Floyd','Malcom','Floyd',8,0,60,3),(493666,'Vonta Leach','Vonta','Leach',8,0,59,3),(493669,'Ruvell Martin','Ruvell','Martin',12,0,60,3),(493735,'Wes Welker','Wes','Welker',9,0,60,3),(501448,'Terrance Copper','Terrance','Copper',10,0,60,3),(501492,'Lousaka Polite','Lousaka','Polite',6,0,59,3),(502391,'Cornelius Ingram','Cornelius','Ingram',9,0,61,3),(502411,'Brandon Coutu','Brandon','Coutu',9,0,62,3),(502506,'Darius Reynaud','Darius','Reynaud',8,0,59,3),(502523,'Pat White','Pat','White',5,0,58,3),(502524,'Greg Olsen','Greg','Olsen',4,0,61,3),(502611,'Mike Cox','Mike','Cox',6,0,59,3),(502629,'Calvin Johnson','Calvin','Johnson',9,0,60,3),(502707,'Dan Gronkowski','Dan','Gronkowski',10,0,61,3),(502710,'Joey Haynos','Joey','Haynos',8,0,61,3),(502737,'Ted Ginn','Ted','Ginn',4,0,60,3),(502816,'Curtis Painter','Curtis','Painter',9,0,58,3),(502839,'Josh Morgan','Josh','Morgan',5,0,60,3),(504530,'Fred Davis','Fred','Davis',5,0,61,3),(504639,'Marshawn Lynch','Marshawn','Lynch',12,0,59,3),(504682,'Dennis Dixon','Dennis','Dixon',12,0,58,3),(504747,'Sammie Stroughter','Sammie','Stroughter',5,0,60,3),(515634,'Cedric Peerman','Cedric','Peerman',12,0,59,3),(516510,'Eddie Royal','Eddie','Royal',8,0,60,3),(516606,'Stephen McGee','Stephen','McGee',8,0,58,3),(516948,'Rudy Carpenter','Rudy','Carpenter',11,0,58,3),(516960,'Zach Miller','Zach','Miller',12,0,61,3),(516968,'Danny Amendola','Danny','Amendola',10,0,60,3),(516987,'Graham Harrell','Graham','Harrell',10,0,58,3),(517027,'Chris Ogbonnaya','Chris','Ogbonnaya',10,0,59,3),(517045,'Jordan Shipley','Jordan','Shipley',9,0,60,3),(517243,'Brian Hoyer','Brian','Hoyer',10,0,58,3),(517271,'Adrian Arrington','Adrian','Arrington',7,0,60,3),(517291,'Chad Henne','Chad','Henne',9,0,58,3),(517401,'Jerome Harrison','Jerome','Harrison',9,0,59,3),(517483,'Deon Butler','Deon','Butler',8,0,60,3),(517568,'Adrian Peterson','Adrian','Peterson',5,0,59,3),(517620,'Brandon Pettigrew','Brandon','Pettigrew',9,0,61,3),(517880,'Brandon Jackson','Brandon','Jackson',10,0,59,3),(518127,'Early Doucet','Early','Doucet',12,0,60,3),(518132,'Jacob Hester','Jacob','Hester',9,0,59,3),(518149,'Quinn Johnson','Quinn','Johnson',8,0,59,3),(518593,'Sidney Rice','Sidney','Rice',12,0,60,3),(518611,'Arian Foster','Arian','Foster',8,0,59,3),(518670,'Owen Schmitt','Owen','Schmitt',7,0,59,3),(518847,'Marcus Thigpen','Marcus','Thigpen',6,0,59,3),(518867,'Tom Brandstater','Tom','Brandstater',11,0,58,3),(518905,'Bear Pascoe','Bear','Pascoe',9,0,61,3),(519785,'Kory Sperry','Kory','Sperry',9,0,61,3),(520248,'Jarett Dillard','Jarett','Dillard',9,0,60,3),(520386,'Justin Forsett','Justin','Forsett',9,0,59,3),(520778,'Ahmad Bradshaw','Ahmad','Bradshaw',8,0,59,3),(522814,'Gary Barnidge','Gary','Barnidge',10,0,61,3),(523103,'Roddy White','Roddy','White',6,0,60,3),(523458,'Peyton Hillis','Peyton','Hillis',9,0,59,3),(523470,'Davon Drew','Davon','Drew',8,0,61,3),(523490,'Chris Johnson','Chris','Johnson',8,0,59,3),(524093,'Tony Fiammetta','Tony','Fiammetta',8,0,59,3),(534088,'Jalen Parmele','Jalen','Parmele',8,0,59,3),(541651,'Vincent Jackson','Vincent','Jackson',5,0,60,3),(547043,'Ryan Fitzpatrick','Ryan','Fitzpatrick',8,0,58,3),(551405,'Brandon Jacobs','Brandon','Jacobs',9,0,59,3),(552470,'Matt Cassel','Matt','Cassel',5,0,58,3),(552599,'Mike Nugent','Mike','Nugent',12,0,62,3),(552642,'Alex Smith','Alex','Smith',10,0,58,3),(553121,'Robbie Gould','Robbie','Gould',8,0,62,3),(553135,'Tory Humphrey','Tory','Humphrey',7,0,61,3),(553187,'Stephen Spach','Stephen','Spach',9,0,61,3),(553367,'Josh Cribbs','Josh','Cribbs',10,0,60,3),(553458,'John Kuhn','John','Kuhn',4,0,59,3),(553478,'Nate Washington','Nate','Washington',8,0,60,3),(553825,'Shaun Suisham','Shaun','Suisham',5,0,62,3),(554742,'Rashied Davis','Rashied','Davis',8,0,60,3),(556548,'Greg Camarillo','Greg','Camarillo',7,0,60,3),(556622,'Mardy Gilyard','Mardy','Gilyard',10,0,60,3),(556832,'Spencer Larsen','Spencer','Larsen',5,0,59,3),(556890,'John Parker Wilson','John Parker','Wilson',5,0,58,3),(556966,'Richie Brockel','Richie','Brockel',4,0,61,3),(558554,'Trindon Holliday','Trindon','Holliday',9,0,60,3),(558591,'Brandon LaFell','Brandon','LaFell',4,0,60,3),(558818,'Rusty Smith','Rusty','Smith',8,0,58,3),(558839,'Graham Gano','Graham','Gano',4,0,62,3),(558841,'Richard Goodman','Richard','Goodman',8,0,60,3),(559250,'Mike Wallace','Mike','Wallace',6,0,60,3),(559296,'Harvey Unga','Harvey','Unga',8,0,59,3),(559373,'Mark Sanchez','Mark','Sanchez',10,0,58,3),(559376,'Patrick Turner','Patrick','Turner',10,0,60,3),(559551,'Lavelle Hawkins','Lavelle','Hawkins',8,0,60,3),(559554,'DeSean Jackson','DeSean','Jackson',12,0,60,3),(559572,'Cameron Morrah','Cameron','Morrah',9,0,61,3),(559606,'Kahlil Bell','Kahlil','Bell',10,0,59,3),(559624,'Logan Paulsen','Logan','Paulsen',5,0,61,3),(559687,'Matt Forte','Matt','Forte',8,0,59,3),(559743,'Kevin Smith','Kevin','Smith',9,0,59,3),(559806,'Jim Dray','Jim','Dray',9,0,61,3),(559816,'Erik Lorig','Erik','Lorig',5,0,59,3),(561585,'Mohamed Massaquoi','Mohamed','Massaquoi',10,0,60,3),(561597,'Tashard Choice','Tashard','Choice',12,0,59,3),(561619,'Davone Bess','Davone','Bess',10,0,60,3),(561926,'Rashard Mendenhall','Rashard','Mendenhall',9,0,59,3),(563070,'Tony Moeaki','Tony','Moeaki',10,0,61,3),(563138,'Zach Potter','Zach','Potter',11,0,61,3),(563214,'Richard Quinn','Richard','Quinn',9,0,61,3),(563223,'Brandon Tate','Brandon','Tate',12,0,60,3),(563622,'Brian Hartline','Brian','Hartline',6,0,60,3),(563628,'Brian Robiskie','Brian','Robiskie',6,0,60,3),(563723,'Tiquan Underwood','Tiquan','Underwood',5,0,60,3),(563773,'DeMarco Sampson','DeMarco','Sampson',12,0,60,3),(563784,'Roberto Wallace','Roberto','Wallace',8,0,60,3),(563866,'Brody Eldridge','Brody','Eldridge',8,0,61,3),(563875,'Juaquin Iglesias','Juaquin','Iglesias',8,0,60,3),(563967,'Zac Robinson','Zac','Robinson',12,0,58,3),(564165,'Louis Murphy','Louis','Murphy',9,0,60,3),(564881,'Darrius Heyward-Bey','Darrius','Heyward-Bey',8,0,60,3),(564943,'Emmanuel Sanders','Emmanuel','Sanders',5,0,60,3),(564952,'Jamaal Charles','Jamaal','Charles',10,0,59,3),(564954,'Martellus Bennett','Martellus','Bennett',8,0,61,3),(565116,'Mike Kafka','Mike','Kafka',9,0,58,3),(565125,'Tyrell Sutton','Tyrell','Sutton',12,0,59,3),(565146,'Sean Canfield','Sean','Canfield',7,0,58,3),(565185,'Travis Beckum','Travis','Beckum',9,0,61,3),(565190,'Garrett Graham','Garrett','Graham',8,0,61,3),(565222,'Mario Manningham','Mario','Manningham',9,0,60,3),(565631,'Ed Dickson','Ed','Dickson',8,0,61,3),(565639,'Jeremiah Johnson','Jeremiah','Johnson',9,0,59,3),(565654,'Jonathan Stewart','Jonathan','Stewart',4,0,59,3),(565727,'Steve Slaton','Steve','Slaton',6,0,59,3),(565738,'Jordan Norwood','Jordan','Norwood',5,0,60,3),(565739,'Derrick Williams','Derrick','Williams',5,0,60,3),(565747,'Javon Ringer','Javon','Ringer',8,0,59,3),(565750,'Shonn Greene','Shonn','Greene',8,0,59,3),(565752,'Quan Cosby','Quan','Cosby',9,0,60,3),(565753,'Chase Coffman','Chase','Coffman',6,0,61,3),(565754,'Chase Daniel','Chase','Daniel',10,0,58,3),(565774,'Mickey Shuler','Mickey','Shuler',9,0,61,3),(565792,'Mike Thomas','Mike','Thomas',9,0,60,3),(565793,'Earl Bennett','Earl','Bennett',8,0,60,3),(565804,'Felix Jones','Felix','Jones',5,0,59,3),(565805,'Darren McFadden','Darren','McFadden',7,0,59,3),(567078,'Kerry Meier','Kerry','Meier',6,0,60,3),(567373,'Montario Hardesty','Montario','Hardesty',10,0,59,3),(582146,'Xavier Omon','Xavier','Omon',9,0,59,3),(583087,'Pierre Garcon','Pierre','Garcon',5,0,60,3),(583487,'Stephen Williams','Stephen','Williams',9,0,60,3),(584290,'Eric Decker','Eric','Decker',9,0,60,3),(584314,'Jared Cook','Jared','Cook',11,0,61,3),(584399,'Andre Brown','Andre','Brown',9,0,59,3),(584448,'Marlon Moore','Marlon','Moore',9,0,60,3),(584459,'Chastin West','Chastin','West',9,0,60,3),(584640,'Jermichael Finley','Jermichael','Finley',4,0,61,3),(584648,'Colt McCoy','Colt','McCoy',9,0,58,3),(1102778,'Thomas Gafford','Thomas','Gafford',10,0,61,3),(1102782,'Fred Jackson','Fred','Jackson',12,0,59,3),(1107218,'Tarvaris Jackson','Tarvaris','Jackson',12,0,58,3),(1109396,'Delanie Walker','Delanie','Walker',8,0,61,3),(1109761,'Montell Owens','Montell','Owens',9,0,59,3),(1109832,'Matt Prater','Matt','Prater',9,0,62,3),(1109853,'Wallace Wright','Wallace','Wright',5,0,60,3),(1113490,'Dimitri Nance','Dimitri','Nance',6,0,59,3),(1113502,'Ryan Torain','Ryan','Torain',9,0,59,3),(1113505,'Kyle Williams','Kyle','Williams',9,0,60,3),(1113529,'Ben Tate','Ben','Tate',8,0,59,3),(1114035,'David Gettis','David','Gettis',4,0,60,3),(1114232,'Bruce Miller','Bruce','Miller',9,0,59,3),(1114237,'Jamar Newsome','Jamar','Newsome',10,0,60,3),(1114251,'Jacoby Ford','Jacoby','Ford',7,0,60,3),(1114348,'Thad Lewis','Thad','Lewis',12,0,58,3),(1114549,'Micheal Spurlock','Micheal','Spurlock',9,0,60,3),(1114590,'Riley Cooper','Riley','Cooper',12,0,60,3),(1114598,'Percy Harvin','Percy','Harvin',12,0,60,3),(1114610,'Miles Austin','Miles','Austin',11,0,60,3),(1114680,'Tim Tebow','Tim','Tebow',10,0,58,3),(1114912,'Shaun Chapas','Shaun','Chapas',9,0,59,3),(1114939,'Knowshon Moreno','Knowshon','Moreno',9,0,59,3),(1114942,'Matthew Stafford','Matthew','Stafford',9,0,58,3),(1114965,'Demaryius Thomas','Demaryius','Thomas',9,0,60,3),(1114980,'Nate Byham','Nate','Byham',5,0,61,3),(1114988,'Dorin Dickerson','Dorin','Dickerson',9,0,59,3),(1115016,'Kenny Britt','Kenny','Britt',8,0,60,3),(1115023,'Ryan D\'Imperio','Ryan','D\'Imperio',9,0,59,3),(1115064,'Mike Williams','Mike','Williams',5,0,60,3),(1115066,'Delone Carter','Delone','Carter',8,0,59,3),(1115107,'Jeff Cumberland','Jeff','Cumberland',10,0,61,3),(1115114,'Michael Hoomanawanui','Michael','Hoomanawanui',10,0,61,3),(1116328,'Brandon Gibson','Brandon','Gibson',6,0,60,3),(1116454,'Keiland Williams','Keiland','Williams',5,0,59,3),(1116464,'Anthony Dixon','Anthony','Dixon',9,0,59,3),(1116555,'Preston Parker','Preston','Parker',7,0,60,3),(1116559,'Christian Ponder','Christian','Ponder',5,0,58,3),(1116606,'Dedrick Epps','Dedrick','Epps',10,0,61,3),(1116614,'Javarris James','Javarris','James',9,0,59,3),(1116854,'John Conner','John','Conner',9,0,59,3),(1116870,'Devin Thomas','Devin','Thomas',9,0,60,3),(1116922,'Steve Johnson','Steve','Johnson',12,0,60,3),(1116949,'Alfonso Smith','Alfonso','Smith',9,0,59,3),(1116969,'Adam Weber','Adam','Weber',5,0,58,3),(1117305,'Allen Bradford','Allen','Bradford',9,0,59,3),(1117306,'David Buehler','David','Buehler',9,0,62,3),(1117312,'Stanley Havili','Stanley','Havili',8,0,59,3),(1117363,'Owen Spencer','Owen','Spencer',10,0,60,3),(1117379,'Shaun Draughn','Shaun','Draughn',8,0,59,3),(1117392,'Hakeem Nicks','Hakeem','Nicks',9,0,60,3),(1117402,'Johnny White','Johnny','White',4,0,59,3),(1117431,'Rashawn Jackson','Rashawn','Jackson',7,0,59,3),(1117438,'Kevin Ogletree','Kevin','Ogletree',9,0,60,3),(1117442,'John Phillips','John','Phillips',8,0,61,3),(1117478,'Andre Smith','Andre','Smith',11,0,61,3),(1117483,'Jake Ballard','Jake','Ballard',10,0,61,3),(1117497,'Anthony McCoy','Anthony','McCoy',12,0,61,3),(1117597,'Beanie Wells','Beanie','Wells',9,0,59,3),(1117603,'Brett Brackett','Brett','Brackett',9,0,61,3),(1117622,'Andrew Quarless','Andrew','Quarless',4,0,61,3),(1117625,'Evan Royster','Evan','Royster',5,0,59,3),(1117729,'Toby Gerhart','Toby','Gerhart',5,0,59,3),(1117803,'Lance Kendricks','Lance','Kendricks',11,0,61,3),(1117814,'Scott Tolzien','Scott','Tolzien',9,0,58,3),(1117827,'Terrence Austin','Terrence','Austin',9,0,60,3),(1117835,'Kai Forbath','Kai','Forbath',5,0,62,3),(1117861,'Jake Locker','Jake','Locker',8,0,58,3),(1123282,'Josh Freeman','Josh','Freeman',5,0,58,3),(1123294,'Jeron Mastrud','Jeron','Mastrud',7,0,61,3),(1123307,'Danario Alexander','Danario','Alexander',8,0,60,3),(1123324,'Jeremy Maclin','Jeremy','Maclin',12,0,60,3),(1123426,'Naaman Roosevelt','Naaman','Roosevelt',10,0,60,3),(1123431,'James Starks','James','Starks',4,0,59,3),(1123488,'Jameson Konz','Jameson','Konz',12,0,61,3),(1123545,'Joe Webb','Joe','Webb',5,0,58,3),(1123581,'Mike McNeill','Mike','McNeill',11,0,61,3),(1123599,'Sam Bradford','Sam','Bradford',11,0,58,3),(1123667,'Jermaine Gresham','Jermaine','Gresham',12,0,61,3),(1123691,'DeMarco Murray','DeMarco','Murray',11,0,59,3),(1123712,'Taylor Price','Taylor','Price',9,0,60,3),(1125285,'Jonathan Crompton','Jonathan','Crompton',5,0,58,3),(1125381,'Rob Housler','Rob','Housler',9,0,61,3),(1125485,'Luke Stocker','Luke','Stocker',5,0,61,3),(1125838,'Michael Crabtree','Michael','Crabtree',9,0,60,3),(1125961,'Andy Dalton','Andy','Dalton',12,0,58,3),(1125986,'Jimmy Young','Jimmy','Young',5,0,60,3),(1127382,'C.J. Spiller','C.J.','Spiller',12,0,59,3),(1128770,'Jerrod Johnson','Jerrod','Johnson',12,0,58,3),(1128771,'Mike Goodson','Mike','Goodson',10,0,59,3),(1128947,'Jordan White','Jordan','White',10,0,60,3),(1130517,'Lonyae Miller','Lonyae','Miller',8,0,59,3),(1130556,'Steve Maneri','Steve','Maneri',8,0,61,3),(1130583,'Colin Kaepernick','Colin','Kaepernick',9,0,58,3),(1130591,'Vai Taua','Vai','Taua',12,0,59,3),(1130615,'Virgil Green','Virgil','Green',9,0,61,3),(1133543,'Kyle Nelson','Kyle','Nelson',9,0,60,3),(1133695,'Keith Toston','Keith','Toston',9,0,59,3),(1137118,'Case Keenum','Case','Keenum',8,0,58,3),(1137247,'Kellen Davis','Kellen','Davis',12,0,61,3),(1137306,'Reagan Maui\'a','Reagan','Maui\'a',9,0,59,3),(1137316,'Greg Salas','Greg','Salas',10,0,60,3),(1137327,'David Johnson','David','Johnson',5,0,59,3),(1137425,'Nathan Enderle','Nathan','Enderle',8,0,58,3),(1137461,'Dexter McCluster','Dexter','McCluster',10,0,60,3),(1206816,'Kevin Boss','Kevin','Boss',10,0,61,3),(1220258,'Jacoby Jones','Jacoby','Jones',8,0,60,3),(1221952,'D.J. Ware','D.J.','Ware',5,0,59,3),(1221953,'Eric Weems','Eric','Weems',8,0,60,3),(1226106,'Richard Bartel','Richard','Bartel',9,0,58,3),(1226208,'Jesse Holley','Jesse','Holley',10,0,60,3),(1226278,'Matt Moore','Matt','Moore',6,0,58,3),(1226300,'Logan Payne','Logan','Payne',8,0,60,3),(1226313,'Brett Ratliff','Brett','Ratliff',5,0,58,3),(1226331,'Titus Ryan','Titus','Ryan',10,0,60,3),(1226334,'Ricky Schmitt','Ricky','Schmitt',9,0,62,3),(1226369,'Pierre Thomas','Pierre','Thomas',7,0,59,3),(1226400,'Matt Willis','Matt','Willis',9,0,60,3),(1233762,'Gijon Robinson','Gijon','Robinson',9,0,61,3),(1242895,'Jonathan Dwyer','Jonathan','Dwyer',5,0,59,3),(1242959,'Da\'Rel Scott','Da\'Rel','Scott',9,0,59,3),(1242961,'Torrey Smith','Torrey','Smith',8,0,60,3),(1242996,'Dwight Jones','Dwight','Jones',8,0,60,3),(1242997,'Greg Little','Greg','Little',10,0,60,3),(1243006,'Devon Ramsay','Devon','Ramsay',0,0,59,3),(1243179,'Henry Hynoski','Henry','Hynoski',9,0,59,3),(1243187,'LeSean McCoy','LeSean','McCoy',12,0,59,3),(1243206,'Ray Rice','Ray','Rice',8,0,59,3),(1243240,'Nick Provo','Nick','Provo',12,0,61,3),(1243255,'Michael Campbell','Michael','Campbell',10,0,60,3),(1243307,'Danny Coale','Danny','Coale',11,0,60,3),(1243312,'Darren Evans','Darren','Evans',8,0,59,3),(1243338,'Tyrod Taylor','Tyrod','Taylor',8,0,58,3),(1243556,'Ryan Broyles','Ryan','Broyles',9,0,60,3),(1243592,'Kendall Hunter','Kendall','Hunter',9,0,59,3),(1243697,'Marvin McNutt','Marvin','McNutt',4,0,60,3),(1243710,'Allen Reisner','Allen','Reisner',9,0,61,3),(1243716,'Ricky Stanzi','Ricky','Stanzi',9,0,58,3),(1243780,'Drake Dunsmore','Drake','Dunsmore',5,0,61,3),(1243803,'Dan Herron','Dan','Herron',8,0,59,3),(1243815,'Brandon Saine','Brandon','Saine',4,0,59,3),(1243816,'Dane Sanzenbacher','Dane','Sanzenbacher',12,0,60,3),(1244303,'Rob Gronkowski','Rob','Gronkowski',10,0,61,3),(1244459,'Jordan Cameron','Jordan','Cameron',10,0,61,3),(1244463,'Aaron Corp','Aaron','Corp',6,0,58,3),(1244464,'Rhett Ellison','Rhett','Ellison',5,0,61,3),(1244474,'Joe McKnight','Joe','McKnight',10,0,59,3),(1244483,'Marc Tyler','Marc','Tyler',4,0,59,3),(1244486,'Doug Baldwin','Doug','Baldwin',12,0,60,3),(1244492,'Coby Fleener','Coby','Fleener',8,0,61,3),(1244502,'Owen Marecic','Owen','Marecic',9,0,59,3),(1244509,'Ryan Whalen','Ryan','Whalen',12,0,60,3),(1244779,'B.J. Coleman','B.J.','Coleman',4,0,58,3),(1244784,'Lennon Creer','Lennon','Creer',5,0,59,3),(1244818,'Denarius Moore','Denarius','Moore',7,0,60,3),(1244927,'Mario Fannin','Mario','Fannin',9,0,59,3),(1244982,'Stevan Ridley','Stevan','Ridley',10,0,59,3),(1244985,'Terrence Toliver','Terrence','Toliver',8,0,60,3),(1245173,'James Casey','James','Casey',12,0,61,3),(1245237,'James Kirkendoll','James','Kirkendoll',8,0,60,3),(1245251,'Fozzy Whittaker','Fozzy','Whittaker',10,0,59,3),(1245530,'Seyi Ajirotutu','Seyi','Ajirotutu',8,0,60,3),(1245617,'Kevin O\'Connell','Kevin','O\'Connell',8,0,58,3),(1245626,'Matt Asiata','Matt','Asiata',5,0,59,3),(1245841,'Armon Binns','Armon','Binns',6,0,60,3),(1245854,'Ben Guidugli','Ben','Guidugli',9,0,61,3),(1245905,'Dwayne Harris','Dwayne','Harris',11,0,60,3),(1246019,'Eric Kettani','Eric','Kettani',5,0,59,3),(1246074,'Armando Allen','Armando','Allen',8,0,59,3),(1246081,'Jimmy Clausen','Jimmy','Clausen',4,0,58,3),(1246159,'Ramses Barden','Ramses','Barden',9,0,60,3),(1248564,'Javarris Williams','Javarris','Williams',11,0,59,3),(1249642,'Jerome Felton','Jerome','Felton',5,0,59,3),(1250085,'Quinten Lawrence','Quinten','Lawrence',6,0,60,3),(1250198,'Rhett Bomar','Rhett','Bomar',7,0,58,3),(1250697,'Joe Flacco','Joe','Flacco',8,0,58,3),(1251085,'Donald Brown','Donald','Brown',8,0,59,3),(1251717,'Rashad Jennings','Rashad','Jennings',7,0,59,3),(1252130,'DuJuan Harris','DuJuan','Harris',4,0,59,3),(1252135,'Jerrel Jernigan','Jerrel','Jernigan',9,0,60,3),(1253970,'Carlton Mitchell','Carlton','Mitchell',5,0,60,3),(1254113,'Lestar Jean','Lestar','Jean',8,0,60,3),(1254119,'Alfred Morris','Alfred','Morris',5,0,59,3),(1254446,'Josh Cooper','Josh','Cooper',10,0,60,3),(1254857,'Ronald Johnson','Ronald','Johnson',12,0,60,3),(1254859,'Damian Williams','Damian','Williams',8,0,60,3),(1263398,'Junior Hemingway','Junior','Hemingway',10,0,60,3),(1263432,'B.J. Cunningham','B.J.','Cunningham',12,0,60,3),(1263433,'Mark Dell','Mark','Dell',9,0,60,3),(1263553,'John Clay','John','Clay',5,0,59,3),(1263572,'Nick Toon','Nick','Toon',7,0,60,3),(1265114,'Jamel Hamler','Jamel','Hamler',12,0,60,3),(1265393,'Bilal Powell','Bilal','Powell',10,0,59,3),(1265470,'Golden Tate','Golden','Tate',12,0,60,3),(1265479,'Austin Davis','Austin','Davis',11,0,58,3),(1265552,'Charles Clay','Charles','Clay',6,0,61,3),(1272073,'Jerome Simpson','Jerome','Simpson',5,0,60,3),(1272242,'Russell Wilson','Russell','Wilson',12,0,58,3),(1272276,'Damien Berry','Damien','Berry',8,0,59,3),(1272283,'Leonard Hankerson','Leonard','Hankerson',5,0,60,3),(1272286,'Chris Ivory','Chris','Ivory',10,0,59,3),(1272449,'Dezmon Briscoe','Dezmon','Briscoe',5,0,60,3),(1272498,'Roy Helu','Roy','Helu',5,0,59,3),(1272502,'Niles Paul','Niles','Paul',5,0,61,3),(1272524,'Dez Bryant','Dez','Bryant',11,0,60,3),(1272538,'Brandon Weeden','Brandon','Weeden',10,0,58,3),(1272540,'Arrelious Benn','Arrelious','Benn',12,0,60,3),(1272574,'Kirk Cousins','Kirk','Cousins',5,0,58,3),(1272588,'Jon Hoese','Jon','Hoese',7,0,59,3),(1272615,'Derek Moye','Derek','Moye',5,0,60,3),(1272731,'Chandler Harnish','Chandler','Harnish',8,0,58,3),(1272751,'Chad Spann','Chad','Spann',10,0,59,3),(1272825,'Robert Turbin','Robert','Turbin',12,0,59,3),(1272852,'Antonio Brown','Antonio','Brown',5,0,60,3),(1272892,'LaVon Brazill','LaVon','Brazill',8,0,60,3),(1272964,'Kerry Taylor','Kerry','Taylor',9,0,60,3),(1272970,'Jahvid Best','Jahvid','Best',9,0,59,3),(1273006,'Shane Vereen','Shane','Vereen',10,0,59,3),(1273023,'Jeff Maehl','Jeff','Maehl',12,0,60,3),(1273079,'James Rodgers','James','Rodgers',6,0,60,3),(1273179,'Aaron Hernandez','Aaron','Hernandez',0,0,61,3),(1273186,'Cam Newton','Cam','Newton',4,0,58,3),(1273191,'Chris Rainey','Chris','Rainey',5,0,59,3),(1273280,'Weslye Saunders','Weslye','Saunders',8,0,61,3),(1273342,'Darius Hanks','Darius','Hanks',5,0,60,3),(1273354,'Greg McElroy','Greg','McElroy',10,0,58,3),(1273405,'D.J. Williams','D.J.','Williams',9,0,61,3),(1273546,'Chris Thompson','Chris','Thompson',5,0,59,3),(1273600,'Aldrick Robinson','Aldrick','Robinson',5,0,60,3),(1273654,'Ryan Tannehill','Ryan','Tannehill',6,0,58,3),(1273689,'Jeremy Kerley','Jeremy','Kerley',10,0,60,3),(1273775,'Austin Collie','Austin','Collie',10,0,60,3),(1273811,'Dennis Pitta','Dennis','Pitta',8,0,61,3),(1273854,'Ryan Mathews','Ryan','Mathews',8,0,59,3),(1273864,'Devon Wylie','Devon','Wylie',10,0,60,3),(1273888,'Kealoha Pilares','Kealoha','Pilares',4,0,60,3),(1273898,'Vincent Brown','Vincent','Brown',8,0,60,3),(1273908,'Ryan Lindley','Ryan','Lindley',9,0,58,3),(1274358,'D.J. Harper','D.J.','Harper',9,0,59,3),(1274369,'Doug Martin','Doug','Martin',5,0,59,3),(1274372,'Kellen Moore','Kellen','Moore',9,0,58,3),(1274378,'Austin Pettis','Austin','Pettis',11,0,60,3),(1274396,'Titus Young','Titus','Young',11,0,60,3),(1275368,'Dexter Jackson','Dexter','Jackson',10,0,60,3),(1276441,'Lee Smith','Lee','Smith',12,0,61,3),(1277058,'Jaymar Johnson','Jaymar','Johnson',9,0,60,3),(1277423,'Tim Hightower','Tim','Hightower',5,0,59,3),(1277467,'Marcus Easley','Marcus','Easley',12,0,60,3),(1277487,'Kashif Moore','Kashif','Moore',5,0,60,3),(1277500,'Anthony Sherman','Anthony','Sherman',10,0,59,3),(1325808,'Josh Johnson','Josh','Johnson',12,0,58,3),(1369280,'Stefan Logan','Stefan','Logan',9,0,59,3),(1614641,'Brett Swain','Brett','Swain',12,0,60,3),(1615601,'Chaz Schilens','Chaz','Schilens',9,0,60,3),(1615610,'Matthew Slater','Matthew','Slater',10,0,60,3),(1615897,'Garrett Hartley','Garrett','Hartley',7,0,62,3),(1616291,'BenJarvus Green-Ellis','BenJarvus','Green-Ellis',12,0,59,3),(1616637,'Lance Long','Lance','Long',9,0,60,3),(1616704,'Dan Carpenter','Dan','Carpenter',12,0,62,3),(1616727,'J.J. Finley','J.J.','Finley',4,0,61,3),(1616740,'Caleb Hanie','Caleb','Hanie',8,0,58,3),(1616746,'Steven Hauschka','Steven','Hauschka',12,0,62,3),(1616777,'Matthew Mulligan','Matthew','Mulligan',10,0,61,3),(1616792,'Marcel Reece','Marcel','Reece',7,0,59,3),(1616817,'Danny Woodhead','Danny','Woodhead',8,0,59,3),(1616845,'Jed Collins','Jed','Collins',7,0,59,3),(1616858,'Nate Hughes','Nate','Hughes',9,0,60,3),(1616872,'Evan Moore','Evan','Moore',12,0,61,3),(1616887,'Mike Tolbert','Mike','Tolbert',4,0,59,3),(1616907,'Connor Barth','Connor','Barth',5,0,62,3),(1619037,'Lance Ball','Lance','Ball',9,0,59,3),(1619687,'Jacory Harris','Jacory','Harris',12,0,58,3),(1619913,'James Hanna','James','Hanna',11,0,61,3),(1619958,'Mikel Leshoure','Mikel','Leshoure',9,0,59,3),(1620389,'Juron Criner','Juron','Criner',7,0,60,3),(1620397,'Chris Gronkowski','Chris','Gronkowski',8,0,59,3),(1620412,'Matt Scott','Matt','Scott',9,0,58,3),(1620455,'LeGarrette Blount','LeGarrette','Blount',10,0,59,3),(1620463,'Chris Harper','Chris','Harper',4,0,60,3),(1620468,'David Paulson','David','Paulson',5,0,61,3),(1620544,'Caleb Sturgis','Caleb','Sturgis',6,0,62,3),(1620562,'Tavarres King','Tavarres','King',4,0,60,3),(1620623,'Tauren Poole','Tauren','Poole',4,0,59,3),(1620726,'Deangelo Peterson','Deangelo','Peterson',9,0,61,3),(1620788,'Robert Griffin III','Robert','Griffin III',5,0,58,3),(1620799,'Pat Edwards','Pat','Edwards',9,0,60,3),(1620826,'Dan Buckner','Dan','Buckner',9,0,60,3),(1620863,'Jeff Fuller','Jeff','Fuller',6,0,60,3),(1620865,'Cyrus Gray','Cyrus','Gray',10,0,59,3),(1621175,'DeVonte Christopher','DeVonte','Christopher',0,0,60,3),(1621321,'Isaiah Pead','Isaiah','Pead',11,0,59,3),(1621330,'George Winn','George','Winn',10,0,59,3),(1621559,'Josh Portis','Josh','Portis',12,0,58,3),(1623785,'Jon Baldwin','Jon','Baldwin',9,0,60,3),(1623793,'Mark Ingram','Mark','Ingram',7,0,59,3),(1623794,'Julio Jones','Julio','Jones',6,0,60,3),(1626550,'Anthony Armstrong','Anthony','Armstrong',11,0,60,3),(1630216,'Dwayne Allen','Dwayne','Allen',8,0,61,3),(1630220,'Andre Ellington','Andre','Ellington',9,0,59,3),(1630224,'Jamie Harper','Jamie','Harper',8,0,59,3),(1630256,'Sean Renfree','Sean','Renfree',6,0,58,3),(1630295,'Anthony Allen','Anthony','Allen',8,0,59,3),(1630314,'Matt Furstenburg','Matt','Furstenburg',8,0,61,3),(1630318,'Davin Meggett','Davin','Meggett',8,0,59,3),(1630331,'Zack Pianalto','Zack','Pianalto',4,0,61,3),(1630353,'Mike Glennon','Mike','Glennon',5,0,58,3),(1630354,'T.J. Graham','T.J.','Graham',12,0,60,3),(1630429,'Montel Harris','Montel','Harris',0,0,59,3),(1630444,'Chris Pantale','Chris','Pantale',10,0,61,3),(1630448,'Travis Benjamin','Travis','Benjamin',10,0,60,3),(1630465,'Tommy Streeter','Tommy','Streeter',8,0,60,3),(1630493,'D.C. Jefferson','D.C.','Jefferson',9,0,61,3),(1630528,'Ryan Nassib','Ryan','Nassib',9,0,58,3),(1630530,'Marcus Sales','Marcus','Sales',6,0,60,3),(1630575,'Jarrett Boykin','Jarrett','Boykin',4,0,60,3),(1630578,'Marcus Davis','Marcus','Davis',10,0,60,3),(1630601,'Ryan Williams','Ryan','Williams',9,0,59,3),(1630725,'Brandon Banks','Brandon','Banks',5,0,60,3),(1630750,'Collin Klein','Collin','Klein',0,0,58,3),(1630777,'Blaine Gabbert','Blaine','Gabbert',9,0,58,3),(1630782,'Jerrell Jackson','Jerrell','Jackson',8,0,60,3),(1630803,'Ben Cotton','Ben','Cotton',8,0,61,3),(1630817,'Brett Maher','Brett','Maher',11,0,62,3),(1630853,'Landry Jones','Landry','Jones',5,0,58,3),(1630860,'Justin Blackmon','Justin','Blackmon',9,0,60,3),(1630879,'Quinn Sharp','Quinn','Sharp',12,0,62,3),(1630925,'Tandon Doss','Tandon','Doss',8,0,60,3),(1630952,'Jewel Hampton','Jewel','Hampton',9,0,59,3),(1630970,'James Vandenberg','James','Vandenberg',5,0,58,3),(1630994,'Roy Roundtree','Roy','Roundtree',12,0,60,3),(1631001,'Dan Conroy','Dan','Conroy',0,0,62,3),(1631009,'Keshawn Martin','Keshawn','Martin',8,0,60,3),(1631039,'MarQueis Gray','MarQueis','Gray',10,0,61,3),(1631106,'DeVier Posey','DeVier','Posey',8,0,60,3),(1631107,'Terrelle Pryor','Terrelle','Pryor',7,0,58,3),(1631109,'Jake Stoneburner','Jake','Stoneburner',4,0,61,3),(1631138,'Michael Zordich','Michael','Zordich',4,0,59,3),(1631167,'Carson Wiggs','Carson','Wiggs',12,0,62,3),(1631176,'Bradie Ewing','Bradie','Ewing',6,0,59,3),(1631205,'Ryan Aplin','Ryan','Aplin',0,0,58,3),(1631401,'Ryan Otten','Ryan','Otten',9,0,61,3),(1631427,'Ladarius Green','Ladarius','Green',8,0,61,3),(1631626,'Zac Dysert','Zac','Dysert',9,0,58,3),(1631715,'Alex Carder','Alex','Carder',9,0,58,3),(1631750,'Nick Foles','Nick','Foles',12,0,58,3),(1631791,'Gerell Robinson','Gerell','Robinson',9,0,60,3),(1631804,'Marvin Jones','Marvin','Jones',12,0,60,3),(1631827,'Kenjon Barner','Kenjon','Barner',4,0,59,3),(1631834,'LaMichael James','LaMichael','James',9,0,59,3),(1631841,'Mychal Rivera','Mychal','Rivera',7,0,61,3),(1631866,'Jacquizz Rodgers','Jacquizz','Rodgers',6,0,59,3),(1631912,'Andrew Luck','Andrew','Luck',8,0,58,3),(1631918,'Chris Owusu','Chris','Owusu',5,0,60,3),(1631919,'Konrad Reuland','Konrad','Reuland',10,0,61,3),(1631945,'Johnathan Franklin','Johnathan','Franklin',4,0,59,3),(1631947,'Cory Harkey','Cory','Harkey',11,0,61,3),(1631987,'Jermaine Kearse','Jermaine','Kearse',12,0,60,3),(1631997,'Chris Polk','Chris','Polk',12,0,59,3),(1632083,'Blair Walsh','Blair','Walsh',5,0,62,3),(1632091,'Randall Cobb','Randall','Cobb',4,0,60,3),(1632222,'Michael Williams','Michael','Williams',9,0,61,3),(1632223,'Joe Adams','Joe','Adams',4,0,60,3),(1632227,'Greg Childs','Greg','Childs',5,0,60,3),(1632236,'Chris Gragg','Chris','Gragg',12,0,61,3),(1632241,'Ryan Mallett','Ryan','Mallett',10,0,58,3),(1632251,'Tyler Wilson','Tyler','Wilson',7,0,58,3),(1632252,'Jarius Wright','Jarius','Wright',5,0,60,3),(1632255,'Darvin Adams','Darvin','Adams',4,0,60,3),(1632292,'Dennis Johnson','Dennis','Johnson',10,0,59,3),(1632301,'Brandon Bolden','Brandon','Bolden',10,0,59,3),(1632384,'Terrance Williams','Terrance','Williams',11,0,60,3),(1632385,'Kendall Wright','Kendall','Wright',8,0,60,3),(1632462,'Zach Line','Zach','Line',5,0,59,3),(1632503,'Randy Bullock','Randy','Bullock',8,0,62,3),(1632787,'David Reed','David','Reed',8,0,60,3),(1632973,'Cameron Graham','Cameron','Graham',11,0,61,3),(1633106,'Joseph Fauria','Joseph','Fauria',9,0,61,3),(1633109,'Michael Floyd','Michael','Floyd',9,0,60,3),(1633112,'Jonas Gray','Jonas','Gray',6,0,59,3),(1633122,'Kyle Rudolph','Kyle','Rudolph',5,0,61,3),(1633188,'Willie Carter','Willie','Carter',0,0,59,3),(1633497,'Marc Mariani','Marc','Mariani',8,0,60,3),(1634499,'David Nelson','David','Nelson',10,0,60,3),(1636732,'Jordan Todman','Jordan','Todman',9,0,59,3),(1637004,'Latavius Murray','Latavius','Murray',7,0,59,3),(1661887,'Johnny Knox','Johnny','Knox',8,0,60,3),(1662348,'Joique Bell','Joique','Bell',9,0,59,3),(1664140,'Matt Barkley','Matt','Barkley',12,0,58,3),(1664151,'Dustin Hopkins','Dustin','Hopkins',12,0,62,3),(1664188,'David Wilson','David','Wilson',9,0,59,3),(1664257,'Aaron Murray','Aaron','Murray',0,0,58,3),(1664304,'Tommy Bohanon','Tommy','Bohanon',10,0,59,3),(1664400,'T.J. Moe','T.J.','Moe',10,0,60,3),(1664646,'Mohamed Sanu','Mohamed','Sanu',12,0,60,3),(1664705,'Knile Davis','Knile','Davis',10,0,59,3),(1664753,'Dion Lewis','Dion','Lewis',10,0,59,3),(1664777,'Brock Osweiler','Brock','Osweiler',9,0,58,3),(1664780,'Mike James','Mike','James',5,0,59,3),(1664860,'Stedman Bailey','Stedman','Bailey',11,0,60,3),(1664982,'Zac Stacy','Zac','Stacy',11,0,59,3),(1665158,'Matthew Tucker','Matthew','Tucker',12,0,59,3),(1667326,'Dominique Curry','Dominique','Curry',4,0,60,3),(1672655,'EJ Manuel','EJ','Manuel',12,0,58,3),(1672692,'Erik Highsmith','Erik','Highsmith',5,0,60,3),(1672870,'A.J. Jenkins','A.J.','Jenkins',10,0,60,3),(1672907,'Zach Boren','Zach','Boren',8,0,59,3),(1673207,'A.J. Green','A.J.','Green',12,0,60,3),(1673231,'Tori Gurley','Tori','Gurley',10,0,60,3),(1673297,'Onterio McCalebb','Onterio','McCalebb',12,0,59,3),(1673357,'Vance McDonald','Vance','McDonald',9,0,61,3),(1673383,'Josh Boyce','Josh','Boyce',10,0,60,3),(1673545,'Shaky Smithson','Shaky','Smithson',4,0,60,3),(1673733,'T.Y. Hilton','T.Y.','Hilton',8,0,60,3),(1674113,'Aaron Brown','Aaron','Brown',12,0,59,3),(1674116,'Julian Edelman','Julian','Edelman',10,0,60,3),(1674135,'Zach Miller','Zach','Miller',5,0,61,3),(1674136,'Brandon Myers','Brandon','Myers',9,0,61,3),(1674140,'Jake O\'Connell','Jake','O\'Connell',9,0,61,3),(1674146,'Bernard Scott','Bernard','Scott',12,0,59,3),(1674147,'LaRod Stephens-Howling','LaRod','Stephens-Howling',5,0,59,3),(1674148,'Ryan Succop','Ryan','Succop',10,0,62,3),(1674149,'Frank Summers','Frank','Summers',12,0,59,3),(1674153,'Eddie Williams','Eddie','Williams',10,0,59,3),(1674462,'Nick Miller','Nick','Miller',12,0,60,3),(1674985,'Kevin Brock','Kevin','Brock',10,0,61,3),(1675020,'Brit Miller','Brit','Miller',11,0,59,3),(1675028,'Chris Pressley','Chris','Pressley',12,0,59,3),(1675037,'Will Ta\'ufo\'ou','Will','Ta\'ufo\'ou',9,0,59,3),(1675111,'Brock Bolen','Brock','Bolen',10,0,59,3),(1675114,'Curtis Brinkley','Curtis','Brinkley',8,0,59,3),(1675122,'Colin Cloherty','Colin','Cloherty',6,0,61,3),(1675126,'Britt Davis','Britt','Davis',10,0,60,3),(1675145,'Tyler Grisham','Tyler','Grisham',9,0,60,3),(1675176,'Charly Martin','Charly','Martin',9,0,60,3),(1675185,'Devin Moore','Devin','Moore',9,0,59,3),(1675207,'Isaac Redman','Isaac','Redman',5,0,59,3),(1675229,'Josh Vaughan','Josh','Vaughan',6,0,59,3),(1675238,'Pat Williams','Pat','Williams',8,0,60,3),(1675610,'Ryan Purvis','Ryan','Purvis',9,0,61,3),(1675660,'Herb Donaldson','Herb','Donaldson',8,0,59,3),(1675666,'Darrel Young','Darrel','Young',5,0,59,3),(1675742,'Antone Smith','Antone','Smith',6,0,59,3),(1675830,'Tom Crabtree','Tom','Crabtree',5,0,61,3),(1675843,'Eron Riley','Eron','Riley',10,0,60,3),(1675850,'Isaiah Williams','Isaiah','Williams',7,0,60,3),(1678495,'Ed Gant','Ed','Gant',5,0,60,3),(1679651,'Stephen Hill','Stephen','Hill',10,0,60,3),(1679724,'Anthony Cantele','Anthony','Cantele',0,0,62,3),(1679734,'Braden Wilson','Braden','Wilson',10,0,59,3),(1679738,'Rex Burkhead','Rex','Burkhead',12,0,59,3),(1679885,'Taimi Tutogi','Taimi','Tutogi',0,0,59,3),(1679913,'Isi Sofele','Isi','Sofele',0,0,59,3),(1679942,'Markus Wheaton','Markus','Wheaton',5,0,60,3),(1679964,'Michael Ford','Michael','Ford',8,0,59,3),(1679976,'Rueben Randle','Rueben','Randle',9,0,60,3),(1681620,'Ricardo Lockette','Ricardo','Lockette',9,0,60,3),(1682065,'Conner Vernon','Conner','Vernon',7,0,60,3),(1682104,'Alec Lemon','Alec','Lemon',8,0,60,3),(1682127,'Nick Kasa','Nick','Kasa',7,0,61,3),(1682170,'Montee Ball','Montee','Ball',9,0,59,3),(1682469,'Taiwan Jones','Taiwan','Jones',7,0,59,3),(1682472,'Brandon Kaufman','Brandon','Kaufman',12,0,60,3),(1682492,'Nathan Overbay','Nathan','Overbay',5,0,61,3),(1682591,'Tim Toone','Tim','Toone',7,0,60,3),(1682856,'Ryan Mahaffey','Ryan','Mahaffey',6,0,59,3),(1682906,'Clay Harbor','Clay','Harbor',9,0,61,3),(1683110,'Bryan Walters','Bryan','Walters',12,0,60,3),(1683145,'Kyle Juszczyk','Kyle','Juszczyk',8,0,59,3),(1683844,'Ryan Spadola','Ryan','Spadola',10,0,60,3),(1683956,'Brandyn Harvey','Brandyn','Harvey',11,0,60,3),(1684073,'Victor Cruz','Victor','Cruz',9,0,60,3),(1684091,'Jeremy Horne','Jeremy','Horne',9,0,60,3),(1684461,'Josh Jarboe','Josh','Jarboe',0,0,60,3),(1684563,'Donald Jones','Donald','Jones',10,0,60,3),(1685895,'Tracy Moore','Tracy','Moore',0,0,60,3),(1685963,'Zach Ertz','Zach','Ertz',12,0,61,3),(1685988,'Stepfan Taylor','Stepfan','Taylor',9,0,59,3),(1685990,'Levine Toilolo','Levine','Toilolo',6,0,61,3),(1686001,'Justice Cunningham','Justice','Cunningham',8,0,61,3),(1686006,'Alshon Jeffery','Alshon','Jeffery',8,0,60,3),(1686044,'Terrance Ganaway','Terrance','Ganaway',11,0,59,3),(1686045,'Josh Gordon','Josh','Gordon',10,0,60,3),(1686185,'Deji Karim','Deji','Karim',8,0,59,3),(1686306,'Bobby Sewall','Bobby','Sewall',5,0,60,3),(1686971,'John Skelton','John','Skelton',9,0,58,3),(1687371,'Armanti Edwards','Armanti','Edwards',4,0,60,3),(1687422,'Brian Quick','Brian','Quick',11,0,60,3),(1687529,'Andre Roberts','Andre','Roberts',9,0,60,3),(1688198,'Pat Devlin','Pat','Devlin',6,0,58,3),(1689664,'Dan Bailey','Dan','Bailey',11,0,62,3),(1691166,'Jimmy Graham','Jimmy','Graham',7,0,61,3),(1691169,'Lamar Miller','Lamar','Miller',6,0,59,3),(1691251,'Keenan Davis','Keenan','Davis',6,0,60,3),(1691322,'Kerwynn Williams','Kerwynn','Williams',8,0,59,3),(1691361,'Cameron Marshall','Cameron','Marshall',6,0,59,3),(1691363,'Jamal Miles','Jamal','Miles',9,0,60,3),(1691404,'Mike Gillislee','Mike','Gillislee',6,0,59,3),(1691412,'Jordan Reed','Jordan','Reed',5,0,61,3),(1691422,'Eddie Lacy','Eddie','Lacy',4,0,59,3),(1691430,'Trent Richardson','Trent','Richardson',8,0,59,3),(1691443,'Emory Blake','Emory','Blake',11,0,60,3),(1691458,'Philip Lutzenkirchen','Philip','Lutzenkirchen',11,0,61,3),(1691489,'Marquise Goodwin','Marquise','Goodwin',12,0,60,3),(1691536,'Alex Green','Alex','Green',10,0,59,3),(1691546,'Gavin Escobar','Gavin','Escobar',11,0,61,3),(1691608,'Tyler Eifert','Tyler','Eifert',12,0,61,3),(1691614,'Theo Riddick','Theo','Riddick',9,0,59,3),(1692064,'Mike Caussin','Mike','Caussin',12,0,61,3),(1692413,'Aaron Mellette','Aaron','Mellette',8,0,60,3),(1693202,'R.J. Archer','R.J.','Archer',9,0,58,3),(1693867,'Joe Morgan','Joe','Morgan',7,0,60,3),(1695497,'Clyde Gates','Clyde','Gates',10,0,60,3),(1695553,'Lanear Sampson','Lanear','Sampson',8,0,60,3),(1696988,'Lonnie Pryor','Lonnie','Pryor',9,0,59,3),(1696992,'Rodney Smith','Rodney','Smith',5,0,60,3),(1697297,'Cierre Wood','Cierre','Wood',8,0,59,3),(1700252,'Ray Graham','Ray','Graham',8,0,59,3),(1700274,'Mark Harrison','Mark','Harrison',10,0,60,3),(1700338,'Tavon Austin','Tavon','Austin',11,0,60,3),(1700358,'Geno Smith','Geno','Smith',10,0,58,3),(1700403,'Daniel Thomas','Daniel','Thomas',6,0,59,3),(1700475,'Denard Robinson','Denard','Robinson',9,0,59,3),(1700485,'Edwin Baker','Edwin','Baker',8,0,59,3),(1700507,'Dion Sims','Dion','Sims',6,0,61,3),(1700552,'Stefphon Jefferson','Stefphon','Jefferson',8,0,59,3),(1700701,'Marlon Brown','Marlon','Brown',8,0,60,3),(1700779,'Cobi Hamilton','Cobi','Hamilton',12,0,60,3),(1700840,'Chad Bumphis','Chad','Bumphis',6,0,60,3),(1700901,'Kyle Padron','Kyle','Padron',7,0,58,3),(1700931,'Christine Michael','Christine','Michael',12,0,59,3),(1700934,'Uzoma Nwachukwu','Uzoma','Nwachukwu',8,0,60,3),(1700943,'Ryan Swope','Ryan','Swope',9,0,60,3),(1700986,'Robbie Rouse','Robbie','Rouse',10,0,59,3),(1701008,'Ronnie Hillman','Ronnie','Hillman',9,0,59,3),(1701513,'Aaron Dobson','Aaron','Dobson',10,0,60,3),(1701956,'Alan Bonner','Alan','Bonner',8,0,60,3),(1702983,'Fendi Onobun','Fendi','Onobun',8,0,61,3),(1702985,'Tristan Davis','Tristan','Davis',5,0,59,3),(1704810,'Javone Lawson','Javone','Lawson',9,0,60,3),(1705702,'Trabis Ward','Trabis','Ward',0,0,59,3),(1707248,'Manase Tonga','Manase','Tonga',7,0,59,3),(1707280,'Eric Page','Eric','Page',5,0,60,3),(1707317,'Julius Pruitt','Julius','Pruitt',6,0,60,3),(1707633,'Orson Charles','Orson','Charles',12,0,59,3),(1707637,'Chris Givens','Chris','Givens',11,0,60,3),(1713803,'Bernard Pierce','Bernard','Pierce',8,0,59,3),(1716248,'Andy Tanner','Andy','Tanner',7,0,60,3),(1724406,'Stephen Burton','Stephen','Burton',9,0,60,3),(1724424,'Andre Holmes','Andre','Holmes',7,0,60,3),(1724614,'Michael Egnew','Michael','Egnew',6,0,61,3),(1725130,'Travis Kelce','Travis','Kelce',10,0,61,3),(1727391,'Jamie McCoy','Jamie','McCoy',5,0,59,3),(1737078,'DeAndre Hopkins','DeAndre','Hopkins',8,0,60,3),(1737096,'Keenan Allen','Keenan','Allen',8,0,60,3),(1737109,'Spencer Ware','Spencer','Ware',12,0,59,3),(1737120,'Marcus Lattimore','Marcus','Lattimore',9,0,59,3),(1737204,'Da\'Rick Rogers','Da\'Rick','Rogers',8,0,60,3),(1737248,'Giovani Bernard','Giovani','Bernard',12,0,59,3),(1737295,'Kenny Stills','Kenny','Stills',7,0,60,3),(1737463,'Justin Hunter','Justin','Hunter',8,0,60,3),(1737645,'Joseph Randle','Joseph','Randle',11,0,59,3),(1737685,'Tyler Bray','Tyler','Bray',10,0,58,3),(1737695,'Ace Sanders','Ace','Sanders',9,0,60,3),(1737753,'Jawan Jamison','Jawan','Jamison',5,0,59,3),(1740196,'Chad Hall','Chad','Hall',10,0,60,3),(1749007,'Johnathan Haggerty','Johnathan','Haggerty',10,0,60,3),(1751258,'Vick Ballard','Vick','Ballard',8,0,59,3),(1751828,'Le\'Veon Bell','Le\'Veon','Bell',5,0,59,3),(1752728,'Kenbrell Thompkins','Kenbrell','Thompkins',10,0,60,3),(1754280,'Robert Woods','Robert','Woods',12,0,60,3),(1755056,'Julius Thomas','Julius','Thomas',9,0,61,3),(1755077,'Raymond Radway','Raymond','Radway',11,0,60,3),(1762057,'Emil Igwenagu','Emil','Igwenagu',12,0,59,3),(1762335,'Rishard Matthews','Rishard','Matthews',6,0,60,3),(1763065,'Corey Fuller','Corey','Fuller',9,0,60,3),(1765998,'Marquess Wilson','Marquess','Wilson',8,0,60,3),(1768610,'Tim Benford','Tim','Benford',11,0,60,3),(1770388,'Derek Dimke','Derek','Dimke',5,0,62,3),(1779117,'Colby Cameron','Colby','Cameron',4,0,58,3),(1781543,'Evan Rodriguez','Evan','Rodriguez',6,0,59,3),(1782643,'Brad Sorensen','Brad','Sorensen',8,0,58,3),(1786771,'James Develin','James','Develin',10,0,59,3),(1786772,'Rod Windsor','Rod','Windsor',10,0,60,3),(1789457,'Tyler Clutts','Tyler','Clutts',6,0,59,3),(1803772,'Emmanuel Arceneaux','Emmanuel','Arceneaux',10,0,60,3),(1803774,'Andrew Hawkins','Andrew','Hawkins',12,0,60,3),(1803776,'Ryan Perrilloux','Ryan','Perrilloux',9,0,58,3),(1823343,'Kris Durham','Kris','Durham',9,0,60,3),(1823355,'Alex Henery','Alex','Henery',12,0,62,3),(1823779,'David Ausberry','David','Ausberry',7,0,61,3),(1823780,'Mikail Baker','Mikail','Baker',10,0,60,3),(1823781,'Shane Bannon','Shane','Bannon',10,0,59,3),(1823782,'Baron Batch','Baron','Batch',5,0,59,3),(1823814,'Richard Gordon','Richard','Gordon',5,0,61,3),(1823854,'Scotty McKnight','Scotty','McKnight',10,0,60,3),(1823890,'Cecil Shorts','Cecil','Shorts',9,0,60,3),(1823899,'Ryan Taylor','Ryan','Taylor',4,0,61,3),(1823918,'T.J. Yates','T.J.','Yates',8,0,58,3),(1824467,'Quinton Patton','Quinton','Patton',9,0,60,3),(1825413,'Darius Johnson','Darius','Johnson',6,0,60,3),(1853170,'D\'Andre Goodwin','D\'Andre','Goodwin',9,0,60,3),(1853176,'Austin Sylvester','Austin','Sylvester',9,0,59,3),(1853223,'Raymond Webber','Raymond','Webber',10,0,60,3),(1853326,'Drew Davis','Drew','Davis',6,0,60,3),(1853419,'LaQuan Williams','LaQuan','Williams',8,0,60,3),(1853529,'Josh Baker','Josh','Baker',10,0,61,3),(1853531,'Dan DePalma','Dan','DePalma',8,0,60,3),(1853727,'Kamar Aiken','Kamar','Aiken',10,0,60,3),(1853740,'Joshua Nesbitt','Joshua','Nesbitt',12,0,58,3),(1853789,'Tommy Gallarda','Tommy','Gallarda',6,0,61,3),(1854192,'Dorson Boyce','Dorson','Boyce',5,0,59,3),(1854263,'Michael Preston','Michael','Preston',8,0,60,3),(1854528,'Colin Cochart','Colin','Cochart',11,0,61,3),(1854533,'John Griffin','John','Griffin',10,0,59,3),(1854546,'Diondre Borel','Diondre','Borel',8,0,60,3),(1856491,'William Powell','William','Powell',12,0,59,3),(1857139,'Armond Smith','Armond','Smith',4,0,59,3),(1864646,'Kevin Cone','Kevin','Cone',6,0,60,3),(1867816,'Richard Medlin','Richard','Medlin',6,0,59,3),(1867912,'Chase Reynolds','Chase','Reynolds',11,0,59,3),(1876715,'Collin Franklin','Collin','Franklin',5,0,61,3),(1880820,'C.J. Anderson','C.J.','Anderson',9,0,59,3),(1891800,'Patrick DiMarco','Patrick','DiMarco',6,0,59,3),(1891852,'Greg Smith','Greg','Smith',4,0,61,3),(1891854,'Kris Adams','Kris','Adams',9,0,60,3),(1891855,'Kyle Adams','Kyle','Adams',8,0,61,3),(1891856,'Robert Hughes','Robert','Hughes',8,0,59,3),(1891868,'Phillip Tanner','Phillip','Tanner',11,0,59,3),(1891873,'Marcus Harris','Marcus','Harris',9,0,60,3),(1891877,'David Gilreath','David','Gilreath',5,0,60,3),(1891880,'Kyle Miller','Kyle','Miller',6,0,61,3),(1891881,'Richard Murphy','Richard','Murphy',9,0,59,3),(1891884,'DeMarco Cosby','DeMarco','Cosby',8,0,61,3),(1891886,'Eddie McGee','Eddie','McGee',7,0,60,3),(1891890,'Jeremy Ross','Jeremy','Ross',9,0,60,3),(1891892,'Will Yeatman','Will','Yeatman',6,0,61,3),(1891894,'Jarred Fayson','Jarred','Fayson',7,0,60,3),(1891895,'Mike Higgins','Mike','Higgins',7,0,61,3),(1891898,'Chris Hopkins','Chris','Hopkins',9,0,61,3),(1891902,'Martell Webb','Martell','Webb',8,0,61,3),(1891905,'Steve Skelton','Steve','Skelton',9,0,61,3),(1891910,'Vidal Hazelton','Vidal','Hazelton',10,0,60,3),(1891913,'Brad Taylor','Brad','Taylor',8,0,61,3),(1891914,'Tyler Beiler','Tyler','Beiler',5,0,60,3),(1891915,'McLeod Bethel-Thompson','McLeod','Bethel-Thompson',9,0,58,3),(1891916,'Joe Hastings','Joe','Hastings',6,0,60,3),(1891917,'Chris Hogan','Chris','Hogan',12,0,60,3),(1891922,'Mossis Madu','Mossis','Madu',10,0,59,3),(1904814,'Tyrone Goard','Tyrone','Goard',12,0,60,3),(1963570,'Royce Adams','Royce','Adams',10,0,60,3),(1963572,'Will Johnson','Will','Johnson',5,0,59,3),(1964992,'Hayden Smith','Hayden','Smith',10,0,61,3),(1971880,'Adrien Robinson','Adrien','Robinson',9,0,61,3),(1971885,'Taylor Thompson','Taylor','Thompson',8,0,61,3),(1971893,'Greg Zuerlein','Greg','Zuerlein',11,0,62,3),(1971903,'John Potter','John','Potter',5,0,62,3),(1971906,'Brad Smelley','Brad','Smelley',10,0,61,3),(1971912,'Daryl Richardson','Daryl','Richardson',11,0,59,3),(1971913,'Jeremy Ebert','Jeremy','Ebert',9,0,60,3),(1971914,'Bryce Brown','Bryce','Brown',12,0,59,3),(1971915,'Toney Clemons','Toney','Clemons',9,0,60,3),(1971917,'Michael Smith','Michael','Smith',5,0,59,3),(1974165,'LaMark Brown','LaMark','Brown',5,0,61,3),(1974167,'Dominique Davis','Dominique','Davis',6,0,58,3),(1974174,'Marcus Jackson','Marcus','Jackson',6,0,60,3),(1974178,'Adam Nissley','Adam','Nissley',6,0,61,3),(1974192,'Michael Calvin','Michael','Calvin',8,0,60,3),(1974193,'Collin Mooney','Collin','Mooney',8,0,59,3),(1975891,'Garrett Celek','Garrett','Celek',9,0,61,3),(1975893,'Nathan Palmer','Nathan','Palmer',8,0,60,3),(1975894,'Giorgio Tavecchio','Giorgio','Tavecchio',4,0,62,3),(1975896,'Antwon Bailey','Antwon','Bailey',5,0,59,3),(1975903,'Anthony Miller','Anthony','Miller',6,0,61,3),(1975912,'Justin Hilton','Justin','Hilton',8,0,60,3),(1975916,'Taveon Rogers','Taveon','Rogers',12,0,60,3),(1975942,'Brandon Barden','Brandon','Barden',8,0,61,3),(1975956,'Lance Lewis','Lance','Lewis',5,0,60,3),(1975962,'Dale Moss','Dale','Moss',4,0,60,3),(1975965,'Phillip Supernaw','Phillip','Supernaw',8,0,61,3),(1975981,'Brian Tyms','Brian','Tyms',10,0,60,3),(1976202,'Bert Reed','Bert','Reed',5,0,60,3),(1977070,'Joe Banyard','Joe','Banyard',5,0,59,3),(1977075,'Kevin Elliott','Kevin','Elliott',12,0,60,3),(1977080,'Nelson Rosario','Nelson','Rosario',4,0,60,3),(1977084,'Matt Veldman','Matt','Veldman',9,0,61,3),(1977089,'Nick Stephens','Nick','Stephens',11,0,58,3),(1977100,'Tyler Shoemaker','Tyler','Shoemaker',10,0,60,3),(1977109,'Derrick Coleman','Derrick','Coleman',12,0,59,3),(1977121,'Derek Carrier','Derek','Carrier',12,0,61,3),(1977122,'Brandon Carswell','Brandon','Carswell',9,0,60,3),(1977127,'Thomas Mayo','Thomas','Mayo',10,0,60,3),(1977128,'Rod Streater','Rod','Streater',7,0,60,3),(1977129,'G.J. Kinne','G.J.','Kinne',12,0,58,3),(1977145,'Cole Beasley','Cole','Beasley',11,0,60,3),(1977146,'George Bryan','George','Bryan',11,0,61,3),(1977147,'Lance Dunbar','Lance','Dunbar',11,0,59,3),(1977149,'Saalim Hakim','Saalim','Hakim',7,0,60,3),(1977152,'Donavon Kemp','Donavon','Kemp',12,0,60,3),(1977156,'Andrew Szczerba','Andrew','Szczerba',6,0,61,3),(1977161,'Marcus Rivers','Marcus','Rivers',8,0,60,3),(1977170,'Dominique Jones','Dominique','Jones',8,0,61,3),(1977172,'Jabin Sambrano','Jabin','Sambrano',8,0,60,3),(1977174,'Griff Whalen','Griff','Whalen',8,0,60,3),(1977776,'Lavasier Tuinei','Lavasier','Tuinei',10,0,60,3),(1977790,'Nick Johnson','Nick','Johnson',11,0,60,3),(1977791,'Jake Byrne','Jake','Byrne',8,0,61,3),(1977794,'Chris Givens','Chris','Givens',7,0,60,3),(1977796,'Kevin Hardy','Kevin','Hardy',9,0,60,3),(1977800,'Royce Pollard','Royce','Pollard',10,0,60,3),(1977801,'Matt Simms','Matt','Simms',10,0,58,3),(1977813,'Danny Noble','Danny','Noble',5,0,61,3),(1978056,'Mike Brown','Mike','Brown',9,0,60,3),(1978283,'Travaris Cadet','Travaris','Cadet',7,0,59,3),(1978519,'Brad Herman','Brad','Herman',10,0,61,3),(1978524,'Jamie Childers','Jamie','Childers',9,0,61,3),(1978529,'Troy Burrell','Troy','Burrell',9,0,60,3),(1978531,'Alex Gottlieb','Alex','Gottlieb',9,0,61,3),(1978532,'Stephfon Green','Stephfon','Green',9,0,59,3),(1978539,'Austin Wells','Austin','Wells',9,0,61,3),(1979352,'Brenton Bersin','Brenton','Bersin',4,0,60,3),(1979355,'Jared Green','Jared','Green',11,0,60,3),(1979362,'Alvester Alexander','Alvester','Alexander',5,0,59,3),(1979367,'Terriun Crump','Terriun','Crump',5,0,60,3),(1979368,'Brittan Golden','Brittan','Golden',9,0,60,3),(1979370,'Chris Summers','Chris','Summers',5,0,60,3),(1979372,'Josh Bellamy','Josh','Bellamy',10,0,60,3),(1979373,'Tim Biere','Tim','Biere',6,0,61,3),(1979375,'Nate Eachus','Nate','Eachus',10,0,59,3),(1979385,'Matt Szymanski','Matt','Szymanski',10,0,62,3),(1979387,'Stanley Arukwe','Stanley','Arukwe',10,0,60,3),(1979389,'LaRon Byrd','LaRon','Byrd',9,0,60,3),(1979402,'Phil Bates','Phil','Bates',12,0,60,3),(1979404,'Sean McGrath','Sean','McGrath',10,0,61,3),(1979412,'Devin Goda','Devin','Goda',6,0,60,3),(1979420,'Bobby Rainey','Bobby','Rainey',5,0,59,3),(1979421,'Deonte Thompson','Deonte','Thompson',8,0,60,3),(1979424,'David Douglas','David','Douglas',5,0,60,3),(1979426,'Joe Martinek','Joe','Martinek',9,0,59,3),(1979429,'Julian Talley','Julian','Talley',9,0,60,3),(1979669,'Chase Ford','Chase','Ford',5,0,61,3),(1979671,'Damaris Johnson','Damaris','Johnson',12,0,60,3),(1979673,'Jeremy Stewart','Jeremy','Stewart',7,0,59,3),(1979677,'Jared Crank','Jared','Crank',9,0,59,3),(1979694,'Kenny Stafford','Kenny','Stafford',6,0,60,3),(1979703,'Mike Willie','Mike','Willie',8,0,60,3),(1979707,'Brandon Collins','Brandon','Collins',9,0,60,3),(1979709,'Joe Anderson','Joe','Anderson',8,0,60,3),(1979710,'Matt Blanchard','Matt','Blanchard',8,0,58,3),(1979715,'Jourdan Brooks','Jourdan','Brooks',12,0,59,3),(1979720,'Jamize Olawale','Jamize','Olawale',7,0,59,3),(1979727,'Logan Brock','Logan','Brock',4,0,61,3),(1979730,'Jonathan Grimes','Jonathan','Grimes',9,0,59,3),(1979743,'Eddy Carmona','Eddy','Carmona',7,0,62,3),(1979747,'Tray Session','Tray','Session',7,0,60,3),(1979980,'Cooper Helfet','Cooper','Helfet',12,0,61,3),(1980429,'Danny Hrapmann','Danny','Hrapmann',5,0,62,3),(1985374,'Justin Tucker','Justin','Tucker',8,0,62,3),(1985606,'Brandon Bostick','Brandon','Bostick',4,0,61,3),(1987614,'Jorvorskie Lane','Jorvorskie','Lane',6,0,59,3),(1987619,'Alex Tanney','Alex','Tanney',11,0,58,3),(1988991,'Lamont Bryant','Lamont','Bryant',4,0,60,3),(1995451,'Larry Donnell','Larry','Donnell',9,0,61,3),(1996183,'Cordarrelle Patterson','Cordarrelle','Patterson',5,0,60,3),(1996707,'Marques Clark','Marques','Clark',7,0,60,3),(1999809,'Zach Brown','Zach','Brown',12,0,59,3),(2001094,'Joe Collins','Joe','Collins',10,0,60,3),(2005434,'Joe Sawyer','Joe','Sawyer',12,0,61,3),(2007608,'Jeff Demps','Jeff','Demps',5,0,59,3),(2041264,'Jack Doyle','Jack','Doyle',8,0,61,3),(2042321,'Jeremy Kelley','Jeremy','Kelley',8,0,60,3),(2042442,'Steve Watson','Steve','Watson',8,0,61,3),(2042924,'James Shaw','James','Shaw',4,0,60,3),(2053375,'Ifeanyi Momah','Ifeanyi','Momah',12,0,60,3),(2053495,'Brandon Bogotay','Brandon','Bogotay',10,0,62,3),(2053740,'Darren Fells','Darren','Fells',12,0,61,3),(2054732,'Havard Rugland','Havard','Rugland',9,0,62,3),(2055482,'Sederrik Cunningham','Sederrik','Cunningham',4,0,60,3),(2055484,'Dallas Walker','Dallas','Walker',8,0,61,3),(2056934,'Austin Signor','Austin','Signor',8,0,62,3),(2057325,'Robert Gill','Robert','Gill',9,0,60,3),(2057661,'Luke Willson','Luke','Willson',12,0,61,3),(2057693,'Charles Johnson','Charles','Johnson',10,0,60,3),(2057695,'Ryan Griffin','Ryan','Griffin',8,0,61,3),(2057699,'Brice Butler','Brice','Butler',7,0,60,3),(2057701,'Justin Brown','Justin','Brown',5,0,60,3),(2057733,'Kevin Dorsey','Kevin','Dorsey',4,0,60,3),(2057736,'B.J. Daniels','B.J.','Daniels',12,0,58,3),(2057740,'Michael Cox','Michael','Cox',9,0,59,3),(2058152,'Casey Barth','Casey','Barth',6,0,62,3),(2058154,'Devonte Campbell','Devonte','Campbell',6,0,59,3),(2058155,'Seth Doege','Seth','Doege',6,0,58,3),(2058156,'Rashad Evans','Rashad','Evans',6,0,60,3),(2058157,'Deon Goggins','Deon','Goggins',6,0,59,3),(2058161,'Martel Moore','Martel','Moore',6,0,60,3),(2058163,'Donald Russell','Donald','Russell',6,0,59,3),(2058171,'Ronnie Wingo','Ronnie','Wingo',12,0,59,3),(2058173,'Brandon Williams','Brandon','Williams',4,0,61,3),(2058177,'Brian Leonhardt','Brian','Leonhardt',7,0,61,3),(2058178,'Sam McGuffie','Sam','McGuffie',7,0,60,3),(2058181,'Deonte Williams','Deonte','Williams',7,0,59,3),(2058192,'Eric Stevens','Eric','Stevens',11,0,59,3),(2058311,'Kemonte\' Bateman','Kemonte\'','Bateman',9,0,60,3),(2058314,'Ryan Katz','Ryan','Katz',9,0,58,3),(2058315,'Quincy McDuffie','Quincy','McDuffie',9,0,60,3),(2058317,'Lucas Reed','Lucas','Reed',9,0,61,3),(2058320,'Brandon McManus','Brandon','McManus',8,0,62,3),(2058321,'Dan Moore','Dan','Moore',8,0,59,3),(2058322,'Denodus O\'Bryant','Denodus','O\'Bryant',8,0,59,3),(2058324,'Rodrick Rumble','Rodrick','Rumble',8,0,60,3),(2058325,'C.J. Akins','C.J.','Akins',11,0,60,3),(2058327,'Benny Cunningham','Benny','Cunningham',11,0,59,3),(2058340,'Garrett Hoskins','Garrett','Hoskins',10,0,61,3),(2058342,'Cordell Roberson','Cordell','Roberson',10,0,60,3),(2058344,'Travis Tannahill','Travis','Tannahill',10,0,61,3),(2058349,'Perez Ashford','Perez','Ashford',12,0,60,3),(2058351,'Jamaine Cook','Jamaine','Cook',10,0,59,3),(2058352,'Dominique Croom','Dominique','Croom',10,0,60,3),(2058353,'Mike Edwards','Mike','Edwards',10,0,60,3),(2058358,'Lamaar Thomas','Lamaar','Thomas',9,0,60,3),(2058359,'Brett Baer','Brett','Baer',11,0,62,3),(2058361,'Ryan Griffin','Ryan','Griffin',7,0,58,3),(2058363,'Chip Reeves','Chip','Reeves',5,0,60,3),(2058365,'Jason Thompson','Jason','Thompson',5,0,60,3),(2058366,'Nick Williams','Nick','Williams',5,0,60,3),(2058548,'Steven Miller','Steven','Miller',9,0,59,3),(2058555,'Skye Dawson','Skye','Dawson',5,0,60,3),(2058557,'Emmanuel Ogbuehi','Emmanuel','Ogbuehi',5,0,61,3),(2059173,'Omarius Hines','Omarius','Hines',4,0,60,3),(2059174,'Ray Holley','Ray','Holley',12,0,59,3),(2059175,'Murphy Holloway','Murphy','Holloway',8,0,61,3),(2059177,'Gerrard Sheppard','Gerrard','Sheppard',8,0,60,3),(2059178,'Nathan Stanley','Nathan','Stanley',8,0,58,3),(2059182,'Jeff Tuel','Jeff','Tuel',12,0,58,3),(2059186,'Cody Wilson','Cody','Wilson',9,0,60,3),(2059190,'Colin Anderson','Colin','Anderson',5,0,61,3),(2059195,'Cole McKenzie','Cole','McKenzie',9,0,60,3),(2059197,'Tobais Palmer','Tobais','Palmer',9,0,60,3),(2059198,'Kyler Reed','Kyler','Reed',9,0,61,3),(2059200,'Jordan Rodgers','Jordan','Rodgers',9,0,58,3),(2059206,'Nicholas Edwards','Nicholas','Edwards',9,0,60,3),(2059208,'Bradley Randle','Bradley','Randle',5,0,59,3),(2059211,'Jerodis Williams','Jerodis','Williams',5,0,59,3),(2059212,'Ben Bartholomew','Ben','Bartholomew',10,0,59,3),(2059216,'Brandon Ford','Brandon','Ford',10,0,61,3),(2059217,'Quentin Hines','Quentin','Hines',10,0,59,3),(2059223,'Zach Sudfeld','Zach','Sudfeld',10,0,61,3),(2059228,'Reggie Dunn','Reggie','Dunn',5,0,60,3),(2059235,'Curtis McNeal','Curtis','McNeal',5,0,59,3),(2059237,'J.D. Woods','J.D.','Woods',5,0,60,3),(2059238,'Alex Debniak','Alex','Debniak',9,0,59,3),(2059241,'Jerry Johnson','Jerry','Johnson',5,0,60,3),(2059242,'Evan Landi','Evan','Landi',10,0,61,3),(2059244,'D.J. Monroe','D.J.','Monroe',5,0,60,3),(2059247,'Akeem Shavers','Akeem','Shavers',10,0,59,3),(2059251,'Timothy Wright','Timothy','Wright',5,0,61,3),(2059266,'Clay Belton','Clay','Belton',6,0,58,3),(2059269,'Jasper Collins','Jasper','Collins',6,0,60,3),(2059271,'Ina Liaina','Ina','Liaina',6,0,59,3),(2059275,'Terrell Sinkfield','Terrell','Sinkfield',12,0,60,3),(2059276,'Taylor Stockemer','Taylor','Stockemer',6,0,60,3),(2059358,'Kendall Gaskins','Kendall','Gaskins',12,0,59,3),(2059359,'De\'Leon Eskridge','De\'Leon','Eskridge',9,0,59,3),(2059362,'Adam Thielen','Adam','Thielen',5,0,60,3),(2059364,'Chuck Jacobs','Chuck','Jacobs',9,0,60,3),(2059365,'Jheranie Boyd','Jheranie','Boyd',12,0,60,3),(2059367,'Chris Denton','Chris','Denton',5,0,60,3),(2059474,'Drew Smith','Drew','Smith',12,0,59,3),(2059626,'Kevin Norrell','Kevin','Norrell',12,0,60,3),(2060051,'Marcus Rucker','Marcus','Rucker',8,0,60,3),(2060054,'Trey Diller','Trey','Diller',4,0,60,3),(2060057,'Morgan Lineberry','Morgan','Lineberry',4,0,62,3),(2060060,'Josh Lenz','Josh','Lenz',8,0,60,3),(2060063,'Andy Cruse','Andy','Cruse',8,0,60,3),(2060069,'Michael Smith','Michael','Smith',8,0,60,3),(2060073,'Frankie Hammond','Frankie','Hammond',10,0,60,3),(2060074,'Demetrius Harris','Demetrius','Harris',10,0,61,3),(2060079,'Rico Richardson','Rico','Richardson',10,0,60,3),(2060081,'Shawne Alston','Shawne','Alston',7,0,59,3),(2060083,'Josh Hill','Josh','Hill',7,0,61,3),(2060087,'Keavon Milton','Keavon','Milton',10,0,61,3),(2060089,'Spencer Benton','Spencer','Benton',11,0,62,3),(2060091,'Paul Freedman','Paul','Freedman',11,0,61,3),(2060095,'Greg Herd','Greg','Herd',12,0,60,3),(2060097,'Kendial Lawrence','Kendial','Lawrence',11,0,59,3),(2060099,'Eric Rogers','Eric','Rogers',11,0,60,3),(2060101,'Dalton Williams','Dalton','Williams',11,0,58,3),(2060108,'Matt Brown','Matt','Brown',4,0,58,3),(2060111,'Angelo Pease','Angelo','Pease',4,0,59,3),(2060113,'Ryan Roberson','Ryan','Roberson',4,0,59,3),(2060115,'Myles White','Myles','White',4,0,60,3),(2060118,'Jose Carlos Maltos','Jose Carlos','Maltos',7,0,62,3),(2060139,'Jeremy Wright','Jeremy','Wright',5,0,59,3),(2060177,'Zach Rogers','Zach','Rogers',10,0,60,3),(2060178,'Mike Shanahan','Mike','Shanahan',10,0,61,3),(2060179,'K.J. Stroud','K.J.','Stroud',10,0,60,3),(2060180,'Antavious Wilson','Antavious','Wilson',10,0,60,3),(2060181,'Miguel Maysonet','Miguel','Maysonet',10,0,59,3),(2060184,'Russell Shepard','Russell','Shepard',5,0,60,3),(2060186,'Matt Austin','Matt','Austin',12,0,60,3),(2060276,'Maikon Bonani','Maikon','Bonani',8,0,62,3),(2060278,'Travis Harvey','Travis','Harvey',8,0,60,3),(2060281,'Rashad Ross','Rashad','Ross',8,0,60,3),(2060283,'Dontel Watkins','Dontel','Watkins',8,0,60,3),(2062118,'Jeremy Shelley','Jeremy','Shelley',6,0,62,3),(2062119,'Rashaad Carter','Rashaad','Carter',8,0,60,3),(2062124,'Taulib Ikharo','Taulib','Ikharo',4,0,60,3),(2062125,'R.J. Webb','R.J.','Webb',4,0,60,3),(2062126,'Demetrius Fields','Demetrius','Fields',11,0,60,3),(2062131,'Anthony Amos','Anthony','Amos',11,0,60,3),(2062132,'Jaron Brown','Jaron','Brown',9,0,60,3),(2062137,'Michael Rios','Michael','Rios',9,0,60,3),(2062139,'Tyler Shaw','Tyler','Shaw',5,0,60,3),(2062140,'Caleb TerBush','Caleb','TerBush',9,0,58,3),(2062146,'Jonathan Amosa','Jonathan','Amosa',4,0,59,3),(2062148,'Ty Walker','Ty','Walker',4,0,60,3),(2062154,'Jordan Roberts','Jordan','Roberts',10,0,59,3),(2062160,'Greg Jenkins','Greg','Jenkins',7,0,60,3),(2062164,'Brent Leonard','Brent','Leonard',7,0,60,3),(2062165,'Khiry Robinson','Khiry','Robinson',7,0,59,3),(2062170,'Will Murphy','Will','Murphy',12,0,60,3),(2062173,'Tim Jenkins','Tim','Jenkins',11,0,58,3),(2062176,'Scott Pillar','Scott','Pillar',11,0,60,3),(2062182,'Mike Hermann','Mike','Hermann',8,0,58,3),(2062183,'Michael Hill','Michael','Hill',4,0,59,3),(2062190,'David Rolf','David','Rolf',8,0,61,3),(2062191,'Luke Tasker','Luke','Tasker',8,0,60,3),(2062193,'Victor Marshall','Victor','Marshall',12,0,61,3),(2062286,'Kyle Auffray','Kyle','Auffray',9,0,61,3),(2062288,'Jason Schepler','Jason','Schepler',9,0,61,3),(2062355,'Dayne Crist','Dayne','Crist',8,0,58,3),(2062478,'Andrew Helmick','Andrew','Helmick',11,0,60,3),(2062479,'Matthew McGloin','Matthew','McGloin',7,0,58,3),(2062480,'Rupert Bryan','Rupert','Bryan',6,0,59,3),(2062481,'Morgan Newton','Morgan','Newton',9,0,61,3),(2062570,'Toben Opurum','Toben','Opurum',10,0,59,3),(2063039,'David Ruffer','David','Ruffer',10,0,62,3),(2063040,'Will Shaw','Will','Shaw',12,0,61,3),(2063120,'Charles Hawkins','Charles','Hawkins',9,0,60,3),(2063143,'Alex Gillett','Alex','Gillett',4,0,60,3),(2063168,'Justin Veltung','Justin','Veltung',11,0,60,3),(2063850,'Courtney Gardner','Courtney','Gardner',6,0,60,3),(2063937,'Colby Prince','Colby','Prince',11,0,61,3),(2064016,'Chase Clement','Chase','Clement',9,0,61,3),(2064017,'Matt Brown','Matt','Brown',5,0,59,3),(2064546,'Peter Tuitupou','Peter','Tuitupou',5,0,61,3),(2064706,'Arceto Clark','Arceto','Clark',12,0,60,3),(2064881,'Adam Schiltz','Adam','Schiltz',8,0,61,3),(2073393,'Quentin Sims','Quentin','Sims',10,0,60,3),(2073969,'Robby Toma','Robby','Toma',9,0,60,3),(2074425,'Adam Yates','Adam','Yates',9,0,62,3),(2074737,'Andrell Smith','Andrell','Smith',6,0,60,3),(2075828,'John Rabe','John','Rabe',5,0,61,3),(2076126,'Andrei Lintz','Andrei','Lintz',12,0,61,3),(2076904,'Justin Wilson','Justin','Wilson',4,0,60,3),(2082385,'Rahsaan Vaughn','Rahsaan','Vaughn',10,0,60,3),(2087604,'Maurice Williams','Maurice','Williams',8,0,60,3),(2090503,'Zach Ramirez','Zach','Ramirez',4,0,62,3);
/*!40000 ALTER TABLE `nfl_players` ENABLE KEYS */;
UNLOCK TABLES;

--
-- Table structure for table `nfl_players_nfl_teams`
--

DROP TABLE IF EXISTS `nfl_players_nfl_teams`;
/*!40101 SET @saved_cs_client     = @@character_set_client */;
/*!40101 SET character_set_client = utf8 */;
CREATE TABLE `nfl_players_nfl_teams` (
  `nfl_team_id` int(11) NOT NULL,
  `nfl_player_id` int(11) NOT NULL,
  `modified` datetime NOT NULL,
  PRIMARY KEY (`nfl_team_id`,`nfl_player_id`),
  KEY `fk_nfl_players_idx` (`nfl_player_id`),
  CONSTRAINT `fk_nfl_players_roster` FOREIGN KEY (`nfl_player_id`) REFERENCES `nfl_players` (`id`) ON DELETE NO ACTION ON UPDATE NO ACTION,
  CONSTRAINT `fk_nfl_teams_roster` FOREIGN KEY (`nfl_team_id`) REFERENCES `nfl_teams` (`id`) ON DELETE NO ACTION ON UPDATE NO ACTION
) ENGINE=InnoDB DEFAULT CHARSET=latin1;
/*!40101 SET character_set_client = @saved_cs_client */;

--
-- Dumping data for table `nfl_players_nfl_teams`
--

LOCK TABLES `nfl_players_nfl_teams` WRITE;
/*!40000 ALTER TABLE `nfl_players_nfl_teams` DISABLE KEYS */;
INSERT INTO `nfl_players_nfl_teams` VALUES (197,1901,'2013-10-28 04:25:19'),(197,192741,'2013-10-28 04:25:32'),(197,234829,'2013-10-28 04:25:23'),(197,235215,'2013-10-28 04:25:28'),(197,396173,'2013-10-28 04:25:37'),(197,412042,'2013-10-28 04:25:26'),(197,414586,'2013-10-28 04:25:32'),(197,421487,'2013-10-28 04:25:42'),(197,430316,'2013-10-28 04:25:20'),(197,492934,'2013-10-28 04:25:23'),(197,519785,'2013-10-28 04:25:42'),(197,520248,'2013-10-28 04:25:22'),(197,559806,'2013-10-28 04:25:22'),(197,561926,'2013-10-28 04:25:35'),(197,563214,'2013-10-28 04:25:38'),(197,565774,'2013-10-28 04:25:41'),(197,565792,'2013-10-28 04:25:43'),(197,1116614,'2013-10-28 04:25:30'),(197,1116949,'2013-10-28 04:25:41'),(197,1117597,'2013-10-28 04:25:45'),(197,1125381,'2013-10-28 04:25:29'),(197,1137306,'2013-10-28 04:25:34'),(197,1226106,'2013-10-28 04:25:14'),(197,1226334,'2013-10-28 04:25:40'),(197,1272964,'2013-10-28 04:25:43'),(197,1273908,'2013-10-28 04:25:33'),(197,1277058,'2013-10-28 04:25:31'),(197,1620826,'2013-10-28 04:25:18'),(197,1630220,'2013-10-28 04:25:23'),(197,1630493,'2013-10-28 04:25:30'),(197,1630601,'2013-10-28 04:25:45'),(197,1633109,'2013-10-28 04:25:23'),(197,1685988,'2013-10-28 04:25:43'),(197,1687529,'2013-10-28 04:25:39'),(197,1700943,'2013-10-28 04:25:42'),(197,1704810,'2013-10-28 04:25:32'),(197,1891905,'2013-10-28 04:25:41'),(197,1978531,'2013-10-28 04:25:24'),(197,1979368,'2013-10-28 04:25:24'),(197,1979389,'2013-10-28 04:25:18'),(197,1979677,'2013-10-28 04:25:21'),(197,2057325,'2013-10-28 04:25:24'),(197,2059206,'2013-10-28 04:25:22'),(197,2062132,'2013-10-28 04:25:18'),(197,2062137,'2013-10-28 04:25:39'),(197,2062140,'2013-10-28 04:25:43'),(197,2062286,'2013-10-28 04:25:12'),(197,2063120,'2013-10-28 04:25:28'),(197,2073969,'2013-10-28 04:25:43'),(198,1902,'2013-10-28 04:25:23'),(198,12400,'2013-10-28 04:25:24'),(198,146369,'2013-10-28 04:25:46'),(198,187629,'2013-10-28 04:25:38'),(198,312308,'2013-10-28 04:25:18'),(198,420095,'2013-10-28 04:25:40'),(198,421274,'2013-10-28 04:25:41'),(198,436547,'2013-10-28 04:25:22'),(198,492963,'2013-10-28 04:25:30'),(198,493097,'2013-10-28 04:25:44'),(198,501492,'2013-10-28 04:25:38'),(198,502611,'2013-10-28 04:25:20'),(198,523103,'2013-10-28 04:25:45'),(198,563628,'2013-10-28 04:25:39'),(198,565753,'2013-10-28 04:25:20'),(198,567078,'2013-10-28 04:25:34'),(198,1113490,'2013-10-28 04:25:36'),(198,1273079,'2013-10-28 04:25:39'),(198,1623794,'2013-10-28 04:25:31'),(198,1630256,'2013-10-28 04:25:39'),(198,1630530,'2013-10-28 04:25:40'),(198,1631176,'2013-10-28 04:25:23'),(198,1631866,'2013-10-28 04:25:39'),(198,1675122,'2013-10-28 04:25:20'),(198,1675229,'2013-10-28 04:25:44'),(198,1675742,'2013-10-28 04:25:41'),(198,1685990,'2013-10-28 04:25:43'),(198,1825413,'2013-10-28 04:25:30'),(198,1853326,'2013-10-28 04:25:21'),(198,1853789,'2013-10-28 04:25:23'),(198,1864646,'2013-10-28 04:25:20'),(198,1867816,'2013-10-28 04:25:34'),(198,1891800,'2013-10-28 04:25:22'),(198,1974167,'2013-10-28 04:25:21'),(198,1974174,'2013-10-28 04:25:30'),(198,1974178,'2013-10-28 04:25:36'),(198,1975903,'2013-10-28 04:25:35'),(198,1977156,'2013-10-28 04:25:42'),(198,1979373,'2013-10-28 04:25:15'),(198,1979412,'2013-10-28 04:25:24'),(198,2058152,'2013-10-28 04:25:14'),(198,2058154,'2013-10-28 04:25:19'),(198,2058155,'2013-10-28 04:25:22'),(198,2058156,'2013-10-28 04:25:23'),(198,2058157,'2013-10-28 04:25:24'),(198,2058161,'2013-10-28 04:25:35'),(198,2058163,'2013-10-28 04:25:40'),(198,2062118,'2013-10-28 04:25:40'),(199,1903,'2013-10-28 04:25:38'),(199,133424,'2013-10-28 04:25:42'),(199,396083,'2013-10-28 04:25:41'),(199,396154,'2013-10-28 04:25:20'),(199,405920,'2013-10-28 04:25:13'),(199,493666,'2013-10-28 04:25:32'),(199,523470,'2013-10-28 04:25:22'),(199,565631,'2013-10-28 04:25:22'),(199,1115066,'2013-10-28 04:25:19'),(199,1117379,'2013-10-28 04:25:22'),(199,1130517,'2013-10-28 04:25:35'),(199,1220258,'2013-10-28 04:25:31'),(199,1226300,'2013-10-28 04:25:37'),(199,1242961,'2013-10-28 04:25:41'),(199,1243206,'2013-10-28 04:25:39'),(199,1243338,'2013-10-28 04:25:43'),(199,1250697,'2013-10-28 04:25:23'),(199,1272276,'2013-10-28 04:25:15'),(199,1273811,'2013-10-28 04:25:37'),(199,1616740,'2013-10-28 04:25:26'),(199,1630295,'2013-10-28 04:25:12'),(199,1630314,'2013-10-28 04:25:23'),(199,1630465,'2013-10-28 04:25:42'),(199,1630925,'2013-10-28 04:25:22'),(199,1675238,'2013-10-28 04:25:45'),(199,1683145,'2013-10-28 04:25:31'),(199,1692413,'2013-10-28 04:25:34'),(199,1700701,'2013-10-28 04:25:18'),(199,1713803,'2013-10-28 04:25:37'),(199,1853419,'2013-10-28 04:25:45'),(199,1977161,'2013-10-28 04:25:39'),(199,1979421,'2013-10-28 04:25:43'),(199,1985374,'2013-10-28 04:25:44'),(199,2042442,'2013-10-28 04:25:45'),(199,2059175,'2013-10-28 04:25:29'),(199,2059177,'2013-10-28 04:25:41'),(199,2059178,'2013-10-28 04:25:42'),(199,2062119,'2013-10-28 04:25:19'),(199,2062355,'2013-10-28 04:25:21'),(200,1904,'2013-10-28 04:25:15'),(200,303192,'2013-10-28 04:25:34'),(200,408163,'2013-10-28 04:25:19'),(200,410711,'2013-10-28 04:25:23'),(200,414742,'2013-10-28 04:25:32'),(200,415213,'2013-10-28 04:25:32'),(200,421137,'2013-10-28 04:25:41'),(200,431544,'2013-10-28 04:25:20'),(200,435413,'2013-10-28 04:25:43'),(200,493669,'2013-10-28 04:25:34'),(200,561597,'2013-10-28 04:25:19'),(200,563773,'2013-10-28 04:25:40'),(200,1102782,'2013-10-28 04:25:30'),(200,1114348,'2013-10-28 04:25:33'),(200,1116922,'2013-10-28 04:25:31'),(200,1127382,'2013-10-28 04:25:42'),(200,1243240,'2013-10-28 04:25:38'),(200,1276441,'2013-10-28 04:25:41'),(200,1277467,'2013-10-28 04:25:22'),(200,1616704,'2013-10-28 04:25:19'),(200,1630354,'2013-10-28 04:25:24'),(200,1632236,'2013-10-28 04:25:24'),(200,1664151,'2013-10-28 04:25:29'),(200,1672655,'2013-10-28 04:25:33'),(200,1674149,'2013-10-28 04:25:42'),(200,1682472,'2013-10-28 04:25:31'),(200,1691489,'2013-10-28 04:25:24'),(200,1692064,'2013-10-28 04:25:19'),(200,1754280,'2013-10-28 04:25:46'),(200,1853740,'2013-10-28 04:25:36'),(200,1891917,'2013-10-28 04:25:29'),(200,1977075,'2013-10-28 04:25:23'),(200,1999809,'2013-10-28 04:25:18'),(200,2005434,'2013-10-28 04:25:40'),(200,2058171,'2013-10-28 04:25:46'),(200,2059182,'2013-10-28 04:25:44'),(200,2059275,'2013-10-28 04:25:41'),(200,2059358,'2013-10-28 04:25:24'),(200,2059474,'2013-10-28 04:25:41'),(200,2059626,'2013-10-28 04:25:36'),(201,1905,'2013-10-28 04:25:37'),(201,235157,'2013-10-28 04:25:41'),(201,405598,'2013-10-28 04:25:12'),(201,412870,'2013-10-28 04:25:29'),(201,423714,'2013-10-28 04:25:45'),(201,492958,'2013-10-28 04:25:28'),(201,502524,'2013-10-28 04:25:36'),(201,502737,'2013-10-28 04:25:24'),(201,556966,'2013-10-28 04:25:17'),(201,558591,'2013-10-28 04:25:32'),(201,558839,'2013-10-28 04:25:24'),(201,565654,'2013-10-28 04:25:42'),(201,1114035,'2013-10-28 04:25:24'),(201,1243697,'2013-10-28 04:25:34'),(201,1246081,'2013-10-28 04:25:20'),(201,1273186,'2013-10-28 04:25:36'),(201,1273888,'2013-10-28 04:25:37'),(201,1616727,'2013-10-28 04:25:23'),(201,1616887,'2013-10-28 04:25:43'),(201,1620562,'2013-10-28 04:25:32'),(201,1620623,'2013-10-28 04:25:38'),(201,1630331,'2013-10-28 04:25:37'),(201,1631138,'2013-10-28 04:25:46'),(201,1631827,'2013-10-28 04:25:13'),(201,1632223,'2013-10-28 04:25:11'),(201,1632255,'2013-10-28 04:25:11'),(201,1667326,'2013-10-28 04:25:21'),(201,1687371,'2013-10-28 04:25:22'),(201,1779117,'2013-10-28 04:25:19'),(201,1857139,'2013-10-28 04:25:41'),(201,1891852,'2013-10-28 04:25:41'),(201,1975962,'2013-10-28 04:25:35'),(201,1977080,'2013-10-28 04:25:40'),(201,1979352,'2013-10-28 04:25:15'),(201,1979727,'2013-10-28 04:25:17'),(201,1988991,'2013-10-28 04:25:18'),(201,2042924,'2013-10-28 04:25:40'),(201,2058173,'2013-10-28 04:25:45'),(201,2060054,'2013-10-28 04:25:22'),(201,2060057,'2013-10-28 04:25:33'),(201,2062124,'2013-10-28 04:25:29'),(201,2062125,'2013-10-28 04:25:45'),(202,1751,'2013-10-28 04:25:33'),(202,1906,'2013-10-28 04:25:14'),(202,302085,'2013-10-28 04:25:34'),(202,405738,'2013-10-28 04:25:12'),(202,406777,'2013-10-28 04:25:16'),(202,409102,'2013-10-28 04:25:21'),(202,410129,'2013-10-28 04:25:22'),(202,412717,'2013-10-28 04:25:29'),(202,418207,'2013-10-28 04:25:37'),(202,426135,'2013-10-28 04:25:33'),(202,431354,'2013-10-28 04:25:38'),(202,435367,'2013-10-28 04:25:40'),(202,436526,'2013-10-28 04:25:18'),(202,524093,'2013-10-28 04:25:23'),(202,553121,'2013-10-28 04:25:24'),(202,554742,'2013-10-28 04:25:21'),(202,559296,'2013-10-28 04:25:44'),(202,559687,'2013-10-28 04:25:23'),(202,563866,'2013-10-28 04:25:22'),(202,564954,'2013-10-28 04:25:15'),(202,565793,'2013-10-28 04:25:15'),(202,1130556,'2013-10-28 04:25:33'),(202,1221953,'2013-10-28 04:25:45'),(202,1244985,'2013-10-28 04:25:43'),(202,1246074,'2013-10-28 04:25:12'),(202,1630782,'2013-10-28 04:25:30'),(202,1661887,'2013-10-28 04:25:32'),(202,1675114,'2013-10-28 04:25:17'),(202,1679964,'2013-10-28 04:25:23'),(202,1686006,'2013-10-28 04:25:30'),(202,1702983,'2013-10-28 04:25:36'),(202,1765998,'2013-10-28 04:25:46'),(202,1891855,'2013-10-28 04:25:11'),(202,1979709,'2013-10-28 04:25:12'),(202,1979710,'2013-10-28 04:25:16'),(202,2056934,'2013-10-28 04:25:41'),(202,2060051,'2013-10-28 04:25:40'),(202,2060060,'2013-10-28 04:25:32'),(203,1907,'2013-10-28 04:25:14'),(203,396017,'2013-10-28 04:25:32'),(203,412346,'2013-10-28 04:25:27'),(203,421093,'2013-10-28 04:25:41'),(203,515634,'2013-10-28 04:25:37'),(203,552599,'2013-10-28 04:25:36'),(203,563223,'2013-10-28 04:25:43'),(203,563967,'2013-10-28 04:25:39'),(203,1123667,'2013-10-28 04:25:25'),(203,1125961,'2013-10-28 04:25:21'),(203,1243816,'2013-10-28 04:25:40'),(203,1244509,'2013-10-28 04:25:45'),(203,1325808,'2013-10-28 04:25:31'),(203,1616291,'2013-10-28 04:25:25'),(203,1630879,'2013-10-28 04:25:40'),(203,1630994,'2013-10-28 04:25:40'),(203,1631804,'2013-10-28 04:25:31'),(203,1664646,'2013-10-28 04:25:40'),(203,1673207,'2013-10-28 04:25:25'),(203,1673297,'2013-10-28 04:25:34'),(203,1674113,'2013-10-28 04:25:18'),(203,1674146,'2013-10-28 04:25:40'),(203,1675028,'2013-10-28 04:25:38'),(203,1679738,'2013-10-28 04:25:18'),(203,1691608,'2013-10-28 04:25:22'),(203,1700779,'2013-10-28 04:25:26'),(203,1707633,'2013-10-28 04:25:19'),(203,1737248,'2013-10-28 04:25:15'),(203,1803774,'2013-10-28 04:25:28'),(203,1904814,'2013-10-28 04:25:24'),(203,1975916,'2013-10-28 04:25:39'),(203,1979715,'2013-10-28 04:25:18'),(203,2059365,'2013-10-28 04:25:17'),(204,1930,'2013-10-28 04:25:18'),(204,303245,'2013-10-28 04:25:21'),(204,396170,'2013-10-28 04:25:34'),(204,407793,'2013-10-28 04:25:19'),(204,502707,'2013-10-28 04:25:25'),(204,517027,'2013-10-28 04:25:36'),(204,517243,'2013-10-28 04:25:29'),(204,517880,'2013-10-28 04:25:30'),(204,522814,'2013-10-28 04:25:14'),(204,561619,'2013-10-28 04:25:15'),(204,567373,'2013-10-28 04:25:26'),(204,1117363,'2013-10-28 04:25:42'),(204,1123426,'2013-10-28 04:25:40'),(204,1242997,'2013-10-28 04:25:33'),(204,1244459,'2013-10-28 04:25:19'),(204,1245251,'2013-10-28 04:25:45'),(204,1254446,'2013-10-28 04:25:20'),(204,1272538,'2013-10-28 04:25:45'),(204,1630448,'2013-10-28 04:25:14'),(204,1631039,'2013-10-28 04:25:24'),(204,1632292,'2013-10-28 04:25:31'),(204,1664753,'2013-10-28 04:25:33'),(204,1673231,'2013-10-28 04:25:25'),(204,1674153,'2013-10-28 04:25:45'),(204,1675111,'2013-10-28 04:25:16'),(204,1686045,'2013-10-28 04:25:24'),(204,1700986,'2013-10-28 04:25:40'),(204,1786772,'2013-10-28 04:25:46'),(204,1971906,'2013-10-28 04:25:41'),(204,1975981,'2013-10-28 04:25:44'),(204,2053495,'2013-10-28 04:25:16'),(204,2057693,'2013-10-28 04:25:30'),(204,2058340,'2013-10-28 04:25:29'),(204,2058342,'2013-10-28 04:25:39'),(204,2058344,'2013-10-28 04:25:43'),(204,2058351,'2013-10-28 04:25:20'),(204,2058352,'2013-10-28 04:25:21'),(204,2058353,'2013-10-28 04:25:22'),(204,2060087,'2013-10-28 04:25:35'),(204,2060181,'2013-10-28 04:25:34'),(205,1908,'2013-10-28 04:25:20'),(205,133236,'2013-10-28 04:25:18'),(205,396134,'2013-10-28 04:25:46'),(205,396886,'2013-10-28 04:25:40'),(205,418071,'2013-10-28 04:25:36'),(205,422864,'2013-10-28 04:25:44'),(205,516948,'2013-10-28 04:25:19'),(205,1114610,'2013-10-28 04:25:12'),(205,1117478,'2013-10-28 04:25:41'),(205,1123691,'2013-10-28 04:25:36'),(205,1243307,'2013-10-28 04:25:20'),(205,1245905,'2013-10-28 04:25:27'),(205,1248564,'2013-10-28 04:25:45'),(205,1272524,'2013-10-28 04:25:18'),(205,1619913,'2013-10-28 04:25:26'),(205,1626550,'2013-10-28 04:25:12'),(205,1630817,'2013-10-28 04:25:33'),(205,1632384,'2013-10-28 04:25:45'),(205,1689664,'2013-10-28 04:25:13'),(205,1691546,'2013-10-28 04:25:23'),(205,1737645,'2013-10-28 04:25:38'),(205,1768610,'2013-10-28 04:25:14'),(205,1854528,'2013-10-28 04:25:20'),(205,1891868,'2013-10-28 04:25:43'),(205,1977089,'2013-10-28 04:25:42'),(205,1977145,'2013-10-28 04:25:14'),(205,1977146,'2013-10-28 04:25:18'),(205,1977147,'2013-10-28 04:25:22'),(205,1979355,'2013-10-28 04:25:25'),(205,1987619,'2013-10-28 04:25:43'),(205,2060089,'2013-10-28 04:25:15'),(205,2060091,'2013-10-28 04:25:23'),(205,2060097,'2013-10-28 04:25:32'),(205,2060099,'2013-10-28 04:25:39'),(205,2060101,'2013-10-28 04:25:45'),(205,2062131,'2013-10-28 04:25:12'),(206,1909,'2013-10-28 04:25:18'),(206,12531,'2013-10-28 04:25:33'),(206,407741,'2013-10-28 04:25:18'),(206,409876,'2013-10-28 04:25:22'),(206,421946,'2013-10-28 04:25:42'),(206,493735,'2013-10-28 04:25:45'),(206,502391,'2013-10-28 04:25:29'),(206,518132,'2013-10-28 04:25:29'),(206,558554,'2013-10-28 04:25:29'),(206,565639,'2013-10-28 04:25:31'),(206,582146,'2013-10-28 04:25:36'),(206,584290,'2013-10-28 04:25:21'),(206,1109832,'2013-10-28 04:25:38'),(206,1114939,'2013-10-28 04:25:35'),(206,1114965,'2013-10-28 04:25:43'),(206,1130615,'2013-10-28 04:25:25'),(206,1244927,'2013-10-28 04:25:23'),(206,1263433,'2013-10-28 04:25:21'),(206,1619037,'2013-10-28 04:25:13'),(206,1620726,'2013-10-28 04:25:37'),(206,1631626,'2013-10-28 04:25:22'),(206,1631791,'2013-10-28 04:25:39'),(206,1664777,'2013-10-28 04:25:36'),(206,1674140,'2013-10-28 04:25:36'),(206,1675145,'2013-10-28 04:25:25'),(206,1682170,'2013-10-28 04:25:13'),(206,1701008,'2013-10-28 04:25:29'),(206,1755056,'2013-10-28 04:25:43'),(206,1853170,'2013-10-28 04:25:24'),(206,1853176,'2013-10-28 04:25:42'),(206,1880820,'2013-10-28 04:25:12'),(206,2058311,'2013-10-28 04:25:14'),(206,2058314,'2013-10-28 04:25:31'),(206,2058315,'2013-10-28 04:25:34'),(206,2058317,'2013-10-28 04:25:39'),(206,2058358,'2013-10-28 04:25:43'),(207,1384,'2013-10-28 04:25:26'),(207,1666,'2013-10-28 04:25:12'),(207,1910,'2013-10-28 04:25:33'),(207,303369,'2013-10-28 04:25:29'),(207,395935,'2013-10-28 04:25:18'),(207,396972,'2013-10-28 04:25:28'),(207,407605,'2013-10-28 04:25:18'),(207,420366,'2013-10-28 04:25:40'),(207,502629,'2013-10-28 04:25:30'),(207,517401,'2013-10-28 04:25:27'),(207,517620,'2013-10-28 04:25:37'),(207,559572,'2013-10-28 04:25:35'),(207,559743,'2013-10-28 04:25:41'),(207,584459,'2013-10-28 04:25:45'),(207,1109761,'2013-10-28 04:25:37'),(207,1114549,'2013-10-28 04:25:42'),(207,1114912,'2013-10-28 04:25:19'),(207,1114942,'2013-10-28 04:25:42'),(207,1114988,'2013-10-28 04:25:22'),(207,1116870,'2013-10-28 04:25:43'),(207,1117438,'2013-10-28 04:25:36'),(207,1117827,'2013-10-28 04:25:12'),(207,1226400,'2013-10-28 04:25:46'),(207,1243556,'2013-10-28 04:25:18'),(207,1272970,'2013-10-28 04:25:15'),(207,1274372,'2013-10-28 04:25:35'),(207,1369280,'2013-10-28 04:25:33'),(207,1615601,'2013-10-28 04:25:40'),(207,1616637,'2013-10-28 04:25:33'),(207,1616858,'2013-10-28 04:25:29'),(207,1619958,'2013-10-28 04:25:33'),(207,1620799,'2013-10-28 04:25:22'),(207,1631715,'2013-10-28 04:25:19'),(207,1632222,'2013-10-28 04:25:45'),(207,1633106,'2013-10-28 04:25:23'),(207,1662348,'2013-10-28 04:25:14'),(207,1675185,'2013-10-28 04:25:35'),(207,1691614,'2013-10-28 04:25:39'),(207,1693202,'2013-10-28 04:25:12'),(207,1763065,'2013-10-28 04:25:23'),(207,1823343,'2013-10-28 04:25:22'),(207,1891890,'2013-10-28 04:25:40'),(207,1977084,'2013-10-28 04:25:44'),(207,1978529,'2013-10-28 04:25:18'),(207,1978532,'2013-10-28 04:25:25'),(207,1978539,'2013-10-28 04:25:45'),(207,2054732,'2013-10-28 04:25:40'),(207,2058548,'2013-10-28 04:25:35'),(207,2059186,'2013-10-28 04:25:46'),(208,1911,'2013-10-28 04:25:37'),(208,133276,'2013-10-28 04:25:22'),(208,396113,'2013-10-28 04:25:44'),(208,406400,'2013-10-28 04:25:15'),(208,408969,'2013-10-28 04:25:21'),(208,411639,'2013-10-28 04:25:24'),(208,417623,'2013-10-28 04:25:36'),(208,419780,'2013-10-28 04:25:39'),(208,424340,'2013-10-28 04:25:46'),(208,431446,'2013-10-28 04:25:31'),(208,553458,'2013-10-28 04:25:32'),(208,584640,'2013-10-28 04:25:23'),(208,1117402,'2013-10-28 04:25:45'),(208,1117622,'2013-10-28 04:25:38'),(208,1123431,'2013-10-28 04:25:42'),(208,1243815,'2013-10-28 04:25:40'),(208,1244483,'2013-10-28 04:25:44'),(208,1244779,'2013-10-28 04:25:20'),(208,1252130,'2013-10-28 04:25:27'),(208,1620463,'2013-10-28 04:25:27'),(208,1630575,'2013-10-28 04:25:17'),(208,1631109,'2013-10-28 04:25:42'),(208,1631945,'2013-10-28 04:25:23'),(208,1632091,'2013-10-28 04:25:20'),(208,1673545,'2013-10-28 04:25:41'),(208,1691422,'2013-10-28 04:25:32'),(208,1823899,'2013-10-28 04:25:43'),(208,1975894,'2013-10-28 04:25:43'),(208,1985606,'2013-10-28 04:25:16'),(208,2055482,'2013-10-28 04:25:21'),(208,2057733,'2013-10-28 04:25:22'),(208,2059173,'2013-10-28 04:25:29'),(208,2060108,'2013-10-28 04:25:18'),(208,2060111,'2013-10-28 04:25:37'),(208,2060113,'2013-10-28 04:25:39'),(208,2060115,'2013-10-28 04:25:45'),(208,2062146,'2013-10-28 04:25:12'),(208,2062148,'2013-10-28 04:25:44'),(208,2062183,'2013-10-28 04:25:29'),(208,2063143,'2013-10-28 04:25:24'),(208,2076904,'2013-10-28 04:25:46'),(208,2090503,'2013-10-28 04:25:38'),(209,1932,'2013-10-28 04:25:43'),(209,235131,'2013-10-28 04:25:36'),(209,396162,'2013-10-28 04:25:30'),(209,396163,'2013-10-28 04:25:30'),(209,406245,'2013-10-28 04:25:14'),(209,409170,'2013-10-28 04:25:21'),(209,492973,'2013-10-28 04:25:31'),(209,493050,'2013-10-28 04:25:40'),(209,516606,'2013-10-28 04:25:34'),(209,518611,'2013-10-28 04:25:23'),(209,563875,'2013-10-28 04:25:29'),(209,565190,'2013-10-28 04:25:24'),(209,1113529,'2013-10-28 04:25:43'),(209,1137118,'2013-10-28 04:25:31'),(209,1242996,'2013-10-28 04:25:31'),(209,1254113,'2013-10-28 04:25:30'),(209,1631009,'2013-10-28 04:25:34'),(209,1631106,'2013-10-28 04:25:38'),(209,1632503,'2013-10-28 04:25:18'),(209,1672907,'2013-10-28 04:25:16'),(209,1682104,'2013-10-28 04:25:32'),(209,1686185,'2013-10-28 04:25:31'),(209,1697297,'2013-10-28 04:25:46'),(209,1700252,'2013-10-28 04:25:24'),(209,1700934,'2013-10-28 04:25:36'),(209,1701956,'2013-10-28 04:25:16'),(209,1737078,'2013-10-28 04:25:29'),(209,1823918,'2013-10-28 04:25:46'),(209,1975965,'2013-10-28 04:25:42'),(209,1977791,'2013-10-28 04:25:18'),(209,2057695,'2013-10-28 04:25:25'),(209,2060063,'2013-10-28 04:25:21'),(209,2060069,'2013-10-28 04:25:41'),(209,2064881,'2013-10-28 04:25:40'),(210,1392,'2013-10-28 04:25:44'),(210,1912,'2013-10-28 04:25:20'),(210,12429,'2013-10-28 04:25:28'),(210,235256,'2013-10-28 04:25:45'),(210,493016,'2013-10-28 04:25:35'),(210,520778,'2013-10-28 04:25:17'),(210,564881,'2013-10-28 04:25:29'),(210,1117312,'2013-10-28 04:25:28'),(210,1243803,'2013-10-28 04:25:29'),(210,1244492,'2013-10-28 04:25:23'),(210,1251085,'2013-10-28 04:25:18'),(210,1272731,'2013-10-28 04:25:27'),(210,1272892,'2013-10-28 04:25:17'),(210,1273280,'2013-10-28 04:25:40'),(210,1630216,'2013-10-28 04:25:12'),(210,1630318,'2013-10-28 04:25:34'),(210,1631912,'2013-10-28 04:25:33'),(210,1632787,'2013-10-28 04:25:39'),(210,1673733,'2013-10-28 04:25:29'),(210,1686001,'2013-10-28 04:25:21'),(210,1691322,'2013-10-28 04:25:45'),(210,1691430,'2013-10-28 04:25:39'),(210,1695553,'2013-10-28 04:25:40'),(210,1737204,'2013-10-28 04:25:39'),(210,1751258,'2013-10-28 04:25:13'),(210,1891856,'2013-10-28 04:25:29'),(210,1975893,'2013-10-28 04:25:37'),(210,1977170,'2013-10-28 04:25:31'),(210,1977172,'2013-10-28 04:25:40'),(210,1977174,'2013-10-28 04:25:45'),(210,2041264,'2013-10-28 04:25:22'),(210,2042321,'2013-10-28 04:25:32'),(210,2058320,'2013-10-28 04:25:34'),(210,2058321,'2013-10-28 04:25:35'),(210,2058322,'2013-10-28 04:25:36'),(210,2058324,'2013-10-28 04:25:40'),(210,2087604,'2013-10-28 04:25:45'),(211,1913,'2013-10-28 04:25:30'),(211,409879,'2013-10-28 04:25:31'),(211,415313,'2013-10-28 04:25:33'),(211,419756,'2013-10-28 04:25:39'),(211,421459,'2013-10-28 04:25:42'),(211,421695,'2013-10-28 04:25:42'),(211,423719,'2013-10-28 04:25:45'),(211,492932,'2013-10-28 04:25:23'),(211,493053,'2013-10-28 04:25:40'),(211,502411,'2013-10-28 04:25:20'),(211,517045,'2013-10-28 04:25:41'),(211,517291,'2013-10-28 04:25:29'),(211,520386,'2013-10-28 04:25:23'),(211,553187,'2013-10-28 04:25:42'),(211,565116,'2013-10-28 04:25:31'),(211,565752,'2013-10-28 04:25:20'),(211,583487,'2013-10-28 04:25:45'),(211,1117603,'2013-10-28 04:25:17'),(211,1123712,'2013-10-28 04:25:38'),(211,1133695,'2013-10-28 04:25:44'),(211,1243710,'2013-10-28 04:25:39'),(211,1243716,'2013-10-28 04:25:42'),(211,1273405,'2013-10-28 04:25:45'),(211,1620412,'2013-10-28 04:25:40'),(211,1630777,'2013-10-28 04:25:23'),(211,1630860,'2013-10-28 04:25:16'),(211,1631401,'2013-10-28 04:25:37'),(211,1636732,'2013-10-28 04:25:43'),(211,1675037,'2013-10-28 04:25:42'),(211,1675176,'2013-10-28 04:25:33'),(211,1682906,'2013-10-28 04:25:26'),(211,1691363,'2013-10-28 04:25:35'),(211,1696988,'2013-10-28 04:25:38'),(211,1700475,'2013-10-28 04:25:39'),(211,1724406,'2013-10-28 04:25:18'),(211,1737695,'2013-10-28 04:25:40'),(211,1823890,'2013-10-28 04:25:41'),(211,1891881,'2013-10-28 04:25:36'),(211,1971913,'2013-10-28 04:25:22'),(211,1971915,'2013-10-28 04:25:20'),(211,1978056,'2013-10-28 04:25:18'),(211,1979730,'2013-10-28 04:25:25'),(211,2059195,'2013-10-28 04:25:34'),(211,2059197,'2013-10-28 04:25:37'),(211,2059198,'2013-10-28 04:25:39'),(211,2059200,'2013-10-28 04:25:39'),(211,2059359,'2013-10-28 04:25:23'),(211,2074425,'2013-10-28 04:25:46'),(212,1914,'2013-10-28 04:25:19'),(212,405833,'2013-10-28 04:25:13'),(212,406856,'2013-10-28 04:25:17'),(212,410446,'2013-10-28 04:25:23'),(212,419998,'2013-10-28 04:25:40'),(212,501448,'2013-10-28 04:25:20'),(212,552642,'2013-10-28 04:25:41'),(212,556622,'2013-10-28 04:25:24'),(212,563070,'2013-10-28 04:25:35'),(212,564952,'2013-10-28 04:25:19'),(212,565754,'2013-10-28 04:25:21'),(212,1102778,'2013-10-28 04:25:23'),(212,1114237,'2013-10-28 04:25:36'),(212,1137461,'2013-10-28 04:25:34'),(212,1206816,'2013-10-28 04:25:16'),(212,1263398,'2013-10-28 04:25:29'),(212,1273864,'2013-10-28 04:25:46'),(212,1277500,'2013-10-28 04:25:41'),(212,1620865,'2013-10-28 04:25:24'),(212,1664705,'2013-10-28 04:25:21'),(212,1672870,'2013-10-28 04:25:30'),(212,1674148,'2013-10-28 04:25:42'),(212,1674985,'2013-10-28 04:25:17'),(212,1679734,'2013-10-28 04:25:46'),(212,1725130,'2013-10-28 04:25:32'),(212,1737685,'2013-10-28 04:25:17'),(212,1740196,'2013-10-28 04:25:26'),(212,1823780,'2013-10-28 04:25:13'),(212,1823781,'2013-10-28 04:25:13'),(212,1977100,'2013-10-28 04:25:41'),(212,1979372,'2013-10-28 04:25:14'),(212,1979375,'2013-10-28 04:25:22'),(212,1979385,'2013-10-28 04:25:42'),(212,1979404,'2013-10-28 04:25:34'),(212,2060073,'2013-10-28 04:25:26'),(212,2060074,'2013-10-28 04:25:27'),(212,2060079,'2013-10-28 04:25:39'),(212,2062154,'2013-10-28 04:25:39'),(212,2062570,'2013-10-28 04:25:36'),(213,1915,'2013-10-28 04:25:22'),(213,235222,'2013-10-28 04:25:30'),(213,306271,'2013-10-28 04:25:23'),(213,414386,'2013-10-28 04:25:32'),(213,417544,'2013-10-28 04:25:36'),(213,518847,'2013-10-28 04:25:43'),(213,559250,'2013-10-28 04:25:44'),(213,563622,'2013-10-28 04:25:28'),(213,565727,'2013-10-28 04:25:41'),(213,1116328,'2013-10-28 04:25:24'),(213,1226278,'2013-10-28 04:25:35'),(213,1244463,'2013-10-28 04:25:20'),(213,1245841,'2013-10-28 04:25:15'),(213,1250085,'2013-10-28 04:25:32'),(213,1265552,'2013-10-28 04:25:20'),(213,1273654,'2013-10-28 04:25:43'),(213,1620544,'2013-10-28 04:25:42'),(213,1620863,'2013-10-28 04:25:23'),(213,1633112,'2013-10-28 04:25:24'),(213,1682856,'2013-10-28 04:25:33'),(213,1688198,'2013-10-28 04:25:22'),(213,1691169,'2013-10-28 04:25:35'),(213,1691251,'2013-10-28 04:25:21'),(213,1691361,'2013-10-28 04:25:33'),(213,1691404,'2013-10-28 04:25:24'),(213,1700403,'2013-10-28 04:25:43'),(213,1700507,'2013-10-28 04:25:41'),(213,1700840,'2013-10-28 04:25:18'),(213,1707317,'2013-10-28 04:25:38'),(213,1724614,'2013-10-28 04:25:22'),(213,1762335,'2013-10-28 04:25:34'),(213,1781543,'2013-10-28 04:25:39'),(213,1789457,'2013-10-28 04:25:20'),(213,1891880,'2013-10-28 04:25:35'),(213,1891892,'2013-10-28 04:25:46'),(213,1891916,'2013-10-28 04:25:28'),(213,1979694,'2013-10-28 04:25:42'),(213,1987614,'2013-10-28 04:25:32'),(213,2059266,'2013-10-28 04:25:14'),(213,2059269,'2013-10-28 04:25:20'),(213,2059271,'2013-10-28 04:25:33'),(213,2059276,'2013-10-28 04:25:42'),(213,2062480,'2013-10-28 04:25:18'),(213,2063850,'2013-10-28 04:25:24'),(213,2074737,'2013-10-28 04:25:41'),(214,1916,'2013-10-28 04:25:44'),(214,235151,'2013-10-28 04:25:40'),(214,407903,'2013-10-28 04:25:19'),(214,413737,'2013-10-28 04:25:30'),(214,517568,'2013-10-28 04:25:37'),(214,552470,'2013-10-28 04:25:19'),(214,1116559,'2013-10-28 04:25:38'),(214,1117729,'2013-10-28 04:25:24'),(214,1123282,'2013-10-28 04:25:23'),(214,1123545,'2013-10-28 04:25:45'),(214,1244464,'2013-10-28 04:25:23'),(214,1245626,'2013-10-28 04:25:12'),(214,1249642,'2013-10-28 04:25:23'),(214,1272073,'2013-10-28 04:25:41'),(214,1630970,'2013-10-28 04:25:44'),(214,1632083,'2013-10-28 04:25:45'),(214,1632227,'2013-10-28 04:25:19'),(214,1632252,'2013-10-28 04:25:46'),(214,1632462,'2013-10-28 04:25:33'),(214,1633122,'2013-10-28 04:25:40'),(214,1672692,'2013-10-28 04:25:29'),(214,1696992,'2013-10-28 04:25:41'),(214,1974165,'2013-10-28 04:25:18'),(214,1977070,'2013-10-28 04:25:13'),(214,1979370,'2013-10-28 04:25:42'),(214,1979669,'2013-10-28 04:25:23'),(214,1996183,'2013-10-28 04:25:37'),(214,2059190,'2013-10-28 04:25:12'),(214,2059208,'2013-10-28 04:25:38'),(214,2059211,'2013-10-28 04:25:45'),(214,2059362,'2013-10-28 04:25:43'),(215,1931,'2013-10-28 04:25:37'),(215,187741,'2013-10-28 04:25:17'),(215,302177,'2013-10-28 04:25:17'),(215,396021,'2013-10-28 04:25:33'),(215,411579,'2013-10-28 04:25:24'),(215,423207,'2013-10-28 04:25:45'),(215,433568,'2013-10-28 04:25:23'),(215,492964,'2013-10-28 04:25:30'),(215,516968,'2013-10-28 04:25:12'),(215,1114680,'2013-10-28 04:25:43'),(215,1115114,'2013-10-28 04:25:29'),(215,1117483,'2013-10-28 04:25:13'),(215,1226208,'2013-10-28 04:25:29'),(215,1244303,'2013-10-28 04:25:25'),(215,1244982,'2013-10-28 04:25:39'),(215,1273006,'2013-10-28 04:25:44'),(215,1273775,'2013-10-28 04:25:20'),(215,1615610,'2013-10-28 04:25:41'),(215,1616777,'2013-10-28 04:25:36'),(215,1620455,'2013-10-28 04:25:16'),(215,1621330,'2013-10-28 04:25:46'),(215,1632241,'2013-10-28 04:25:33'),(215,1632301,'2013-10-28 04:25:16'),(215,1664400,'2013-10-28 04:25:35'),(215,1673383,'2013-10-28 04:25:17'),(215,1674116,'2013-10-28 04:25:22'),(215,1675126,'2013-10-28 04:25:21'),(215,1684563,'2013-10-28 04:25:31'),(215,1700274,'2013-10-28 04:25:27'),(215,1701513,'2013-10-28 04:25:22'),(215,1749007,'2013-10-28 04:25:26'),(215,1752728,'2013-10-28 04:25:43'),(215,1786771,'2013-10-28 04:25:22'),(215,1853727,'2013-10-28 04:25:12'),(215,1977776,'2013-10-28 04:25:44'),(215,1978519,'2013-10-28 04:25:29'),(215,2059212,'2013-10-28 04:25:14'),(215,2059216,'2013-10-28 04:25:23'),(215,2059217,'2013-10-28 04:25:29'),(215,2059242,'2013-10-28 04:25:32'),(215,2059247,'2013-10-28 04:25:40'),(215,2063039,'2013-10-28 04:25:40'),(215,2073393,'2013-10-28 04:25:41'),(216,1379,'2013-10-28 04:25:31'),(216,1917,'2013-10-28 04:25:40'),(216,235197,'2013-10-28 04:25:17'),(216,302195,'2013-10-28 04:25:24'),(216,407024,'2013-10-28 04:25:17'),(216,408644,'2013-10-28 04:25:20'),(216,417185,'2013-10-28 04:25:35'),(216,419764,'2013-10-28 04:25:39'),(216,421419,'2013-10-28 04:25:42'),(216,422192,'2013-10-28 04:25:43'),(216,431497,'2013-10-28 04:25:34'),(216,433249,'2013-10-28 04:25:40'),(216,492917,'2013-10-28 04:25:21'),(216,493008,'2013-10-28 04:25:34'),(216,493107,'2013-10-28 04:25:45'),(216,517271,'2013-10-28 04:25:12'),(216,556548,'2013-10-28 04:25:19'),(216,565146,'2013-10-28 04:25:19'),(216,1116555,'2013-10-28 04:25:37'),(216,1226369,'2013-10-28 04:25:43'),(216,1263572,'2013-10-28 04:25:44'),(216,1615897,'2013-10-28 04:25:28'),(216,1616845,'2013-10-28 04:25:20'),(216,1623793,'2013-10-28 04:25:29'),(216,1682591,'2013-10-28 04:25:44'),(216,1691166,'2013-10-28 04:25:24'),(216,1693867,'2013-10-28 04:25:35'),(216,1716248,'2013-10-28 04:25:43'),(216,1737295,'2013-10-28 04:25:42'),(216,1891894,'2013-10-28 04:25:23'),(216,1891895,'2013-10-28 04:25:29'),(216,1977149,'2013-10-28 04:25:26'),(216,1977794,'2013-10-28 04:25:24'),(216,1978283,'2013-10-28 04:25:18'),(216,1996707,'2013-10-28 04:25:20'),(216,2058361,'2013-10-28 04:25:25'),(216,2060081,'2013-10-28 04:25:12'),(216,2060083,'2013-10-28 04:25:29'),(216,2060118,'2013-10-28 04:25:33'),(216,2062164,'2013-10-28 04:25:32'),(216,2062165,'2013-10-28 04:25:39'),(217,1918,'2013-10-28 04:25:24'),(217,306268,'2013-10-28 04:25:19'),(217,395934,'2013-10-28 04:25:18'),(217,431338,'2013-10-28 04:25:33'),(217,493004,'2013-10-28 04:25:33'),(217,502816,'2013-10-28 04:25:37'),(217,518905,'2013-10-28 04:25:37'),(217,523458,'2013-10-28 04:25:29'),(217,551405,'2013-10-28 04:25:30'),(217,564165,'2013-10-28 04:25:36'),(217,565185,'2013-10-28 04:25:14'),(217,584399,'2013-10-28 04:25:18'),(217,1113502,'2013-10-28 04:25:44'),(217,1115023,'2013-10-28 04:25:21'),(217,1116854,'2013-10-28 04:25:20'),(217,1117305,'2013-10-28 04:25:17'),(217,1117306,'2013-10-28 04:25:18'),(217,1117392,'2013-10-28 04:25:36'),(217,1242959,'2013-10-28 04:25:40'),(217,1243179,'2013-10-28 04:25:29'),(217,1245854,'2013-10-28 04:25:25'),(217,1246159,'2013-10-28 04:25:13'),(217,1252135,'2013-10-28 04:25:30'),(217,1630528,'2013-10-28 04:25:36'),(217,1664188,'2013-10-28 04:25:46'),(217,1674136,'2013-10-28 04:25:36'),(217,1675610,'2013-10-28 04:25:38'),(217,1679976,'2013-10-28 04:25:38'),(217,1684073,'2013-10-28 04:25:21'),(217,1684091,'2013-10-28 04:25:29'),(217,1803776,'2013-10-28 04:25:37'),(217,1891854,'2013-10-28 04:25:11'),(217,1891873,'2013-10-28 04:25:27'),(217,1891898,'2013-10-28 04:25:29'),(217,1971880,'2013-10-28 04:25:39'),(217,1977796,'2013-10-28 04:25:27'),(217,1978524,'2013-10-28 04:25:19'),(217,1979426,'2013-10-28 04:25:34'),(217,1979429,'2013-10-28 04:25:42'),(217,1979707,'2013-10-28 04:25:20'),(217,1995451,'2013-10-28 04:25:22'),(217,2057740,'2013-10-28 04:25:20'),(217,2062481,'2013-10-28 04:25:36'),(217,2064016,'2013-10-28 04:25:20'),(218,1919,'2013-10-28 04:25:30'),(218,302027,'2013-10-28 04:25:24'),(218,410134,'2013-10-28 04:25:22'),(218,410721,'2013-10-28 04:25:23'),(218,412780,'2013-10-28 04:25:29'),(218,413021,'2013-10-28 04:25:29'),(218,417926,'2013-10-28 04:25:36'),(218,436388,'2013-10-28 04:25:29'),(218,493125,'2013-10-28 04:25:46'),(218,516987,'2013-10-28 04:25:27'),(218,553367,'2013-10-28 04:25:21'),(218,559373,'2013-10-28 04:25:40'),(218,559376,'2013-10-28 04:25:44'),(218,559606,'2013-10-28 04:25:14'),(218,561585,'2013-10-28 04:25:34'),(218,1115107,'2013-10-28 04:25:21'),(218,1116606,'2013-10-28 04:25:23'),(218,1128771,'2013-10-28 04:25:24'),(218,1128947,'2013-10-28 04:25:45'),(218,1137316,'2013-10-28 04:25:40'),(218,1226331,'2013-10-28 04:25:40'),(218,1243255,'2013-10-28 04:25:19'),(218,1244474,'2013-10-28 04:25:34'),(218,1265393,'2013-10-28 04:25:38'),(218,1272286,'2013-10-28 04:25:30'),(218,1272751,'2013-10-28 04:25:42'),(218,1273354,'2013-10-28 04:25:34'),(218,1273689,'2013-10-28 04:25:32'),(218,1275368,'2013-10-28 04:25:30'),(218,1630444,'2013-10-28 04:25:37'),(218,1630578,'2013-10-28 04:25:21'),(218,1631919,'2013-10-28 04:25:39'),(218,1634499,'2013-10-28 04:25:36'),(218,1664304,'2013-10-28 04:25:16'),(218,1675843,'2013-10-28 04:25:39'),(218,1679651,'2013-10-28 04:25:29'),(218,1683844,'2013-10-28 04:25:42'),(218,1691536,'2013-10-28 04:25:25'),(218,1695497,'2013-10-28 04:25:24'),(218,1700358,'2013-10-28 04:25:41'),(218,1803772,'2013-10-28 04:25:12'),(218,1823854,'2013-10-28 04:25:34'),(218,1853223,'2013-10-28 04:25:45'),(218,1853529,'2013-10-28 04:25:13'),(218,1854533,'2013-10-28 04:25:25'),(218,1891910,'2013-10-28 04:25:28'),(218,1891922,'2013-10-28 04:25:33'),(218,1963570,'2013-10-28 04:25:11'),(218,1964992,'2013-10-28 04:25:41'),(218,1977127,'2013-10-28 04:25:34'),(218,1977800,'2013-10-28 04:25:38'),(218,1977801,'2013-10-28 04:25:41'),(218,1979387,'2013-10-28 04:25:12'),(218,2001094,'2013-10-28 04:25:20'),(218,2059223,'2013-10-28 04:25:42'),(218,2060177,'2013-10-28 04:25:39'),(218,2060178,'2013-10-28 04:25:40'),(218,2060179,'2013-10-28 04:25:42'),(218,2060180,'2013-10-28 04:25:46'),(218,2082385,'2013-10-28 04:25:44'),(219,1920,'2013-10-28 04:25:38'),(219,187389,'2013-10-28 04:25:30'),(219,416678,'2013-10-28 04:25:34'),(219,518670,'2013-10-28 04:25:40'),(219,553135,'2013-10-28 04:25:29'),(219,565805,'2013-10-28 04:25:34'),(219,1114251,'2013-10-28 04:25:23'),(219,1117431,'2013-10-28 04:25:30'),(219,1123294,'2013-10-28 04:25:34'),(219,1244818,'2013-10-28 04:25:35'),(219,1250198,'2013-10-28 04:25:16'),(219,1251717,'2013-10-28 04:25:30'),(219,1272588,'2013-10-28 04:25:29'),(219,1616792,'2013-10-28 04:25:39'),(219,1620389,'2013-10-28 04:25:21'),(219,1631107,'2013-10-28 04:25:38'),(219,1631841,'2013-10-28 04:25:39'),(219,1632251,'2013-10-28 04:25:46'),(219,1637004,'2013-10-28 04:25:36'),(219,1675850,'2013-10-28 04:25:45'),(219,1682065,'2013-10-28 04:25:44'),(219,1682127,'2013-10-28 04:25:31'),(219,1682469,'2013-10-28 04:25:31'),(219,1700901,'2013-10-28 04:25:37'),(219,1707248,'2013-10-28 04:25:44'),(219,1724424,'2013-10-28 04:25:29'),(219,1823779,'2013-10-28 04:25:12'),(219,1891886,'2013-10-28 04:25:34'),(219,1977128,'2013-10-28 04:25:42'),(219,1979673,'2013-10-28 04:25:42'),(219,1979720,'2013-10-28 04:25:36'),(219,1979743,'2013-10-28 04:25:19'),(219,1979747,'2013-10-28 04:25:40'),(219,2057699,'2013-10-28 04:25:18'),(219,2058177,'2013-10-28 04:25:33'),(219,2058178,'2013-10-28 04:25:34'),(219,2058181,'2013-10-28 04:25:45'),(219,2062160,'2013-10-28 04:25:30'),(219,2062479,'2013-10-28 04:25:34'),(220,1921,'2013-10-28 04:25:22'),(220,235253,'2013-10-28 04:25:44'),(220,405824,'2013-10-28 04:25:13'),(220,408126,'2013-10-28 04:25:19'),(220,504682,'2013-10-28 04:25:22'),(220,559554,'2013-10-28 04:25:30'),(220,1114590,'2013-10-28 04:25:20'),(220,1123324,'2013-10-28 04:25:33'),(220,1243187,'2013-10-28 04:25:34'),(220,1245173,'2013-10-28 04:25:19'),(220,1254857,'2013-10-28 04:25:31'),(220,1263432,'2013-10-28 04:25:21'),(220,1265114,'2013-10-28 04:25:26'),(220,1272540,'2013-10-28 04:25:15'),(220,1273023,'2013-10-28 04:25:33'),(220,1616872,'2013-10-28 04:25:35'),(220,1619687,'2013-10-28 04:25:27'),(220,1631750,'2013-10-28 04:25:23'),(220,1631997,'2013-10-28 04:25:38'),(220,1664140,'2013-10-28 04:25:13'),(220,1665158,'2013-10-28 04:25:44'),(220,1674462,'2013-10-28 04:25:35'),(220,1685963,'2013-10-28 04:25:23'),(220,1762057,'2013-10-28 04:25:29'),(220,1823355,'2013-10-28 04:25:29'),(220,1856491,'2013-10-28 04:25:38'),(220,1971914,'2013-10-28 04:25:18'),(220,1977121,'2013-10-28 04:25:19'),(220,1977129,'2013-10-28 04:25:32'),(220,1979671,'2013-10-28 04:25:30'),(220,2053375,'2013-10-28 04:25:35'),(220,2062170,'2013-10-28 04:25:36'),(220,2063040,'2013-10-28 04:25:40'),(221,1922,'2013-10-28 04:25:42'),(221,4056,'2013-10-28 04:25:37'),(221,12204,'2013-10-28 04:25:14'),(221,187385,'2013-10-28 04:25:18'),(221,289074,'2013-10-28 04:25:24'),(221,302103,'2013-10-28 04:25:37'),(221,396167,'2013-10-28 04:25:32'),(221,411598,'2013-10-28 04:25:24'),(221,416861,'2013-10-28 04:25:35'),(221,421123,'2013-10-28 04:25:41'),(221,421347,'2013-10-28 04:25:42'),(221,492915,'2013-10-28 04:25:20'),(221,493043,'2013-10-28 04:25:39'),(221,553825,'2013-10-28 04:25:42'),(221,556890,'2013-10-28 04:25:46'),(221,564943,'2013-10-28 04:25:40'),(221,565739,'2013-10-28 04:25:45'),(221,565804,'2013-10-28 04:25:31'),(221,1125986,'2013-10-28 04:25:46'),(221,1137327,'2013-10-28 04:25:30'),(221,1242895,'2013-10-28 04:25:22'),(221,1263553,'2013-10-28 04:25:20'),(221,1272615,'2013-10-28 04:25:36'),(221,1272852,'2013-10-28 04:25:18'),(221,1273191,'2013-10-28 04:25:38'),(221,1277487,'2013-10-28 04:25:35'),(221,1620468,'2013-10-28 04:25:37'),(221,1630853,'2013-10-28 04:25:31'),(221,1674147,'2013-10-28 04:25:42'),(221,1675207,'2013-10-28 04:25:38'),(221,1679942,'2013-10-28 04:25:45'),(221,1682492,'2013-10-28 04:25:37'),(221,1727391,'2013-10-28 04:25:34'),(221,1751828,'2013-10-28 04:25:14'),(221,1823782,'2013-10-28 04:25:14'),(221,1823814,'2013-10-28 04:25:24'),(221,1891877,'2013-10-28 04:25:24'),(221,1891914,'2013-10-28 04:25:14'),(221,1963572,'2013-10-28 04:25:31'),(221,1976202,'2013-10-28 04:25:39'),(221,1979362,'2013-10-28 04:25:12'),(221,1980429,'2013-10-28 04:25:29'),(221,2057701,'2013-10-28 04:25:18'),(221,2059228,'2013-10-28 04:25:22'),(221,2059235,'2013-10-28 04:25:34'),(221,2059237,'2013-10-28 04:25:46'),(221,2060139,'2013-10-28 04:25:46'),(221,2062139,'2013-10-28 04:25:40'),(221,2064546,'2013-10-28 04:25:44'),(221,2075828,'2013-10-28 04:25:38'),(222,1924,'2013-10-28 04:25:19'),(222,302087,'2013-10-28 04:25:34'),(222,396811,'2013-10-28 04:25:24'),(222,407235,'2013-10-28 04:25:18'),(222,417825,'2013-10-28 04:25:36'),(222,423552,'2013-10-28 04:25:45'),(222,431145,'2013-10-28 04:25:34'),(222,493041,'2013-10-28 04:25:39'),(222,493614,'2013-10-28 04:25:23'),(222,516510,'2013-10-28 04:25:40'),(222,517483,'2013-10-28 04:25:18'),(222,558841,'2013-10-28 04:25:24'),(222,559551,'2013-10-28 04:25:28'),(222,1117442,'2013-10-28 04:25:37'),(222,1123307,'2013-10-28 04:25:12'),(222,1137425,'2013-10-28 04:25:23'),(222,1245530,'2013-10-28 04:25:12'),(222,1245617,'2013-10-28 04:25:36'),(222,1273854,'2013-10-28 04:25:34'),(222,1273898,'2013-10-28 04:25:18'),(222,1616817,'2013-10-28 04:25:46'),(222,1620397,'2013-10-28 04:25:25'),(222,1630803,'2013-10-28 04:25:20'),(222,1631427,'2013-10-28 04:25:25'),(222,1700485,'2013-10-28 04:25:13'),(222,1737096,'2013-10-28 04:25:12'),(222,1782643,'2013-10-28 04:25:42'),(222,1853531,'2013-10-28 04:25:21'),(222,1891913,'2013-10-28 04:25:43'),(222,1979703,'2013-10-28 04:25:46'),(222,2055484,'2013-10-28 04:25:44'),(222,2062182,'2013-10-28 04:25:29'),(222,2062190,'2013-10-28 04:25:40'),(222,2062191,'2013-10-28 04:25:43'),(223,1925,'2013-10-28 04:25:11'),(223,12320,'2013-10-28 04:25:21'),(223,12576,'2013-10-28 04:25:35'),(223,187572,'2013-10-28 04:25:30'),(223,301996,'2013-10-28 04:25:19'),(223,395928,'2013-10-28 04:25:16'),(223,396875,'2013-10-28 04:25:36'),(223,409254,'2013-10-28 04:25:21'),(223,411568,'2013-10-28 04:25:24'),(223,565222,'2013-10-28 04:25:33'),(223,584448,'2013-10-28 04:25:35'),(223,584648,'2013-10-28 04:25:34'),(223,1113505,'2013-10-28 04:25:45'),(223,1114232,'2013-10-28 04:25:35'),(223,1116464,'2013-10-28 04:25:22'),(223,1117814,'2013-10-28 04:25:43'),(223,1125838,'2013-10-28 04:25:21'),(223,1130583,'2013-10-28 04:25:31'),(223,1133543,'2013-10-28 04:25:36'),(223,1233762,'2013-10-28 04:25:39'),(223,1243592,'2013-10-28 04:25:29'),(223,1244502,'2013-10-28 04:25:33'),(223,1274358,'2013-10-28 04:25:27'),(223,1623785,'2013-10-28 04:25:13'),(223,1630952,'2013-10-28 04:25:26'),(223,1631834,'2013-10-28 04:25:30'),(223,1673357,'2013-10-28 04:25:34'),(223,1681620,'2013-10-28 04:25:33'),(223,1686971,'2013-10-28 04:25:41'),(223,1737120,'2013-10-28 04:25:32'),(223,1824467,'2013-10-28 04:25:37'),(223,1891915,'2013-10-28 04:25:15'),(223,1975891,'2013-10-28 04:25:19'),(223,1977122,'2013-10-28 04:25:19'),(223,2059238,'2013-10-28 04:25:21'),(223,2059364,'2013-10-28 04:25:30'),(223,2062288,'2013-10-28 04:25:40'),(224,1290,'2013-10-28 04:25:37'),(224,1727,'2013-10-28 04:25:33'),(224,1926,'2013-10-28 04:25:40'),(224,419723,'2013-10-28 04:25:39'),(224,504639,'2013-10-28 04:25:33'),(224,516960,'2013-10-28 04:25:35'),(224,518127,'2013-10-28 04:25:22'),(224,518593,'2013-10-28 04:25:39'),(224,565125,'2013-10-28 04:25:42'),(224,1107218,'2013-10-28 04:25:30'),(224,1114598,'2013-10-28 04:25:28'),(224,1117497,'2013-10-28 04:25:34'),(224,1123488,'2013-10-28 04:25:32'),(224,1128770,'2013-10-28 04:25:31'),(224,1130591,'2013-10-28 04:25:43'),(224,1137247,'2013-10-28 04:25:21'),(224,1244486,'2013-10-28 04:25:13'),(224,1265470,'2013-10-28 04:25:43'),(224,1272242,'2013-10-28 04:25:46'),(224,1272825,'2013-10-28 04:25:44'),(224,1614641,'2013-10-28 04:25:42'),(224,1616746,'2013-10-28 04:25:28'),(224,1621559,'2013-10-28 04:25:38'),(224,1631167,'2013-10-28 04:25:45'),(224,1631987,'2013-10-28 04:25:31'),(224,1683110,'2013-10-28 04:25:45'),(224,1700931,'2013-10-28 04:25:35'),(224,1737109,'2013-10-28 04:25:45'),(224,1977109,'2013-10-28 04:25:20'),(224,1977152,'2013-10-28 04:25:32'),(224,1979402,'2013-10-28 04:25:14'),(224,1979980,'2013-10-28 04:25:28'),(224,2053740,'2013-10-28 04:25:23'),(224,2057661,'2013-10-28 04:25:46'),(224,2057736,'2013-10-28 04:25:21'),(224,2058349,'2013-10-28 04:25:12'),(224,2059174,'2013-10-28 04:25:29'),(224,2060095,'2013-10-28 04:25:29'),(224,2060186,'2013-10-28 04:25:12'),(224,2062193,'2013-10-28 04:25:33'),(224,2064706,'2013-10-28 04:25:19'),(224,2076126,'2013-10-28 04:25:33'),(225,1923,'2013-10-28 04:25:38'),(225,235056,'2013-10-28 04:25:23'),(225,396044,'2013-10-28 04:25:36'),(225,408416,'2013-10-28 04:25:20'),(225,419111,'2013-10-28 04:25:38'),(225,518867,'2013-10-28 04:25:17'),(225,563138,'2013-10-28 04:25:38'),(225,584314,'2013-10-28 04:25:20'),(225,1117803,'2013-10-28 04:25:32'),(225,1123581,'2013-10-28 04:25:34'),(225,1123599,'2013-10-28 04:25:17'),(225,1265479,'2013-10-28 04:25:21'),(225,1274378,'2013-10-28 04:25:37'),(225,1274396,'2013-10-28 04:25:46'),(225,1621321,'2013-10-28 04:25:37'),(225,1631947,'2013-10-28 04:25:27'),(225,1632973,'2013-10-28 04:25:24'),(225,1664860,'2013-10-28 04:25:13'),(225,1664982,'2013-10-28 04:25:42'),(225,1675020,'2013-10-28 04:25:35'),(225,1683956,'2013-10-28 04:25:28'),(225,1686044,'2013-10-28 04:25:24'),(225,1687422,'2013-10-28 04:25:38'),(225,1691443,'2013-10-28 04:25:16'),(225,1691458,'2013-10-28 04:25:33'),(225,1700338,'2013-10-28 04:25:12'),(225,1707637,'2013-10-28 04:25:24'),(225,1755077,'2013-10-28 04:25:38'),(225,1867912,'2013-10-28 04:25:39'),(225,1971893,'2013-10-28 04:25:46'),(225,1971912,'2013-10-28 04:25:39'),(225,1977790,'2013-10-28 04:25:31'),(225,2058192,'2013-10-28 04:25:42'),(225,2058325,'2013-10-28 04:25:12'),(225,2058327,'2013-10-28 04:25:21'),(225,2058359,'2013-10-28 04:25:13'),(225,2062126,'2013-10-28 04:25:23'),(225,2062173,'2013-10-28 04:25:30'),(225,2062176,'2013-10-28 04:25:37'),(225,2062478,'2013-10-28 04:25:28'),(225,2063168,'2013-10-28 04:25:44'),(225,2063937,'2013-10-28 04:25:38'),(226,1927,'2013-10-28 04:25:18'),(226,195697,'2013-10-28 04:25:33'),(226,235388,'2013-10-28 04:25:44'),(226,411957,'2013-10-28 04:25:25'),(226,415246,'2013-10-28 04:25:32'),(226,418053,'2013-10-28 04:25:36'),(226,418311,'2013-10-28 04:25:37'),(226,421070,'2013-10-28 04:25:41'),(226,492980,'2013-10-28 04:25:31'),(226,504747,'2013-10-28 04:25:42'),(226,541651,'2013-10-28 04:25:30'),(226,556832,'2013-10-28 04:25:32'),(226,559816,'2013-10-28 04:25:33'),(226,563723,'2013-10-28 04:25:44'),(226,565738,'2013-10-28 04:25:36'),(226,1109853,'2013-10-28 04:25:46'),(226,1114980,'2013-10-28 04:25:18'),(226,1115064,'2013-10-28 04:25:45'),(226,1116969,'2013-10-28 04:25:45'),(226,1125485,'2013-10-28 04:25:42'),(226,1221952,'2013-10-28 04:25:45'),(226,1226313,'2013-10-28 04:25:38'),(226,1243780,'2013-10-28 04:25:22'),(226,1253970,'2013-10-28 04:25:35'),(226,1274369,'2013-10-28 04:25:33'),(226,1616907,'2013-10-28 04:25:14'),(226,1630353,'2013-10-28 04:25:24'),(226,1631918,'2013-10-28 04:25:37'),(226,1664780,'2013-10-28 04:25:30'),(226,1674135,'2013-10-28 04:25:35'),(226,1675830,'2013-10-28 04:25:21'),(226,1678495,'2013-10-28 04:25:24'),(226,1686306,'2013-10-28 04:25:40'),(226,1707280,'2013-10-28 04:25:37'),(226,1770388,'2013-10-28 04:25:22'),(226,1876715,'2013-10-28 04:25:23'),(226,1971917,'2013-10-28 04:25:41'),(226,1977813,'2013-10-28 04:25:36'),(226,1979367,'2013-10-28 04:25:21'),(226,1979420,'2013-10-28 04:25:38'),(226,1979424,'2013-10-28 04:25:22'),(226,2007608,'2013-10-28 04:25:22'),(226,2058555,'2013-10-28 04:25:21'),(226,2059241,'2013-10-28 04:25:31'),(226,2059244,'2013-10-28 04:25:35'),(226,2059251,'2013-10-28 04:25:46'),(226,2059367,'2013-10-28 04:25:22'),(226,2060184,'2013-10-28 04:25:40'),(226,2064017,'2013-10-28 04:25:18'),(227,1928,'2013-10-28 04:25:43'),(227,303026,'2013-10-28 04:25:15'),(227,396115,'2013-10-28 04:25:45'),(227,406163,'2013-10-28 04:25:14'),(227,421599,'2013-10-28 04:25:42'),(227,502506,'2013-10-28 04:25:39'),(227,502710,'2013-10-28 04:25:28'),(227,518149,'2013-10-28 04:25:31'),(227,523490,'2013-10-28 04:25:30'),(227,534088,'2013-10-28 04:25:37'),(227,547043,'2013-10-28 04:25:23'),(227,553478,'2013-10-28 04:25:45'),(227,558818,'2013-10-28 04:25:41'),(227,563784,'2013-10-28 04:25:44'),(227,565747,'2013-10-28 04:25:39'),(227,565750,'2013-10-28 04:25:25'),(227,1109396,'2013-10-28 04:25:44'),(227,1115016,'2013-10-28 04:25:17'),(227,1117861,'2013-10-28 04:25:33'),(227,1243312,'2013-10-28 04:25:23'),(227,1245237,'2013-10-28 04:25:32'),(227,1254859,'2013-10-28 04:25:45'),(227,1630224,'2013-10-28 04:25:27'),(227,1632385,'2013-10-28 04:25:46'),(227,1633497,'2013-10-28 04:25:33'),(227,1675660,'2013-10-28 04:25:22'),(227,1700552,'2013-10-28 04:25:30'),(227,1737463,'2013-10-28 04:25:29'),(227,1854263,'2013-10-28 04:25:38'),(227,1854546,'2013-10-28 04:25:16'),(227,1891884,'2013-10-28 04:25:20'),(227,1891902,'2013-10-28 04:25:45'),(227,1971885,'2013-10-28 04:25:43'),(227,1974192,'2013-10-28 04:25:19'),(227,1974193,'2013-10-28 04:25:35'),(227,1975912,'2013-10-28 04:25:29'),(227,1975942,'2013-10-28 04:25:13'),(227,2060276,'2013-10-28 04:25:16'),(227,2060278,'2013-10-28 04:25:28'),(227,2060281,'2013-10-28 04:25:40'),(227,2060283,'2013-10-28 04:25:45'),(228,1929,'2013-10-28 04:25:39'),(228,187627,'2013-10-28 04:25:38'),(228,235234,'2013-10-28 04:25:35'),(228,302227,'2013-10-28 04:25:42'),(228,396159,'2013-10-28 04:25:25'),(228,492912,'2013-10-28 04:25:20'),(228,492959,'2013-10-28 04:25:29'),(228,502523,'2013-10-28 04:25:45'),(228,502839,'2013-10-28 04:25:35'),(228,504530,'2013-10-28 04:25:21'),(228,559624,'2013-10-28 04:25:37'),(228,583087,'2013-10-28 04:25:24'),(228,1116454,'2013-10-28 04:25:45'),(228,1117625,'2013-10-28 04:25:40'),(228,1117835,'2013-10-28 04:25:23'),(228,1125285,'2013-10-28 04:25:21'),(228,1244784,'2013-10-28 04:25:21'),(228,1246019,'2013-10-28 04:25:32'),(228,1254119,'2013-10-28 04:25:35'),(228,1272283,'2013-10-28 04:25:26'),(228,1272449,'2013-10-28 04:25:17'),(228,1272498,'2013-10-28 04:25:28'),(228,1272502,'2013-10-28 04:25:37'),(228,1272574,'2013-10-28 04:25:20'),(228,1273342,'2013-10-28 04:25:26'),(228,1273546,'2013-10-28 04:25:43'),(228,1273600,'2013-10-28 04:25:39'),(228,1277423,'2013-10-28 04:25:29'),(228,1620788,'2013-10-28 04:25:25'),(228,1630725,'2013-10-28 04:25:13'),(228,1675666,'2013-10-28 04:25:46'),(228,1691412,'2013-10-28 04:25:39'),(228,1702985,'2013-10-28 04:25:21'),(228,1737753,'2013-10-28 04:25:30'),(228,1854192,'2013-10-28 04:25:17'),(228,1971903,'2013-10-28 04:25:38'),(228,1975896,'2013-10-28 04:25:13'),(228,1975956,'2013-10-28 04:25:33'),(228,2058363,'2013-10-28 04:25:39'),(228,2058365,'2013-10-28 04:25:43'),(228,2058366,'2013-10-28 04:25:45'),(228,2058557,'2013-10-28 04:25:36'),(229,420059,'2013-10-28 04:25:40'),(229,1243006,'2013-10-28 04:25:38'),(229,1273179,'2013-10-28 04:25:29'),(229,1621175,'2013-10-28 04:25:19'),(229,1630429,'2013-10-28 04:25:27'),(229,1630750,'2013-10-28 04:25:32'),(229,1631001,'2013-10-28 04:25:20'),(229,1631205,'2013-10-28 04:25:12'),(229,1633188,'2013-10-28 04:25:19'),(229,1664257,'2013-10-28 04:25:36'),(229,1679724,'2013-10-28 04:25:19'),(229,1679885,'2013-10-28 04:25:44'),(229,1679913,'2013-10-28 04:25:41'),(229,1684461,'2013-10-28 04:25:30'),(229,1685895,'2013-10-28 04:25:35'),(229,1705702,'2013-10-28 04:25:45');
/*!40000 ALTER TABLE `nfl_players_nfl_teams` ENABLE KEYS */;
UNLOCK TABLES;

--
-- Table structure for table `nfl_players_weekly_scores`
--

DROP TABLE IF EXISTS `nfl_players_weekly_scores`;
/*!40101 SET @saved_cs_client     = @@character_set_client */;
/*!40101 SET character_set_client = utf8 */;
CREATE TABLE `nfl_players_weekly_scores` (
  `nfl_player_id` int(11) NOT NULL,
  `ff_week_id` int(11) NOT NULL,
  `score` int(11) NOT NULL DEFAULT '0',
  `nfl_player_status_id` int(11) NOT NULL,
  PRIMARY KEY (`nfl_player_id`,`ff_week_id`),
  KEY `fk_nfl_players_weekly_scores_nfl_players1_idx` (`nfl_player_id`),
  KEY `fk_nfl_players_weekly_scores_ff_weeks1_idx` (`ff_week_id`),
  KEY `fk_nfl_players_weekly_scores_nfl_player_statuses1_idx` (`nfl_player_status_id`),
  CONSTRAINT `fk_nfl_players_weekly_scores_ff_weeks1` FOREIGN KEY (`ff_week_id`) REFERENCES `ff_weeks` (`id`) ON DELETE NO ACTION ON UPDATE NO ACTION,
  CONSTRAINT `fk_nfl_players_weekly_scores_nfl_players1` FOREIGN KEY (`nfl_player_id`) REFERENCES `nfl_players` (`id`) ON DELETE NO ACTION ON UPDATE NO ACTION,
  CONSTRAINT `fk_nfl_players_weekly_scores_nfl_player_statuses1` FOREIGN KEY (`nfl_player_status_id`) REFERENCES `nfl_player_statuses` (`id`) ON DELETE NO ACTION ON UPDATE NO ACTION
) ENGINE=InnoDB DEFAULT CHARSET=latin1;
/*!40101 SET character_set_client = @saved_cs_client */;

--
-- Dumping data for table `nfl_players_weekly_scores`
--

LOCK TABLES `nfl_players_weekly_scores` WRITE;
/*!40000 ALTER TABLE `nfl_players_weekly_scores` DISABLE KEYS */;
INSERT INTO `nfl_players_weekly_scores` VALUES (1290,1,0,3),(1290,2,0,3),(1290,3,0,3),(1290,4,0,3),(1290,5,0,3),(1290,6,0,3),(1290,7,0,3),(1290,8,0,3),(1290,9,0,3),(1379,1,0,3),(1379,2,0,3),(1379,3,0,3),(1379,4,0,3),(1379,5,0,3),(1379,6,0,3),(1379,7,0,3),(1379,8,0,3),(1379,9,0,3),(1384,1,9,3),(1384,2,13,3),(1384,3,17,3),(1384,4,7,3),(1384,5,0,3),(1384,6,14,3),(1384,7,1,3),(1384,8,4,3),(1384,9,7,3),(1392,1,3,3),(1392,2,13,3),(1392,3,5,3),(1392,4,0,3),(1392,5,12,3),(1392,6,11,3),(1392,7,5,3),(1392,8,7,3),(1392,9,11,3),(1666,1,14,3),(1666,2,9,3),(1666,3,7,3),(1666,4,10,3),(1666,5,9,3),(1666,6,3,3),(1666,7,7,3),(1666,8,6,3),(1666,9,0,3),(1727,1,0,3),(1727,2,0,3),(1727,3,0,3),(1727,4,0,3),(1727,5,0,3),(1727,6,0,3),(1727,7,0,3),(1727,8,0,3),(1727,9,0,3),(1751,1,0,3),(1751,2,0,3),(1751,3,0,3),(1751,4,0,3),(1751,5,0,3),(1751,6,0,3),(1751,7,0,3),(1751,8,0,3),(1751,9,0,3),(1901,1,13,3),(1901,2,10,3),(1901,3,25,3),(1901,4,14,3),(1901,5,11,3),(1901,6,10,3),(1901,7,13,3),(1901,8,6,3),(1901,9,3,3),(1902,1,11,3),(1902,2,13,3),(1902,3,19,3),(1902,4,5,3),(1902,5,11,3),(1902,6,19,3),(1902,7,0,3),(1902,8,9,3),(1902,9,7,3),(1903,1,20,3),(1903,2,12,3),(1903,3,2,3),(1903,4,15,3),(1903,5,16,3),(1903,6,9,3),(1903,7,2,3),(1903,8,0,3),(1903,9,11,3),(1904,1,2,3),(1904,2,21,3),(1904,3,16,3),(1904,4,5,3),(1904,5,2,3),(1904,6,15,3),(1904,7,8,3),(1904,8,0,3),(1904,9,4,3),(1905,1,8,3),(1905,2,13,3),(1905,3,2,3),(1905,4,9,3),(1905,5,20,3),(1905,6,0,3),(1905,7,6,3),(1905,8,18,3),(1905,9,10,3),(1906,1,15,3),(1906,2,11,3),(1906,3,30,3),(1906,4,27,3),(1906,5,35,3),(1906,6,0,3),(1906,7,17,3),(1906,8,14,3),(1906,9,28,3),(1907,1,3,3),(1907,2,12,3),(1907,3,8,3),(1907,4,20,3),(1907,5,12,3),(1907,6,4,3),(1907,7,9,3),(1907,8,0,3),(1907,9,4,3),(1908,1,11,3),(1908,2,4,3),(1908,3,18,3),(1908,4,4,3),(1908,5,0,3),(1908,6,1,3),(1908,7,10,3),(1908,8,7,3),(1908,9,7,3),(1909,1,19,3),(1909,2,5,3),(1909,3,7,3),(1909,4,15,3),(1909,5,6,3),(1909,6,30,3),(1909,7,0,3),(1909,8,9,3),(1909,9,15,3),(1910,1,8,3),(1910,2,7,3),(1910,3,4,3),(1910,4,10,3),(1910,5,0,3),(1910,6,11,3),(1910,7,13,3),(1910,8,6,3),(1910,9,11,3),(1911,1,10,3),(1911,2,27,3),(1911,3,9,3),(1911,4,4,3),(1911,5,6,3),(1911,6,11,3),(1911,7,9,3),(1911,8,14,3),(1911,9,10,3),(1912,1,10,3),(1912,2,10,3),(1912,3,3,3),(1912,4,0,3),(1912,5,9,3),(1912,6,1,3),(1912,7,6,3),(1912,8,8,3),(1912,9,6,3),(1913,1,6,3),(1913,2,2,3),(1913,3,6,3),(1913,4,6,3),(1913,5,3,3),(1913,6,0,3),(1913,7,10,3),(1913,8,10,3),(1913,9,1,3),(1914,1,1,3),(1914,2,0,3),(1914,3,12,3),(1914,4,7,3),(1914,5,16,3),(1914,6,11,3),(1914,7,0,3),(1914,8,4,3),(1914,9,5,3),(1915,1,8,3),(1915,2,8,3),(1915,3,8,3),(1915,4,16,3),(1915,5,17,3),(1915,6,9,3),(1915,7,0,3),(1915,8,20,3),(1915,9,3,3),(1916,1,6,3),(1916,2,6,3),(1916,3,17,3),(1916,4,25,3),(1916,5,14,3),(1916,6,3,3),(1916,7,21,3),(1916,8,1,3),(1916,9,1,3),(1917,1,8,3),(1917,2,3,3),(1917,3,11,3),(1917,4,4,3),(1917,5,11,3),(1917,6,0,3),(1917,7,2,3),(1917,8,2,3),(1917,9,23,3),(1918,1,6,3),(1918,2,6,3),(1918,3,18,3),(1918,4,6,3),(1918,5,8,3),(1918,6,20,3),(1918,7,13,3),(1918,8,24,3),(1918,9,16,3),(1919,1,20,3),(1919,2,5,3),(1919,3,14,3),(1919,4,2,3),(1919,5,10,3),(1919,6,20,3),(1919,7,3,3),(1919,8,8,3),(1919,9,0,3),(1920,1,5,3),(1920,2,1,3),(1920,3,5,3),(1920,4,2,3),(1920,5,0,3),(1920,6,11,3),(1920,7,11,3),(1920,8,17,3),(1920,9,3,3),(1921,1,18,3),(1921,2,8,3),(1921,3,7,3),(1921,4,6,3),(1921,5,4,3),(1921,6,4,3),(1921,7,0,3),(1921,8,2,3),(1921,9,6,3),(1922,1,4,3),(1922,2,14,3),(1922,3,3,3),(1922,4,0,3),(1922,5,15,3),(1922,6,7,3),(1922,7,12,3),(1922,8,9,3),(1922,9,14,3),(1923,1,15,3),(1923,2,3,3),(1923,3,8,3),(1923,4,14,3),(1923,5,21,3),(1923,6,13,3),(1923,7,3,3),(1923,8,0,3),(1923,9,0,3),(1924,1,9,3),(1924,2,12,3),(1924,3,6,3),(1924,4,24,3),(1924,5,5,3),(1924,6,12,3),(1924,7,0,3),(1924,8,10,3),(1924,9,29,3),(1925,1,7,3),(1925,2,10,3),(1925,3,6,3),(1925,4,33,3),(1925,5,17,3),(1925,6,2,3),(1925,7,14,3),(1925,8,16,3),(1925,9,0,3),(1926,1,11,3),(1926,2,19,3),(1926,3,16,3),(1926,4,10,3),(1926,5,20,3),(1926,6,7,3),(1926,7,10,3),(1926,8,4,3),(1926,9,14,3),(1927,1,13,3),(1927,2,12,3),(1927,3,16,3),(1927,4,3,3),(1927,5,0,3),(1927,6,18,3),(1927,7,2,3),(1927,8,13,3),(1927,9,8,3),(1928,1,1,3),(1928,2,6,3),(1928,3,21,3),(1928,4,2,3),(1928,5,5,3),(1928,6,5,3),(1928,7,5,3),(1928,8,8,3),(1928,9,7,3),(1929,1,6,3),(1929,2,14,3),(1929,3,12,3),(1929,4,5,3),(1929,5,13,3),(1929,6,18,3),(1929,7,7,3),(1929,8,3,3),(1929,9,2,3),(1930,1,22,3),(1930,2,8,3),(1930,3,5,3),(1930,4,8,3),(1930,5,4,3),(1930,6,18,3),(1930,7,9,3),(1930,8,13,3),(1930,9,5,3),(1931,1,20,3),(1931,2,13,3),(1931,3,2,3),(1931,4,15,3),(1931,5,10,3),(1931,6,8,3),(1931,7,18,3),(1931,8,12,3),(1931,9,0,3),(1932,1,19,3),(1932,2,19,3),(1932,3,7,3),(1932,4,26,3),(1932,5,13,3),(1932,6,8,3),(1932,7,28,3),(1932,8,0,3),(1932,9,12,3),(4056,1,0,3),(4056,2,0,3),(4056,3,0,3),(4056,4,0,3),(4056,5,0,3),(4056,6,0,3),(4056,7,0,3),(4056,8,0,3),(4056,9,0,3),(12204,1,0,3),(12204,2,0,3),(12204,3,0,3),(12204,4,0,3),(12204,5,0,3),(12204,6,0,3),(12204,7,0,3),(12204,8,0,3),(12204,9,0,3),(12320,1,10,3),(12320,2,11,3),(12320,3,2,3),(12320,4,16,3),(12320,5,9,3),(12320,6,10,3),(12320,7,1,3),(12320,8,1,3),(12320,9,15,3),(12400,1,11,3),(12400,2,13,3),(12400,3,15,3),(12400,4,5,3),(12400,5,18,3),(12400,6,4,3),(12400,7,0,3),(12400,8,2,3),(12400,9,3,3),(12429,1,1,3),(12429,2,0,3),(12429,3,0,3),(12429,4,13,3),(12429,5,13,3),(12429,6,15,3),(12429,7,14,3),(12429,8,16,3),(12429,9,15,3),(12531,1,24,3),(12531,2,9,3),(12531,3,25,3),(12531,4,31,3),(12531,5,29,3),(12531,6,28,3),(12531,7,0,3),(12531,8,30,3),(12531,9,25,3),(12576,1,10,3),(12576,2,1,3),(12576,3,2,3),(12576,4,0,3),(12576,5,1,3),(12576,6,7,3),(12576,7,1,3),(12576,8,10,3),(12576,9,0,3),(133236,1,0,3),(133236,2,0,3),(133236,3,0,3),(133236,4,0,3),(133236,5,0,3),(133236,6,0,3),(133236,7,0,3),(133236,8,0,3),(133236,9,0,3),(133276,1,0,3),(133276,2,8,3),(133276,3,0,3),(133276,4,0,3),(133276,5,1,3),(133276,6,0,3),(133276,7,0,3),(133276,8,7,3),(133276,9,1,3),(133424,1,2,3),(133424,2,2,3),(133424,3,13,3),(133424,4,3,3),(133424,5,7,3),(133424,6,10,3),(133424,7,0,3),(133424,8,1,3),(133424,9,4,3),(146369,1,0,3),(146369,2,0,3),(146369,3,0,3),(146369,4,0,3),(146369,5,0,3),(146369,6,0,3),(146369,7,0,3),(146369,8,0,3),(146369,9,0,3),(187385,1,0,3),(187385,2,0,3),(187385,3,0,3),(187385,4,0,3),(187385,5,0,3),(187385,6,0,3),(187385,7,0,3),(187385,8,0,3),(187385,9,0,3),(187389,1,8,3),(187389,2,7,3),(187389,3,10,3),(187389,4,6,3),(187389,5,0,3),(187389,6,10,3),(187389,7,14,3),(187389,8,14,3),(187389,9,6,3),(187572,1,0,3),(187572,2,0,3),(187572,3,0,3),(187572,4,0,3),(187572,5,0,3),(187572,6,0,3),(187572,7,0,3),(187572,8,0,3),(187572,9,0,3),(187627,1,0,3),(187627,2,0,3),(187627,3,0,3),(187627,4,0,3),(187627,5,0,3),(187627,6,0,3),(187627,7,0,3),(187627,8,0,3),(187627,9,0,3),(187629,1,0,3),(187629,2,0,3),(187629,3,0,3),(187629,4,0,3),(187629,5,0,3),(187629,6,0,3),(187629,7,0,3),(187629,8,0,3),(187629,9,0,3),(187741,1,21,3),(187741,2,16,3),(187741,3,19,3),(187741,4,37,3),(187741,5,20,3),(187741,6,23,3),(187741,7,22,3),(187741,8,36,3),(187741,9,0,3),(192741,1,0,3),(192741,2,0,3),(192741,3,0,3),(192741,4,0,3),(192741,5,0,3),(192741,6,0,3),(192741,7,0,3),(192741,8,0,3),(192741,9,0,3),(195697,1,4,3),(195697,2,5,3),(195697,3,6,3),(195697,4,4,3),(195697,5,3,3),(195697,6,5,3),(195697,7,10,3),(195697,8,0,3),(195697,9,9,3),(234829,1,8,3),(234829,2,8,3),(234829,3,9,3),(234829,4,6,3),(234829,5,3,3),(234829,6,12,3),(234829,7,2,3),(234829,8,3,3),(234829,9,5,3),(235056,1,0,3),(235056,2,0,3),(235056,3,0,3),(235056,4,0,3),(235056,5,0,3),(235056,6,0,3),(235056,7,0,3),(235056,8,0,3),(235056,9,0,3),(235131,1,0,3),(235131,2,0,3),(235131,3,0,3),(235131,4,0,3),(235131,5,0,3),(235131,6,0,3),(235131,7,0,3),(235131,8,0,3),(235131,9,0,3),(235151,1,0,3),(235151,2,0,3),(235151,3,0,3),(235151,4,0,3),(235151,5,0,3),(235151,6,0,3),(235151,7,0,3),(235151,8,0,3),(235151,9,0,3),(235157,1,10,3),(235157,2,10,3),(235157,3,8,3),(235157,4,4,3),(235157,5,4,3),(235157,6,0,3),(235157,7,8,3),(235157,8,11,3),(235157,9,10,3),(235197,1,27,3),(235197,2,21,3),(235197,3,25,3),(235197,4,35,3),(235197,5,36,3),(235197,6,0,3),(235197,7,37,3),(235197,8,18,3),(235197,9,19,3),(235215,1,3,3),(235215,2,6,3),(235215,3,0,3),(235215,4,0,3),(235215,5,0,3),(235215,6,0,3),(235215,7,0,3),(235215,8,0,3),(235215,9,0,3),(235222,1,0,3),(235222,2,0,3),(235222,3,0,3),(235222,4,0,3),(235222,5,0,3),(235222,6,0,3),(235222,7,0,3),(235222,8,0,3),(235222,9,0,3),(235234,1,4,3),(235234,2,1,3),(235234,3,6,3),(235234,4,3,3),(235234,5,14,3),(235234,6,4,3),(235234,7,16,3),(235234,8,8,3),(235234,9,0,3),(235253,1,19,3),(235253,2,23,3),(235253,3,5,3),(235253,4,19,3),(235253,5,16,3),(235253,6,25,3),(235253,7,0,3),(235253,8,17,3),(235253,9,19,3),(235256,1,13,3),(235256,2,13,3),(235256,3,8,3),(235256,4,0,3),(235256,5,27,3),(235256,6,6,3),(235256,7,7,3),(235256,8,9,3),(235256,9,13,3),(235388,1,5,3),(235388,2,15,3),(235388,3,18,3),(235388,4,5,3),(235388,5,11,3),(235388,6,14,3),(235388,7,9,3),(235388,8,17,3),(235388,9,10,3),(289074,1,12,3),(289074,2,9,3),(289074,3,7,3),(289074,4,8,3),(289074,5,11,3),(289074,6,8,3),(289074,7,11,3),(289074,8,0,3),(289074,9,3,3),(301996,1,0,3),(301996,2,0,3),(301996,3,0,3),(301996,4,0,3),(301996,5,0,3),(301996,6,0,3),(301996,7,0,3),(301996,8,0,3),(301996,9,0,3),(302027,1,0,3),(302027,2,0,3),(302027,3,0,3),(302027,4,0,3),(302027,5,0,3),(302027,6,0,3),(302027,7,0,3),(302027,8,0,3),(302027,9,0,3),(302085,1,0,3),(302085,2,0,3),(302085,3,0,3),(302085,4,0,3),(302085,5,0,3),(302085,6,0,3),(302085,7,0,3),(302085,8,0,3),(302085,9,0,3),(302087,1,0,3),(302087,2,2,3),(302087,3,0,3),(302087,4,0,3),(302087,5,0,3),(302087,6,0,3),(302087,7,0,3),(302087,8,0,3),(302087,9,0,3),(302103,1,0,3),(302103,2,0,3),(302103,3,0,3),(302103,4,0,3),(302103,5,0,3),(302103,6,0,3),(302103,7,0,3),(302103,8,0,3),(302103,9,0,3),(302177,1,0,3),(302177,2,0,3),(302177,3,1,3),(302177,4,0,3),(302177,5,2,3),(302177,6,0,3),(302177,7,0,3),(302177,8,0,3),(302177,9,0,3),(302195,1,0,3),(302195,2,0,3),(302195,3,0,3),(302195,4,0,3),(302195,5,0,3),(302195,6,0,3),(302195,7,0,3),(302195,8,0,3),(302195,9,0,3),(302227,1,0,3),(302227,2,0,3),(302227,3,0,3),(302227,4,0,3),(302227,5,0,3),(302227,6,0,3),(302227,7,0,3),(302227,8,0,3),(302227,9,0,3),(303026,1,7,3),(303026,2,4,3),(303026,3,14,3),(303026,4,2,3),(303026,5,1,3),(303026,6,14,3),(303026,7,5,3),(303026,8,7,3),(303026,9,4,3),(303192,1,0,3),(303192,2,0,3),(303192,3,0,3),(303192,4,0,3),(303192,5,0,3),(303192,6,0,3),(303192,7,0,3),(303192,8,0,3),(303192,9,0,3),(303245,1,16,3),(303245,2,4,3),(303245,3,7,3),(303245,4,6,3),(303245,5,5,3),(303245,6,0,3),(303245,7,0,3),(303245,8,0,3),(303245,9,0,3),(303369,1,0,3),(303369,2,0,3),(303369,3,18,3),(303369,4,0,3),(303369,5,0,3),(303369,6,0,3),(303369,7,0,3),(303369,8,0,3),(303369,9,0,3),(306268,1,0,3),(306268,2,0,3),(306268,3,0,3),(306268,4,0,3),(306268,5,0,3),(306268,6,0,3),(306268,7,0,3),(306268,8,0,3),(306268,9,0,3),(306271,1,0,3),(306271,2,0,3),(306271,3,0,3),(306271,4,0,3),(306271,5,0,3),(306271,6,0,3),(306271,7,0,3),(306271,8,3,3),(306271,9,2,3),(312308,1,16,3),(312308,2,9,3),(312308,3,3,3),(312308,4,12,3),(312308,5,8,3),(312308,6,13,3),(312308,7,0,3),(312308,8,12,3),(312308,9,13,3),(395928,1,12,3),(395928,2,0,3),(395928,3,4,3),(395928,4,13,3),(395928,5,8,3),(395928,6,9,3),(395928,7,2,3),(395928,8,0,3),(395928,9,7,3),(395934,1,0,3),(395934,2,0,3),(395934,3,0,3),(395934,4,0,3),(395934,5,0,3),(395934,6,0,3),(395934,7,0,3),(395934,8,0,3),(395934,9,0,3),(395935,1,6,3),(395935,2,1,3),(395935,3,14,3),(395935,4,5,3),(395935,5,0,3),(395935,6,10,3),(395935,7,1,3),(395935,8,0,3),(395935,9,0,3),(396017,1,0,3),(396017,2,0,3),(396017,3,0,3),(396017,4,0,3),(396017,5,0,3),(396017,6,0,3),(396017,7,0,3),(396017,8,0,3),(396017,9,0,3),(396021,1,6,3),(396021,2,6,3),(396021,3,10,3),(396021,4,11,3),(396021,5,3,3),(396021,6,8,3),(396021,7,0,3),(396021,8,14,3),(396021,9,0,3),(396044,1,0,3),(396044,2,0,3),(396044,3,0,3),(396044,4,0,3),(396044,5,0,3),(396044,6,0,3),(396044,7,0,3),(396044,8,0,3),(396044,9,0,3),(396083,1,0,3),(396083,2,0,3),(396083,3,0,3),(396083,4,0,3),(396083,5,0,3),(396083,6,0,3),(396083,7,0,3),(396083,8,0,3),(396083,9,0,3),(396113,1,0,3),(396113,2,0,3),(396113,3,0,3),(396113,4,0,3),(396113,5,0,3),(396113,6,0,3),(396113,7,0,3),(396113,8,0,3),(396113,9,0,3),(396115,1,1,3),(396115,2,3,3),(396115,3,13,3),(396115,4,0,3),(396115,5,4,3),(396115,6,2,3),(396115,7,13,3),(396115,8,0,3),(396115,9,2,3),(396134,1,1,3),(396134,2,5,3),(396134,3,0,3),(396134,4,17,3),(396134,5,0,3),(396134,6,8,3),(396134,7,4,3),(396134,8,16,3),(396134,9,5,3),(396154,1,3,3),(396154,2,3,3),(396154,3,0,3),(396154,4,1,3),(396154,5,0,3),(396154,6,0,3),(396154,7,11,3),(396154,8,4,3),(396154,9,2,3),(396159,1,0,3),(396159,2,0,3),(396159,3,0,3),(396159,4,0,3),(396159,5,0,3),(396159,6,0,3),(396159,7,0,3),(396159,8,0,3),(396159,9,0,3),(396162,1,17,3),(396162,2,2,3),(396162,3,13,3),(396162,4,5,3),(396162,5,1,3),(396162,6,7,3),(396162,7,8,3),(396162,8,0,3),(396162,9,11,3),(396163,1,0,3),(396163,2,0,3),(396163,3,0,3),(396163,4,0,3),(396163,5,0,3),(396163,6,0,3),(396163,7,0,3),(396163,8,0,3),(396163,9,0,3),(396167,1,0,3),(396167,2,0,3),(396167,3,0,3),(396167,4,0,3),(396167,5,0,3),(396167,6,0,3),(396167,7,0,3),(396167,8,0,3),(396167,9,0,3),(396170,1,6,3),(396170,2,24,3),(396170,3,3,3),(396170,4,19,3),(396170,5,8,3),(396170,6,9,3),(396170,7,0,3),(396170,8,19,3),(396170,9,6,3),(396173,1,19,3),(396173,2,18,3),(396173,3,24,3),(396173,4,8,3),(396173,5,0,3),(396173,6,16,3),(396173,7,20,3),(396173,8,18,3),(396173,9,36,3),(396811,1,4,3),(396811,2,0,3),(396811,3,2,3),(396811,4,5,3),(396811,5,1,3),(396811,6,20,3),(396811,7,0,3),(396811,8,1,3),(396811,9,10,3),(396875,1,0,3),(396875,2,0,3),(396875,3,0,3),(396875,4,0,3),(396875,5,0,3),(396875,6,0,3),(396875,7,0,3),(396875,8,0,3),(396875,9,0,3),(396886,1,29,3),(396886,2,14,3),(396886,3,5,3),(396886,4,8,3),(396886,5,0,3),(396886,6,20,3),(396886,7,16,3),(396886,8,21,3),(396886,9,18,3),(396972,1,1,3),(396972,2,0,3),(396972,3,0,3),(396972,4,0,3),(396972,5,0,3),(396972,6,0,3),(396972,7,0,3),(396972,8,0,3),(396972,9,0,3),(405598,1,0,3),(405598,2,0,3),(405598,3,1,3),(405598,4,0,3),(405598,5,0,3),(405598,6,0,3),(405598,7,0,3),(405598,8,0,3),(405598,9,0,3),(405738,1,6,3),(405738,2,1,3),(405738,3,2,3),(405738,4,0,3),(405738,5,3,3),(405738,6,1,3),(405738,7,0,3),(405738,8,0,3),(405738,9,0,3),(405824,1,2,3),(405824,2,3,3),(405824,3,3,3),(405824,4,3,3),(405824,5,3,3),(405824,6,2,3),(405824,7,0,3),(405824,8,4,3),(405824,9,5,3),(405833,1,9,3),(405833,2,11,3),(405833,3,2,3),(405833,4,0,3),(405833,5,2,3),(405833,6,6,3),(405833,7,4,3),(405833,8,4,3),(405833,9,10,3),(405920,1,0,3),(405920,2,0,3),(405920,3,0,3),(405920,4,0,3),(405920,5,0,3),(405920,6,0,3),(405920,7,0,3),(405920,8,0,3),(405920,9,0,3),(406163,1,0,3),(406163,2,18,3),(406163,3,5,3),(406163,4,19,3),(406163,5,1,3),(406163,6,0,3),(406163,7,0,3),(406163,8,0,3),(406163,9,2,3),(406245,1,0,3),(406245,2,0,3),(406245,3,0,3),(406245,4,0,3),(406245,5,0,3),(406245,6,0,3),(406245,7,0,3),(406245,8,0,3),(406245,9,0,3),(406400,1,1,3),(406400,2,11,3),(406400,3,11,3),(406400,4,10,3),(406400,5,4,3),(406400,6,0,3),(406400,7,0,3),(406400,8,0,3),(406400,9,0,3),(406777,1,0,3),(406777,2,0,3),(406777,3,0,3),(406777,4,0,3),(406777,5,0,3),(406777,6,0,3),(406777,7,0,3),(406777,8,0,3),(406777,9,0,3),(406856,1,5,3),(406856,2,22,3),(406856,3,7,3),(406856,4,16,3),(406856,5,6,3),(406856,6,2,3),(406856,7,0,3),(406856,8,6,3),(406856,9,5,3),(407024,1,3,3),(407024,2,0,3),(407024,3,0,3),(407024,4,1,3),(407024,5,0,3),(407024,6,0,3),(407024,7,0,3),(407024,8,0,3),(407024,9,1,3),(407235,1,2,3),(407235,2,2,3),(407235,3,0,3),(407235,4,5,3),(407235,5,6,3),(407235,6,3,3),(407235,7,0,3),(407235,8,9,3),(407235,9,6,3),(407605,1,10,3),(407605,2,31,3),(407605,3,6,3),(407605,4,6,3),(407605,5,12,3),(407605,6,5,3),(407605,7,0,3),(407605,8,3,3),(407605,9,12,3),(407741,1,0,3),(407741,2,0,3),(407741,3,0,3),(407741,4,1,3),(407741,5,0,3),(407741,6,0,3),(407741,7,0,3),(407741,8,0,3),(407741,9,0,3),(407793,1,0,3),(407793,2,0,3),(407793,3,0,3),(407793,4,0,3),(407793,5,0,3),(407793,6,0,3),(407793,7,0,3),(407793,8,0,3),(407793,9,0,3),(407903,1,0,3),(407903,2,0,3),(407903,3,0,3),(407903,4,0,3),(407903,5,0,3),(407903,6,0,3),(407903,7,0,3),(407903,8,0,3),(407903,9,0,3),(408126,1,6,3),(408126,2,15,3),(408126,3,3,3),(408126,4,5,3),(408126,5,6,3),(408126,6,3,3),(408126,7,0,3),(408126,8,3,3),(408126,9,2,3),(408163,1,9,3),(408163,2,11,3),(408163,3,2,3),(408163,4,18,3),(408163,5,2,3),(408163,6,0,3),(408163,7,1,3),(408163,8,0,3),(408163,9,5,3),(408416,1,0,3),(408416,2,0,3),(408416,3,0,3),(408416,4,0,3),(408416,5,0,3),(408416,6,0,3),(408416,7,0,3),(408416,8,-1,3),(408416,9,0,3),(408644,1,5,3),(408644,2,4,3),(408644,3,4,3),(408644,4,21,3),(408644,5,31,3),(408644,6,0,3),(408644,7,13,3),(408644,8,6,3),(408644,9,10,3),(408969,1,2,3),(408969,2,13,3),(408969,3,6,3),(408969,4,4,3),(408969,5,3,3),(408969,6,6,3),(408969,7,12,3),(408969,8,6,3),(408969,9,7,3),(409102,1,23,3),(409102,2,4,3),(409102,3,6,3),(409102,4,21,3),(409102,5,23,3),(409102,6,0,3),(409102,7,15,3),(409102,8,7,3),(409102,9,26,3),(409170,1,8,3),(409170,2,4,3),(409170,3,8,3),(409170,4,13,3),(409170,5,13,3),(409170,6,4,3),(409170,7,11,3),(409170,8,0,3),(409170,9,12,3),(409254,1,10,3),(409254,2,19,3),(409254,3,11,3),(409254,4,2,3),(409254,5,10,3),(409254,6,3,3),(409254,7,0,3),(409254,8,3,3),(409254,9,0,3),(409876,1,0,3),(409876,2,1,3),(409876,3,9,3),(409876,4,7,3),(409876,5,8,3),(409876,6,5,3),(409876,7,0,3),(409876,8,0,3),(409876,9,9,3),(409879,1,8,3),(409879,2,12,3),(409879,3,24,3),(409879,4,7,3),(409879,5,5,3),(409879,6,0,3),(409879,7,0,3),(409879,8,0,3),(409879,9,0,3),(410129,1,0,3),(410129,2,0,3),(410129,3,0,3),(410129,4,0,3),(410129,5,0,3),(410129,6,0,3),(410129,7,0,3),(410129,8,0,3),(410129,9,0,3),(410134,1,4,3),(410134,2,0,3),(410134,3,0,3),(410134,4,0,3),(410134,5,1,3),(410134,6,8,3),(410134,7,0,3),(410134,8,0,3),(410134,9,0,3),(410446,1,1,3),(410446,2,7,3),(410446,3,4,3),(410446,4,3,3),(410446,5,2,3),(410446,6,9,3),(410446,7,0,3),(410446,8,6,3),(410446,9,0,3),(410711,1,0,3),(410711,2,0,3),(410711,3,0,3),(410711,4,0,3),(410711,5,0,3),(410711,6,0,3),(410711,7,0,3),(410711,8,0,3),(410711,9,0,3),(410721,1,12,3),(410721,2,4,3),(410721,3,11,3),(410721,4,0,3),(410721,5,5,3),(410721,6,5,3),(410721,7,16,3),(410721,8,3,3),(410721,9,0,3),(411568,1,17,3),(411568,2,15,3),(411568,3,4,3),(411568,4,13,3),(411568,5,16,3),(411568,6,5,3),(411568,7,18,3),(411568,8,6,3),(411568,9,0,3),(411579,1,10,3),(411579,2,16,3),(411579,3,12,3),(411579,4,10,3),(411579,5,7,3),(411579,6,11,3),(411579,7,9,3),(411579,8,9,3),(411579,9,0,3),(411598,1,0,3),(411598,2,0,3),(411598,3,0,3),(411598,4,0,3),(411598,5,0,3),(411598,6,0,3),(411598,7,0,3),(411598,8,0,3),(411598,9,0,3),(411639,1,0,3),(411639,2,0,3),(411639,3,0,3),(411639,4,0,3),(411639,5,0,3),(411639,6,0,3),(411639,7,0,3),(411639,8,0,3),(411639,9,0,3),(411957,1,4,3),(411957,2,1,3),(411957,3,3,3),(411957,4,1,3),(411957,5,0,3),(411957,6,8,3),(411957,7,0,3),(411957,8,0,3),(411957,9,0,3),(412042,1,0,3),(412042,2,0,3),(412042,3,0,3),(412042,4,0,3),(412042,5,0,3),(412042,6,0,3),(412042,7,0,3),(412042,8,0,3),(412042,9,0,3),(412346,1,0,3),(412346,2,0,3),(412346,3,0,3),(412346,4,0,3),(412346,5,0,3),(412346,6,0,3),(412346,7,0,3),(412346,8,0,3),(412346,9,0,3),(412717,1,2,3),(412717,2,0,3),(412717,3,0,3),(412717,4,9,3),(412717,5,4,3),(412717,6,0,3),(412717,7,3,3),(412717,8,0,3),(412717,9,1,3),(412780,1,0,3),(412780,2,0,3),(412780,3,0,3),(412780,4,0,3),(412780,5,1,3),(412780,6,6,3),(412780,7,0,3),(412780,8,0,3),(412780,9,0,3),(412870,1,5,3),(412870,2,1,3),(412870,3,0,3),(412870,4,11,3),(412870,5,5,3),(412870,6,7,3),(412870,7,3,3),(412870,8,2,3),(412870,9,0,3),(413021,1,6,3),(413021,2,8,3),(413021,3,14,3),(413021,4,0,3),(413021,5,0,3),(413021,6,0,3),(413021,7,0,3),(413021,8,0,3),(413021,9,0,3),(413737,1,3,3),(413737,2,0,3),(413737,3,3,3),(413737,4,6,3),(413737,5,0,3),(413737,6,0,3),(413737,7,0,3),(413737,8,0,3),(413737,9,0,3),(414386,1,0,3),(414386,2,0,3),(414386,3,0,3),(414386,4,0,3),(414386,5,0,3),(414386,6,0,3),(414386,7,15,3),(414386,8,6,3),(414386,9,0,3),(414586,1,0,3),(414586,2,0,3),(414586,3,1,3),(414586,4,2,3),(414586,5,0,3),(414586,6,1,3),(414586,7,0,3),(414586,8,4,3),(414586,9,0,3),(414742,1,8,3),(414742,2,17,3),(414742,3,21,3),(414742,4,26,3),(414742,5,9,3),(414742,6,15,3),(414742,7,0,3),(414742,8,0,3),(414742,9,0,3),(415213,1,0,3),(415213,2,0,3),(415213,3,0,3),(415213,4,0,3),(415213,5,0,3),(415213,6,0,3),(415213,7,0,3),(415213,8,0,3),(415213,9,0,3),(415246,1,0,3),(415246,2,0,3),(415246,3,1,3),(415246,4,1,3),(415246,5,1,3),(415246,6,0,3),(415246,7,0,3),(415246,8,0,3),(415246,9,2,3),(415313,1,11,3),(415313,2,0,3),(415313,3,0,3),(415313,4,9,3),(415313,5,2,3),(415313,6,0,3),(415313,7,2,3),(415313,8,2,3),(415313,9,4,3),(416678,1,4,3),(416678,2,5,3),(416678,3,1,3),(416678,4,4,3),(416678,5,4,3),(416678,6,0,3),(416678,7,2,3),(416678,8,16,3),(416678,9,3,3),(416861,1,11,3),(416861,2,7,3),(416861,3,18,3),(416861,4,0,3),(416861,5,4,3),(416861,6,6,3),(416861,7,13,3),(416861,8,10,3),(416861,9,4,3),(417185,1,18,3),(417185,2,3,3),(417185,3,13,3),(417185,4,6,3),(417185,5,0,3),(417185,6,0,3),(417185,7,12,3),(417185,8,2,3),(417185,9,6,3),(417544,1,0,3),(417544,2,0,3),(417544,3,0,3),(417544,4,-1,3),(417544,5,0,3),(417544,6,0,3),(417544,7,0,3),(417544,8,0,3),(417544,9,0,3),(417623,1,8,3),(417623,2,8,3),(417623,3,1,3),(417623,4,15,3),(417623,5,2,3),(417623,6,30,3),(417623,7,18,3),(417623,8,0,3),(417623,9,0,3),(417825,1,0,3),(417825,2,0,3),(417825,3,0,3),(417825,4,13,3),(417825,5,6,3),(417825,6,6,3),(417825,7,0,3),(417825,8,6,3),(417825,9,7,3),(417926,1,0,3),(417926,2,0,3),(417926,3,0,3),(417926,4,0,3),(417926,5,1,3),(417926,6,0,3),(417926,7,5,3),(417926,8,0,3),(417926,9,0,3),(418053,1,0,3),(418053,2,0,3),(418053,3,0,3),(418053,4,0,3),(418053,5,0,3),(418053,6,0,3),(418053,7,0,3),(418053,8,0,3),(418053,9,0,3),(418071,1,0,3),(418071,2,0,3),(418071,3,0,3),(418071,4,11,3),(418071,5,0,3),(418071,6,0,3),(418071,7,0,3),(418071,8,0,3),(418071,9,0,3),(418207,1,0,3),(418207,2,0,3),(418207,3,0,3),(418207,4,0,3),(418207,5,0,3),(418207,6,0,3),(418207,7,0,3),(418207,8,0,3),(418207,9,0,3),(418311,1,0,3),(418311,2,0,3),(418311,3,0,3),(418311,4,0,3),(418311,5,0,3),(418311,6,0,3),(418311,7,0,3),(418311,8,0,3),(418311,9,0,3),(419111,1,0,3),(419111,2,0,3),(419111,3,0,3),(419111,4,0,3),(419111,5,1,3),(419111,6,4,3),(419111,7,0,3),(419111,8,-1,3),(419111,9,0,3),(419723,1,0,3),(419723,2,0,3),(419723,3,0,3),(419723,4,0,3),(419723,5,0,3),(419723,6,0,3),(419723,7,1,3),(419723,8,0,3),(419723,9,2,3),(419756,1,6,3),(419756,2,4,3),(419756,3,0,3),(419756,4,1,3),(419756,5,0,3),(419756,6,0,3),(419756,7,0,3),(419756,8,0,3),(419756,9,4,3),(419764,1,0,3),(419764,2,0,3),(419764,3,0,3),(419764,4,0,3),(419764,5,0,3),(419764,6,0,3),(419764,7,0,3),(419764,8,0,3),(419764,9,0,3),(419780,1,26,3),(419780,2,12,3),(419780,3,9,3),(419780,4,35,3),(419780,5,30,3),(419780,6,50,3),(419780,7,31,3),(419780,8,17,3),(419780,9,33,3),(419998,1,0,3),(419998,2,0,3),(419998,3,0,3),(419998,4,0,3),(419998,5,0,3),(419998,6,0,3),(419998,7,0,3),(419998,8,0,3),(419998,9,0,3),(420059,1,0,3),(420059,2,0,3),(420059,3,0,3),(420059,4,0,3),(420059,5,0,3),(420059,6,0,3),(420059,7,0,3),(420059,8,0,3),(420059,9,0,3),(420095,1,37,3),(420095,2,21,3),(420095,3,27,3),(420095,4,30,3),(420095,5,21,3),(420095,6,10,3),(420095,7,0,3),(420095,8,29,3),(420095,9,13,3),(420366,1,3,3),(420366,2,1,3),(420366,3,0,3),(420366,4,1,3),(420366,5,0,3),(420366,6,8,3),(420366,7,0,3),(420366,8,4,3),(420366,9,2,3),(421070,1,1,3),(421070,2,3,3),(421070,3,1,3),(421070,4,0,3),(421070,5,0,3),(421070,6,1,3),(421070,7,2,3),(421070,8,0,3),(421070,9,0,3),(421093,1,0,3),(421093,2,3,3),(421093,3,0,3),(421093,4,0,3),(421093,5,0,3),(421093,6,0,3),(421093,7,0,3),(421093,8,0,3),(421093,9,0,3),(421123,1,0,3),(421123,2,0,3),(421123,3,0,3),(421123,4,0,3),(421123,5,0,3),(421123,6,0,3),(421123,7,0,3),(421123,8,0,3),(421123,9,0,3),(421137,1,0,3),(421137,2,1,3),(421137,3,0,3),(421137,4,10,3),(421137,5,3,3),(421137,6,-1,3),(421137,7,0,3),(421137,8,0,3),(421137,9,0,3),(421274,1,0,3),(421274,2,0,3),(421274,3,1,3),(421274,4,0,3),(421274,5,0,3),(421274,6,0,3),(421274,7,0,3),(421274,8,7,3),(421274,9,0,3),(421347,1,0,3),(421347,2,0,3),(421347,3,0,3),(421347,4,0,3),(421347,5,0,3),(421347,6,0,3),(421347,7,0,3),(421347,8,0,3),(421347,9,0,3),(421419,1,11,3),(421419,2,12,3),(421419,3,6,3),(421419,4,12,3),(421419,5,2,3),(421419,6,0,3),(421419,7,11,3),(421419,8,11,3),(421419,9,0,3),(421459,1,0,3),(421459,2,0,3),(421459,3,0,3),(421459,4,0,3),(421459,5,0,3),(421459,6,0,3),(421459,7,0,3),(421459,8,0,3),(421459,9,0,3),(421487,1,0,3),(421487,2,0,3),(421487,3,0,3),(421487,4,0,3),(421487,5,0,3),(421487,6,0,3),(421487,7,0,3),(421487,8,0,3),(421487,9,0,3),(421599,1,0,3),(421599,2,4,3),(421599,3,6,3),(421599,4,8,3),(421599,5,1,3),(421599,6,0,3),(421599,7,1,3),(421599,8,1,3),(421599,9,2,3),(421695,1,0,3),(421695,2,0,3),(421695,3,0,3),(421695,4,0,3),(421695,5,0,3),(421695,6,0,3),(421695,7,0,3),(421695,8,0,3),(421695,9,0,3),(421946,1,10,3),(421946,2,1,3),(421946,3,3,3),(421946,4,3,3),(421946,5,5,3),(421946,6,2,3),(421946,7,0,3),(421946,8,3,3),(421946,9,1,3),(422192,1,0,3),(422192,2,0,3),(422192,3,0,3),(422192,4,0,3),(422192,5,0,3),(422192,6,0,3),(422192,7,8,3),(422192,8,0,3),(422192,9,0,3),(422864,1,0,3),(422864,2,0,3),(422864,3,0,3),(422864,4,0,3),(422864,5,0,3),(422864,6,1,3),(422864,7,0,3),(422864,8,0,3),(422864,9,0,3),(423207,1,0,3),(423207,2,1,3),(423207,3,1,3),(423207,4,0,3),(423207,5,-2,3),(423207,6,0,3),(423207,7,0,3),(423207,8,1,3),(423207,9,0,3),(423552,1,0,3),(423552,2,0,3),(423552,3,0,3),(423552,4,0,3),(423552,5,0,3),(423552,6,0,3),(423552,7,0,3),(423552,8,0,3),(423552,9,0,3),(423714,1,0,3),(423714,2,12,3),(423714,3,7,3),(423714,4,10,3),(423714,5,-2,3),(423714,6,0,3),(423714,7,0,3),(423714,8,3,3),(423714,9,9,3),(423719,1,0,3),(423719,2,0,3),(423719,3,0,3),(423719,4,0,3),(423719,5,0,3),(423719,6,0,3),(423719,7,0,3),(423719,8,0,3),(423719,9,0,3),(424340,1,0,3),(424340,2,0,3),(424340,3,0,3),(424340,4,0,3),(424340,5,0,3),(424340,6,0,3),(424340,7,0,3),(424340,8,0,3),(424340,9,0,3),(426135,1,17,3),(426135,2,2,3),(426135,3,7,3),(426135,4,19,3),(426135,5,20,3),(426135,6,0,3),(426135,7,14,3),(426135,8,9,3),(426135,9,30,3),(430316,1,0,3),(430316,2,0,3),(430316,3,0,3),(430316,4,0,3),(430316,5,0,3),(430316,6,0,3),(430316,7,0,3),(430316,8,0,3),(430316,9,0,3),(431145,1,1,3),(431145,2,1,3),(431145,3,0,3),(431145,4,0,3),(431145,5,0,3),(431145,6,0,3),(431145,7,0,3),(431145,8,0,3),(431145,9,0,3),(431338,1,0,3),(431338,2,0,3),(431338,3,0,3),(431338,4,0,3),(431338,5,0,3),(431338,6,0,3),(431338,7,0,3),(431338,8,0,3),(431338,9,0,3),(431354,1,0,3),(431354,2,0,3),(431354,3,0,3),(431354,4,0,3),(431354,5,0,3),(431354,6,0,3),(431354,7,0,3),(431354,8,6,3),(431354,9,0,3),(431446,1,14,3),(431446,2,0,3),(431446,3,5,3),(431446,4,17,3),(431446,5,16,3),(431446,6,15,3),(431446,7,5,3),(431446,8,7,3),(431446,9,12,3),(431497,1,4,3),(431497,2,0,3),(431497,3,4,3),(431497,4,0,3),(431497,5,18,3),(431497,6,3,3),(431497,7,0,3),(431497,8,0,3),(431497,9,0,3),(431544,1,0,3),(431544,2,0,3),(431544,3,0,3),(431544,4,0,3),(431544,5,0,3),(431544,6,0,3),(431544,7,0,3),(431544,8,0,3),(431544,9,0,3),(433249,1,0,3),(433249,2,0,3),(433249,3,0,3),(433249,4,0,3),(433249,5,0,3),(433249,6,0,3),(433249,7,0,3),(433249,8,0,3),(433249,9,0,3),(433568,1,0,3),(433568,2,0,3),(433568,3,0,3),(433568,4,1,3),(433568,5,0,3),(433568,6,3,3),(433568,7,0,3),(433568,8,0,3),(433568,9,0,3),(435367,1,0,3),(435367,2,22,3),(435367,3,-2,3),(435367,4,0,3),(435367,5,1,3),(435367,6,0,3),(435367,7,0,3),(435367,8,1,3),(435367,9,0,3),(435413,1,0,3),(435413,2,0,3),(435413,3,0,3),(435413,4,0,3),(435413,5,0,3),(435413,6,0,3),(435413,7,0,3),(435413,8,0,3),(435413,9,0,3),(436388,1,0,3),(436388,2,0,3),(436388,3,0,3),(436388,4,0,3),(436388,5,0,3),(436388,6,0,3),(436388,7,1,3),(436388,8,1,3),(436388,9,0,3),(436526,1,16,3),(436526,2,5,3),(436526,3,12,3),(436526,4,2,3),(436526,5,4,3),(436526,6,0,3),(436526,7,3,3),(436526,8,0,3),(436526,9,2,3),(436547,1,3,3),(436547,2,2,3),(436547,3,1,3),(436547,4,0,3),(436547,5,3,3),(436547,6,3,3),(436547,7,0,3),(436547,8,0,3),(436547,9,0,3),(492912,1,0,3),(492912,2,0,3),(492912,3,0,3),(492912,4,0,3),(492912,5,0,3),(492912,6,0,3),(492912,7,0,3),(492912,8,0,3),(492912,9,0,3),(492915,1,0,3),(492915,2,0,3),(492915,3,0,3),(492915,4,0,3),(492915,5,0,3),(492915,6,0,3),(492915,7,2,3),(492915,8,0,3),(492915,9,5,3),(492917,1,0,3),(492917,2,0,3),(492917,3,0,3),(492917,4,0,3),(492917,5,0,3),(492917,6,0,3),(492917,7,0,3),(492917,8,0,3),(492917,9,0,3),(492932,1,0,3),(492932,2,0,3),(492932,3,0,3),(492932,4,0,3),(492932,5,0,3),(492932,6,0,3),(492932,7,0,3),(492932,8,0,3),(492932,9,0,3),(492934,1,6,3),(492934,2,0,3),(492934,3,17,3),(492934,4,12,3),(492934,5,9,3),(492934,6,15,3),(492934,7,2,3),(492934,8,5,3),(492934,9,13,3),(492958,1,0,3),(492958,2,0,3),(492958,3,0,3),(492958,4,0,3),(492958,5,0,3),(492958,6,0,3),(492958,7,0,3),(492958,8,2,3),(492958,9,0,3),(492959,1,1,3),(492959,2,0,3),(492959,3,5,3),(492959,4,1,3),(492959,5,18,3),(492959,6,0,3),(492959,7,7,3),(492959,8,0,3),(492959,9,0,3),(492963,1,8,3),(492963,2,5,3),(492963,3,2,3),(492963,4,6,3),(492963,5,7,3),(492963,6,9,3),(492963,7,11,3),(492963,8,4,3),(492963,9,0,3),(492964,1,4,3),(492964,2,4,3),(492964,3,0,3),(492964,4,0,3),(492964,5,3,3),(492964,6,12,3),(492964,7,0,3),(492964,8,7,3),(492964,9,0,3),(492973,1,0,3),(492973,2,0,3),(492973,3,1,3),(492973,4,2,3),(492973,5,0,3),(492973,6,0,3),(492973,7,0,3),(492973,8,0,3),(492973,9,0,3),(492980,1,16,3),(492980,2,8,3),(492980,3,3,3),(492980,4,0,3),(492980,5,0,3),(492980,6,0,3),(492980,7,0,3),(492980,8,0,3),(492980,9,0,3),(493004,1,14,3),(493004,2,32,3),(493004,3,17,3),(493004,4,22,3),(493004,5,26,3),(493004,6,13,3),(493004,7,15,3),(493004,8,5,3),(493004,9,3,3),(493008,1,0,3),(493008,2,0,3),(493008,3,0,3),(493008,4,0,3),(493008,5,0,3),(493008,6,0,3),(493008,7,0,3),(493008,8,0,3),(493008,9,0,3),(493016,1,1,3),(493016,2,0,3),(493016,3,6,3),(493016,4,0,3),(493016,5,0,3),(493016,6,0,3),(493016,7,1,3),(493016,8,1,3),(493016,9,0,3),(493041,1,15,3),(493041,2,27,3),(493041,3,2,3),(493041,4,18,3),(493041,5,22,3),(493041,6,9,3),(493041,7,0,3),(493041,8,6,3),(493041,9,18,3),(493043,1,19,3),(493043,2,23,3),(493043,3,39,3),(493043,4,0,3),(493043,5,15,3),(493043,6,19,3),(493043,7,15,3),(493043,8,26,3),(493043,9,16,3),(493050,1,16,3),(493050,2,7,3),(493050,3,33,3),(493050,4,20,3),(493050,5,12,3),(493050,6,5,3),(493050,7,22,3),(493050,8,0,3),(493050,9,22,3),(493053,1,9,3),(493053,2,1,3),(493053,3,10,3),(493053,4,4,3),(493053,5,3,3),(493053,6,0,3),(493053,7,13,3),(493053,8,9,3),(493053,9,0,3),(493097,1,3,3),(493097,2,10,3),(493097,3,14,3),(493097,4,22,3),(493097,5,12,3),(493097,6,3,3),(493097,7,0,3),(493097,8,5,3),(493097,9,16,3),(493107,1,0,3),(493107,2,2,3),(493107,3,1,3),(493107,4,5,3),(493107,5,0,3),(493107,6,6,3),(493107,7,3,3),(493107,8,1,3),(493107,9,2,3),(493125,1,0,3),(493125,2,0,3),(493125,3,1,3),(493125,4,0,3),(493125,5,0,3),(493125,6,0,3),(493125,7,0,3),(493125,8,0,3),(493125,9,0,3),(493614,1,12,3),(493614,2,10,3),(493614,3,5,3),(493614,4,2,3),(493614,5,10,3),(493614,6,6,3),(493614,7,0,3),(493614,8,4,3),(493614,9,10,3),(493666,1,1,3),(493666,2,6,3),(493666,3,0,3),(493666,4,2,3),(493666,5,1,3),(493666,6,0,3),(493666,7,0,3),(493666,8,0,3),(493666,9,0,3),(493669,1,0,3),(493669,2,0,3),(493669,3,0,3),(493669,4,0,3),(493669,5,0,3),(493669,6,0,3),(493669,7,0,3),(493669,8,0,3),(493669,9,0,3),(493735,1,1,3),(493735,2,9,3),(493735,3,14,3),(493735,4,10,3),(493735,5,16,3),(493735,6,19,3),(493735,7,6,3),(493735,8,4,3),(493735,9,0,3),(501448,1,0,3),(501448,2,0,3),(501448,3,0,3),(501448,4,0,3),(501448,5,0,3),(501448,6,0,3),(501448,7,0,3),(501448,8,0,3),(501448,9,0,3),(501492,1,0,3),(501492,2,0,3),(501492,3,0,3),(501492,4,0,3),(501492,5,0,3),(501492,6,0,3),(501492,7,0,3),(501492,8,0,3),(501492,9,0,3),(502391,1,0,3),(502391,2,0,3),(502391,3,0,3),(502391,4,0,3),(502391,5,0,3),(502391,6,0,3),(502391,7,0,3),(502391,8,0,3),(502391,9,0,3),(502411,1,0,3),(502411,2,0,3),(502411,3,0,3),(502411,4,0,3),(502411,5,0,3),(502411,6,0,3),(502411,7,0,3),(502411,8,0,3),(502411,9,0,3),(502506,1,1,3),(502506,2,0,3),(502506,3,0,3),(502506,4,0,3),(502506,5,0,3),(502506,6,0,3),(502506,7,1,3),(502506,8,0,3),(502506,9,0,3),(502523,1,0,3),(502523,2,0,3),(502523,3,0,3),(502523,4,0,3),(502523,5,0,3),(502523,6,0,3),(502523,7,0,3),(502523,8,0,3),(502523,9,0,3),(502524,1,5,3),(502524,2,1,3),(502524,3,9,3),(502524,4,14,3),(502524,5,3,3),(502524,6,0,3),(502524,7,3,3),(502524,8,2,3),(502524,9,4,3),(502611,1,0,3),(502611,2,0,3),(502611,3,0,3),(502611,4,0,3),(502611,5,0,3),(502611,6,0,3),(502611,7,0,3),(502611,8,0,3),(502611,9,0,3),(502629,1,11,3),(502629,2,9,3),(502629,3,22,3),(502629,4,5,3),(502629,5,0,3),(502629,6,13,3),(502629,7,3,3),(502629,8,4,3),(502629,9,12,3),(502707,1,0,3),(502707,2,0,3),(502707,3,0,3),(502707,4,0,3),(502707,5,0,3),(502707,6,0,3),(502707,7,0,3),(502707,8,0,3),(502707,9,0,3),(502710,1,0,3),(502710,2,0,3),(502710,3,0,3),(502710,4,0,3),(502710,5,0,3),(502710,6,0,3),(502710,7,0,3),(502710,8,0,3),(502710,9,0,3),(502737,1,0,3),(502737,2,0,3),(502737,3,0,3),(502737,4,0,3),(502737,5,0,3),(502737,6,0,3),(502737,7,0,3),(502737,8,0,3),(502737,9,0,3),(502816,1,0,3),(502816,2,0,3),(502816,3,0,3),(502816,4,0,3),(502816,5,0,3),(502816,6,0,3),(502816,7,0,3),(502816,8,0,3),(502816,9,0,3),(502839,1,2,3),(502839,2,5,3),(502839,3,2,3),(502839,4,6,3),(502839,5,0,3),(502839,6,4,3),(502839,7,1,3),(502839,8,4,3),(502839,9,4,3),(504530,1,3,3),(504530,2,1,3),(504530,3,9,3),(504530,4,7,3),(504530,5,5,3),(504530,6,4,3),(504530,7,1,3),(504530,8,0,3),(504530,9,0,3),(504639,1,9,3),(504639,2,18,3),(504639,3,9,3),(504639,4,20,3),(504639,5,8,3),(504639,6,5,3),(504639,7,11,3),(504639,8,16,3),(504639,9,20,3),(504682,1,0,3),(504682,2,0,3),(504682,3,0,3),(504682,4,0,3),(504682,5,0,3),(504682,6,0,3),(504682,7,0,3),(504682,8,0,3),(504682,9,0,3),(504747,1,0,3),(504747,2,1,3),(504747,3,0,3),(504747,4,0,3),(504747,5,0,3),(504747,6,0,3),(504747,7,0,3),(504747,8,0,3),(504747,9,0,3),(515634,1,2,3),(515634,2,0,3),(515634,3,0,3),(515634,4,4,3),(515634,5,0,3),(515634,6,7,3),(515634,7,6,3),(515634,8,0,3),(515634,9,0,3),(516510,1,1,3),(516510,2,1,3),(516510,3,1,3),(516510,4,7,3),(516510,5,3,3),(516510,6,2,3),(516510,7,0,3),(516510,8,0,3),(516510,9,0,3),(516606,1,0,3),(516606,2,0,3),(516606,3,0,3),(516606,4,0,3),(516606,5,0,3),(516606,6,0,3),(516606,7,0,3),(516606,8,0,3),(516606,9,0,3),(516948,1,0,3),(516948,2,0,3),(516948,3,0,3),(516948,4,0,3),(516948,5,0,3),(516948,6,0,3),(516948,7,0,3),(516948,8,0,3),(516948,9,0,3),(516960,1,4,3),(516960,2,0,3),(516960,3,1,3),(516960,4,3,3),(516960,5,5,3),(516960,6,0,3),(516960,7,0,3),(516960,8,8,3),(516960,9,4,3),(516968,1,7,3),(516968,2,20,3),(516968,3,6,3),(516968,4,11,3),(516968,5,4,3),(516968,6,0,3),(516968,7,0,3),(516968,8,0,3),(516968,9,0,3),(516987,1,0,3),(516987,2,0,3),(516987,3,0,3),(516987,4,-2,3),(516987,5,0,3),(516987,6,0,3),(516987,7,0,3),(516987,8,0,3),(516987,9,0,3),(517027,1,0,3),(517027,2,5,3),(517027,3,1,3),(517027,4,1,3),(517027,5,5,3),(517027,6,0,3),(517027,7,1,3),(517027,8,0,3),(517027,9,0,3),(517045,1,0,3),(517045,2,0,3),(517045,3,-2,3),(517045,4,0,3),(517045,5,0,3),(517045,6,0,3),(517045,7,0,3),(517045,8,0,3),(517045,9,0,3),(517243,1,0,3),(517243,2,0,3),(517243,3,0,3),(517243,4,0,3),(517243,5,0,3),(517243,6,0,3),(517243,7,0,3),(517243,8,0,3),(517243,9,0,3),(517271,1,0,3),(517271,2,0,3),(517271,3,0,3),(517271,4,0,3),(517271,5,0,3),(517271,6,0,3),(517271,7,0,3),(517271,8,0,3),(517271,9,0,3),(517291,1,0,3),(517291,2,-2,3),(517291,3,0,3),(517291,4,0,3),(517291,5,0,3),(517291,6,0,3),(517291,7,2,3),(517291,8,0,3),(517291,9,0,3),(517401,1,0,3),(517401,2,0,3),(517401,3,0,3),(517401,4,0,3),(517401,5,0,3),(517401,6,0,3),(517401,7,0,3),(517401,8,0,3),(517401,9,0,3),(517483,1,0,3),(517483,2,0,3),(517483,3,0,3),(517483,4,0,3),(517483,5,0,3),(517483,6,0,3),(517483,7,0,3),(517483,8,0,3),(517483,9,0,3),(517568,1,20,3),(517568,2,8,3),(517568,3,10,3),(517568,4,12,3),(517568,5,9,3),(517568,6,12,3),(517568,7,21,3),(517568,8,16,3),(517568,9,31,3),(517620,1,7,3),(517620,2,7,3),(517620,3,4,3),(517620,4,6,3),(517620,5,0,3),(517620,6,3,3),(517620,7,3,3),(517620,8,7,3),(517620,9,1,3),(517880,1,2,3),(517880,2,0,3),(517880,3,0,3),(517880,4,0,3),(517880,5,0,3),(517880,6,0,3),(517880,7,0,3),(517880,8,0,3),(517880,9,0,3),(518127,1,3,3),(518127,2,2,3),(518127,3,0,3),(518127,4,3,3),(518127,5,2,3),(518127,6,0,3),(518127,7,1,3),(518127,8,2,3),(518127,9,0,3),(518132,1,0,3),(518132,2,0,3),(518132,3,0,3),(518132,4,0,3),(518132,5,0,3),(518132,6,0,3),(518132,7,0,3),(518132,8,0,3),(518132,9,0,3),(518149,1,0,3),(518149,2,0,3),(518149,3,0,3),(518149,4,1,3),(518149,5,1,3),(518149,6,0,3),(518149,7,0,3),(518149,8,0,3),(518149,9,0,3),(518593,1,9,3),(518593,2,3,3),(518593,3,2,3),(518593,4,4,3),(518593,5,6,3),(518593,6,14,3),(518593,7,3,3),(518593,8,11,3),(518593,9,12,3),(518611,1,19,3),(518611,2,20,3),(518611,3,16,3),(518611,4,14,3),(518611,5,22,3),(518611,6,15,3),(518611,7,21,3),(518611,8,0,3),(518611,9,17,3),(518670,1,0,3),(518670,2,0,3),(518670,3,0,3),(518670,4,0,3),(518670,5,0,3),(518670,6,0,3),(518670,7,0,3),(518670,8,0,3),(518670,9,0,3),(518847,1,0,3),(518847,2,0,3),(518847,3,0,3),(518847,4,0,3),(518847,5,0,3),(518847,6,0,3),(518847,7,0,3),(518847,8,0,3),(518847,9,0,3),(518867,1,0,3),(518867,2,0,3),(518867,3,0,3),(518867,4,0,3),(518867,5,0,3),(518867,6,0,3),(518867,7,0,3),(518867,8,0,3),(518867,9,0,3),(518905,1,0,3),(518905,2,0,3),(518905,3,0,3),(518905,4,6,3),(518905,5,0,3),(518905,6,0,3),(518905,7,0,3),(518905,8,0,3),(518905,9,0,3),(519785,1,0,3),(519785,2,0,3),(519785,3,0,3),(519785,4,0,3),(519785,5,0,3),(519785,6,0,3),(519785,7,0,3),(519785,8,0,3),(519785,9,0,3),(520248,1,0,3),(520248,2,0,3),(520248,3,0,3),(520248,4,0,3),(520248,5,0,3),(520248,6,0,3),(520248,7,0,3),(520248,8,0,3),(520248,9,0,3),(520386,1,0,3),(520386,2,3,3),(520386,3,0,3),(520386,4,0,3),(520386,5,0,3),(520386,6,5,3),(520386,7,3,3),(520386,8,0,3),(520386,9,0,3),(520778,1,14,3),(520778,2,1,3),(520778,3,0,3),(520778,4,6,3),(520778,5,26,3),(520778,6,17,3),(520778,7,12,3),(520778,8,5,3),(520778,9,4,3),(522814,1,0,3),(522814,2,0,3),(522814,3,0,3),(522814,4,0,3),(522814,5,0,3),(522814,6,0,3),(522814,7,0,3),(522814,8,0,3),(522814,9,1,3),(523103,1,8,3),(523103,2,16,3),(523103,3,5,3),(523103,4,28,3),(523103,5,6,3),(523103,6,13,3),(523103,7,0,3),(523103,8,3,3),(523103,9,11,3),(523458,1,1,3),(523458,2,6,3),(523458,3,1,3),(523458,4,0,3),(523458,5,0,3),(523458,6,0,3),(523458,7,0,3),(523458,8,2,3),(523458,9,1,3),(523470,1,0,3),(523470,2,0,3),(523470,3,0,3),(523470,4,0,3),(523470,5,0,3),(523470,6,0,3),(523470,7,0,3),(523470,8,0,3),(523470,9,0,3),(523490,1,4,3),(523490,2,2,3),(523490,3,2,3),(523490,4,15,3),(523490,5,0,3),(523490,6,11,3),(523490,7,31,3),(523490,8,10,3),(523490,9,17,3),(524093,1,0,3),(524093,2,0,3),(524093,3,0,3),(524093,4,0,3),(524093,5,0,3),(524093,6,0,3),(524093,7,0,3),(524093,8,0,3),(524093,9,0,3),(534088,1,0,3),(534088,2,0,3),(534088,3,0,3),(534088,4,0,3),(534088,5,0,3),(534088,6,0,3),(534088,7,0,3),(534088,8,1,3),(534088,9,1,3),(541651,1,4,3),(541651,2,18,3),(541651,3,2,3),(541651,4,16,3),(541651,5,0,3),(541651,6,18,3),(541651,7,27,3),(541651,8,4,3),(541651,9,14,3),(547043,1,19,3),(547043,2,22,3),(547043,3,25,3),(547043,4,31,3),(547043,5,3,3),(547043,6,6,3),(547043,7,25,3),(547043,8,0,3),(547043,9,8,3),(551405,1,0,3),(551405,2,0,3),(551405,3,0,3),(551405,4,0,3),(551405,5,0,3),(551405,6,0,3),(551405,7,0,3),(551405,8,0,3),(551405,9,0,3),(552470,1,18,3),(552470,2,22,3),(552470,3,5,3),(552470,4,16,3),(552470,5,-2,3),(552470,6,0,3),(552470,7,0,3),(552470,8,13,3),(552470,9,6,3),(552599,1,7,3),(552599,2,10,3),(552599,3,8,3),(552599,4,9,3),(552599,5,7,3),(552599,6,6,3),(552599,7,5,3),(552599,8,0,3),(552599,9,11,3),(552642,1,21,3),(552642,2,21,3),(552642,3,12,3),(552642,4,6,3),(552642,5,34,3),(552642,6,2,3),(552642,7,10,3),(552642,8,27,3),(552642,9,0,3),(553121,1,11,3),(553121,2,4,3),(553121,3,13,3),(553121,4,10,3),(553121,5,11,3),(553121,6,0,3),(553121,7,7,3),(553121,8,5,3),(553121,9,15,3),(553135,1,0,3),(553135,2,0,3),(553135,3,0,3),(553135,4,0,3),(553135,5,0,3),(553135,6,0,3),(553135,7,0,3),(553135,8,0,3),(553135,9,0,3),(553187,1,0,3),(553187,2,0,3),(553187,3,0,3),(553187,4,0,3),(553187,5,0,3),(553187,6,0,3),(553187,7,0,3),(553187,8,0,3),(553187,9,0,3),(553367,1,0,3),(553367,2,0,3),(553367,3,2,3),(553367,4,-1,3),(553367,5,-2,3),(553367,6,0,3),(553367,7,0,3),(553367,8,0,3),(553367,9,0,3),(553458,1,0,3),(553458,2,2,3),(553458,3,2,3),(553458,4,0,3),(553458,5,6,3),(553458,6,0,3),(553458,7,2,3),(553458,8,0,3),(553458,9,0,3),(553478,1,11,3),(553478,2,2,3),(553478,3,17,3),(553478,4,4,3),(553478,5,4,3),(553478,6,5,3),(553478,7,10,3),(553478,8,6,3),(553478,9,9,3),(553825,1,7,3),(553825,2,9,3),(553825,3,7,3),(553825,4,0,3),(553825,5,10,3),(553825,6,13,3),(553825,7,10,3),(553825,8,9,3),(553825,9,6,3),(554742,1,0,3),(554742,2,0,3),(554742,3,0,3),(554742,4,0,3),(554742,5,0,3),(554742,6,0,3),(554742,7,0,3),(554742,8,0,3),(554742,9,0,3),(556548,1,0,3),(556548,2,0,3),(556548,3,0,3),(556548,4,0,3),(556548,5,4,3),(556548,6,0,3),(556548,7,0,3),(556548,8,0,3),(556548,9,0,3),(556622,1,0,3),(556622,2,0,3),(556622,3,0,3),(556622,4,0,3),(556622,5,0,3),(556622,6,0,3),(556622,7,0,3),(556622,8,0,3),(556622,9,0,3),(556832,1,0,3),(556832,2,0,3),(556832,3,0,3),(556832,4,0,3),(556832,5,0,3),(556832,6,0,3),(556832,7,0,3),(556832,8,0,3),(556832,9,0,3),(556890,1,0,3),(556890,2,0,3),(556890,3,0,3),(556890,4,0,3),(556890,5,0,3),(556890,6,0,3),(556890,7,0,3),(556890,8,0,3),(556890,9,0,3),(556966,1,0,3),(556966,2,0,3),(556966,3,0,3),(556966,4,0,3),(556966,5,0,3),(556966,6,0,3),(556966,7,0,3),(556966,8,0,3),(556966,9,0,3),(558554,1,0,3),(558554,2,0,3),(558554,3,0,3),(558554,4,0,3),(558554,5,0,3),(558554,6,-2,3),(558554,7,0,3),(558554,8,0,3),(558554,9,0,3),(558591,1,12,3),(558591,2,11,3),(558591,3,2,3),(558591,4,0,3),(558591,5,4,3),(558591,6,0,3),(558591,7,11,3),(558591,8,8,3),(558591,9,0,3),(558818,1,0,3),(558818,2,0,3),(558818,3,0,3),(558818,4,0,3),(558818,5,1,3),(558818,6,0,3),(558818,7,0,3),(558818,8,0,3),(558818,9,0,3),(558839,1,0,3),(558839,2,0,3),(558839,3,0,3),(558839,4,0,3),(558839,5,0,3),(558839,6,0,3),(558839,7,0,3),(558839,8,0,3),(558839,9,0,3),(558841,1,0,3),(558841,2,0,3),(558841,3,0,3),(558841,4,0,3),(558841,5,0,3),(558841,6,0,3),(558841,7,0,3),(558841,8,0,3),(558841,9,0,3),(559250,1,9,3),(559250,2,13,3),(559250,3,18,3),(559250,4,0,3),(559250,5,1,3),(559250,6,15,3),(559250,7,5,3),(559250,8,6,3),(559250,9,12,3),(559296,1,0,3),(559296,2,0,3),(559296,3,0,3),(559296,4,0,3),(559296,5,0,3),(559296,6,0,3),(559296,7,0,3),(559296,8,0,3),(559296,9,0,3),(559373,1,26,3),(559373,2,11,3),(559373,3,14,3),(559373,4,0,3),(559373,5,11,3),(559373,6,15,3),(559373,7,15,3),(559373,8,13,3),(559373,9,0,3),(559376,1,0,3),(559376,2,0,3),(559376,3,0,3),(559376,4,0,3),(559376,5,0,3),(559376,6,0,3),(559376,7,0,3),(559376,8,0,3),(559376,9,0,3),(559551,1,0,3),(559551,2,0,3),(559551,3,0,3),(559551,4,0,3),(559551,5,0,3),(559551,6,0,3),(559551,7,0,3),(559551,8,0,3),(559551,9,0,3),(559554,1,7,3),(559554,2,11,3),(559554,3,4,3),(559554,4,15,3),(559554,5,5,3),(559554,6,7,3),(559554,7,0,3),(559554,8,5,3),(559554,9,16,3),(559572,1,0,3),(559572,2,0,3),(559572,3,0,3),(559572,4,0,3),(559572,5,0,3),(559572,6,0,3),(559572,7,0,3),(559572,8,0,3),(559572,9,0,3),(559606,1,0,3),(559606,2,0,3),(559606,3,3,3),(559606,4,1,3),(559606,5,0,3),(559606,6,0,3),(559606,7,0,3),(559606,8,0,3),(559606,9,0,3),(559624,1,2,3),(559624,2,0,3),(559624,3,0,3),(559624,4,0,3),(559624,5,0,3),(559624,6,0,3),(559624,7,7,3),(559624,8,4,3),(559624,9,5,3),(559687,1,18,3),(559687,2,7,3),(559687,3,0,3),(559687,4,5,3),(559687,5,12,3),(559687,6,0,3),(559687,7,9,3),(559687,8,15,3),(559687,9,20,3),(559743,1,20,3),(559743,2,6,3),(559743,3,0,3),(559743,4,0,3),(559743,5,0,3),(559743,6,0,3),(559743,7,0,3),(559743,8,0,3),(559743,9,0,3),(559806,1,0,3),(559806,2,0,3),(559806,3,0,3),(559806,4,0,3),(559806,5,0,3),(559806,6,0,3),(559806,7,0,3),(559806,8,0,3),(559806,9,0,3),(559816,1,2,3),(559816,2,0,3),(559816,3,0,3),(559816,4,0,3),(559816,5,0,3),(559816,6,1,3),(559816,7,0,3),(559816,8,6,3),(559816,9,1,3),(561585,1,4,3),(561585,2,9,3),(561585,3,1,3),(561585,4,0,3),(561585,5,0,3),(561585,6,0,3),(561585,7,0,3),(561585,8,0,3),(561585,9,0,3),(561597,1,0,3),(561597,2,3,3),(561597,3,9,3),(561597,4,1,3),(561597,5,0,3),(561597,6,0,3),(561597,7,0,3),(561597,8,0,3),(561597,9,0,3),(561619,1,4,3),(561619,2,4,3),(561619,3,8,3),(561619,4,12,3),(561619,5,4,3),(561619,6,4,3),(561619,7,0,3),(561619,8,2,3),(561619,9,6,3),(561926,1,0,3),(561926,2,0,3),(561926,3,0,3),(561926,4,0,3),(561926,5,15,3),(561926,6,1,3),(561926,7,0,3),(561926,8,0,3),(561926,9,0,3),(563070,1,3,3),(563070,2,0,3),(563070,3,1,3),(563070,4,1,3),(563070,5,0,3),(563070,6,1,3),(563070,7,0,3),(563070,8,5,3),(563070,9,0,3),(563138,1,0,3),(563138,2,0,3),(563138,3,0,3),(563138,4,0,3),(563138,5,0,3),(563138,6,0,3),(563138,7,0,3),(563138,8,0,3),(563138,9,0,3),(563214,1,0,3),(563214,2,0,3),(563214,3,0,3),(563214,4,0,3),(563214,5,0,3),(563214,6,0,3),(563214,7,0,3),(563214,8,0,3),(563214,9,0,3),(563223,1,0,3),(563223,2,13,3),(563223,3,0,3),(563223,4,0,3),(563223,5,0,3),(563223,6,1,3),(563223,7,0,3),(563223,8,0,3),(563223,9,1,3),(563622,1,5,3),(563622,2,11,3),(563622,3,4,3),(563622,4,31,3),(563622,5,5,3),(563622,6,0,3),(563622,7,0,3),(563622,8,4,3),(563622,9,10,3),(563628,1,0,3),(563628,2,0,3),(563628,3,0,3),(563628,4,0,3),(563628,5,0,3),(563628,6,0,3),(563628,7,0,3),(563628,8,0,3),(563628,9,0,3),(563723,1,0,3),(563723,2,0,3),(563723,3,0,3),(563723,4,3,3),(563723,5,0,3),(563723,6,6,3),(563723,7,9,3),(563723,8,2,3),(563723,9,1,3),(563773,1,0,3),(563773,2,0,3),(563773,3,0,3),(563773,4,0,3),(563773,5,0,3),(563773,6,0,3),(563773,7,0,3),(563773,8,0,3),(563773,9,0,3),(563784,1,0,3),(563784,2,0,3),(563784,3,0,3),(563784,4,0,3),(563784,5,0,3),(563784,6,0,3),(563784,7,0,3),(563784,8,0,3),(563784,9,0,3),(563866,1,0,3),(563866,2,0,3),(563866,3,0,3),(563866,4,0,3),(563866,5,0,3),(563866,6,0,3),(563866,7,0,3),(563866,8,0,3),(563866,9,0,3),(563875,1,0,3),(563875,2,0,3),(563875,3,0,3),(563875,4,0,3),(563875,5,0,3),(563875,6,0,3),(563875,7,0,3),(563875,8,0,3),(563875,9,0,3),(563967,1,0,3),(563967,2,0,3),(563967,3,0,3),(563967,4,0,3),(563967,5,0,3),(563967,6,0,3),(563967,7,0,3),(563967,8,0,3),(563967,9,0,3),(564165,1,6,3),(564165,2,0,3),(564165,3,0,3),(564165,4,0,3),(564165,5,0,3),(564165,6,0,3),(564165,7,4,3),(564165,8,0,3),(564165,9,0,3),(564881,1,4,3),(564881,2,4,3),(564881,3,7,3),(564881,4,0,3),(564881,5,0,3),(564881,6,2,3),(564881,7,8,3),(564881,8,9,3),(564881,9,7,3),(564943,1,5,3),(564943,2,3,3),(564943,3,3,3),(564943,4,0,3),(564943,5,2,3),(564943,6,4,3),(564943,7,4,3),(564943,8,5,3),(564943,9,8,3),(564952,1,8,3),(564952,2,1,3),(564952,3,34,3),(564952,4,18,3),(564952,5,16,3),(564952,6,4,3),(564952,7,0,3),(564952,8,0,3),(564952,9,5,3),(564954,1,10,3),(564954,2,13,3),(564954,3,13,3),(564954,4,0,3),(564954,5,3,3),(564954,6,0,3),(564954,7,7,3),(564954,8,2,3),(564954,9,4,3),(565116,1,0,3),(565116,2,0,3),(565116,3,0,3),(565116,4,0,3),(565116,5,0,3),(565116,6,0,3),(565116,7,0,3),(565116,8,0,3),(565116,9,0,3),(565125,1,0,3),(565125,2,0,3),(565125,3,0,3),(565125,4,0,3),(565125,5,0,3),(565125,6,0,3),(565125,7,0,3),(565125,8,0,3),(565125,9,0,3),(565146,1,0,3),(565146,2,0,3),(565146,3,0,3),(565146,4,0,3),(565146,5,0,3),(565146,6,0,3),(565146,7,0,3),(565146,8,0,3),(565146,9,0,3),(565185,1,0,3),(565185,2,0,3),(565185,3,0,3),(565185,4,0,3),(565185,5,0,3),(565185,6,0,3),(565185,7,0,3),(565185,8,0,3),(565185,9,0,3),(565190,1,0,3),(565190,2,1,3),(565190,3,3,3),(565190,4,0,3),(565190,5,0,3),(565190,6,2,3),(565190,7,3,3),(565190,8,0,3),(565190,9,7,3),(565222,1,2,3),(565222,2,4,3),(565222,3,5,3),(565222,4,6,3),(565222,5,8,3),(565222,6,7,3),(565222,7,0,3),(565222,8,2,3),(565222,9,0,3),(565631,1,2,3),(565631,2,2,3),(565631,3,0,3),(565631,4,0,3),(565631,5,1,3),(565631,6,0,3),(565631,7,0,3),(565631,8,0,3),(565631,9,1,3),(565639,1,0,3),(565639,2,0,3),(565639,3,0,3),(565639,4,0,3),(565639,5,0,3),(565639,6,0,3),(565639,7,0,3),(565639,8,0,3),(565639,9,0,3),(565654,1,0,3),(565654,2,12,3),(565654,3,0,3),(565654,4,4,3),(565654,5,2,3),(565654,6,0,3),(565654,7,4,3),(565654,8,7,3),(565654,9,5,3),(565727,1,0,3),(565727,2,0,3),(565727,3,0,3),(565727,4,0,3),(565727,5,0,3),(565727,6,0,3),(565727,7,0,3),(565727,8,0,3),(565727,9,0,3),(565738,1,0,3),(565738,2,0,3),(565738,3,0,3),(565738,4,5,3),(565738,5,8,3),(565738,6,0,3),(565738,7,0,3),(565738,8,0,3),(565738,9,0,3),(565739,1,0,3),(565739,2,0,3),(565739,3,0,3),(565739,4,0,3),(565739,5,0,3),(565739,6,0,3),(565739,7,0,3),(565739,8,0,3),(565739,9,0,3),(565747,1,0,3),(565747,2,0,3),(565747,3,0,3),(565747,4,1,3),(565747,5,1,3),(565747,6,0,3),(565747,7,0,3),(565747,8,0,3),(565747,9,0,3),(565750,1,15,3),(565750,2,2,3),(565750,3,4,3),(565750,4,3,3),(565750,5,3,3),(565750,6,34,3),(565750,7,14,3),(565750,8,9,3),(565750,9,0,3),(565752,1,0,3),(565752,2,0,3),(565752,3,0,3),(565752,4,0,3),(565752,5,0,3),(565752,6,0,3),(565752,7,0,3),(565752,8,0,3),(565752,9,0,3),(565753,1,0,3),(565753,2,0,3),(565753,3,0,3),(565753,4,0,3),(565753,5,0,3),(565753,6,0,3),(565753,7,0,3),(565753,8,0,3),(565753,9,0,3),(565754,1,0,3),(565754,2,0,3),(565754,3,0,3),(565754,4,0,3),(565754,5,0,3),(565754,6,0,3),(565754,7,0,3),(565754,8,0,3),(565754,9,0,3),(565774,1,0,3),(565774,2,0,3),(565774,3,0,3),(565774,4,0,3),(565774,5,0,3),(565774,6,0,3),(565774,7,0,3),(565774,8,0,3),(565774,9,0,3),(565792,1,0,3),(565792,2,1,3),(565792,3,0,3),(565792,4,0,3),(565792,5,1,3),(565792,6,0,3),(565792,7,1,3),(565792,8,1,3),(565792,9,0,3),(565793,1,5,3),(565793,2,2,3),(565793,3,1,3),(565793,4,0,3),(565793,5,0,3),(565793,6,0,3),(565793,7,2,3),(565793,8,4,3),(565793,9,2,3),(565804,1,0,3),(565804,2,2,3),(565804,3,2,3),(565804,4,1,3),(565804,5,0,3),(565804,6,16,3),(565804,7,7,3),(565804,8,5,3),(565804,9,10,3),(565805,1,11,3),(565805,2,3,3),(565805,3,17,3),(565805,4,3,3),(565805,5,0,3),(565805,6,13,3),(565805,7,7,3),(565805,8,13,3),(565805,9,1,3),(567078,1,0,3),(567078,2,0,3),(567078,3,0,3),(567078,4,0,3),(567078,5,0,3),(567078,6,0,3),(567078,7,0,3),(567078,8,0,3),(567078,9,0,3),(567373,1,0,3),(567373,2,0,3),(567373,3,0,3),(567373,4,0,3),(567373,5,0,3),(567373,6,11,3),(567373,7,2,3),(567373,8,0,3),(567373,9,0,3),(582146,1,0,3),(582146,2,0,3),(582146,3,0,3),(582146,4,0,3),(582146,5,0,3),(582146,6,0,3),(582146,7,0,3),(582146,8,0,3),(582146,9,0,3),(583087,1,16,3),(583087,2,0,3),(583087,3,0,3),(583087,4,2,3),(583087,5,2,3),(583087,6,0,3),(583087,7,0,3),(583087,8,0,3),(583087,9,0,3),(583487,1,0,3),(583487,2,0,3),(583487,3,0,3),(583487,4,0,3),(583487,5,0,3),(583487,6,0,3),(583487,7,0,3),(583487,8,0,3),(583487,9,0,3),(584290,1,5,3),(584290,2,5,3),(584290,3,13,3),(584290,4,13,3),(584290,5,8,3),(584290,6,15,3),(584290,7,0,3),(584290,8,16,3),(584290,9,21,3),(584314,1,6,3),(584314,2,2,3),(584314,3,13,3),(584314,4,3,3),(584314,5,9,3),(584314,6,5,3),(584314,7,3,3),(584314,8,4,3),(584314,9,-2,3),(584399,1,0,3),(584399,2,16,3),(584399,3,24,3),(584399,4,1,3),(584399,5,0,3),(584399,6,0,3),(584399,7,8,3),(584399,8,8,3),(584399,9,8,3),(584448,1,0,3),(584448,2,0,3),(584448,3,0,3),(584448,4,0,3),(584448,5,0,3),(584448,6,10,3),(584448,7,0,3),(584448,8,3,3),(584448,9,0,3),(584459,1,0,3),(584459,2,0,3),(584459,3,0,3),(584459,4,0,3),(584459,5,0,3),(584459,6,0,3),(584459,7,0,3),(584459,8,0,3),(584459,9,0,3),(584640,1,10,3),(584640,2,0,3),(584640,3,6,3),(584640,4,5,3),(584640,5,1,3),(584640,6,1,3),(584640,7,3,3),(584640,8,2,3),(584640,9,0,3),(584648,1,0,3),(584648,2,0,3),(584648,3,0,3),(584648,4,0,3),(584648,5,0,3),(584648,6,0,3),(584648,7,0,3),(584648,8,0,3),(584648,9,0,3),(1102778,1,0,3),(1102778,2,0,3),(1102778,3,0,3),(1102778,4,0,3),(1102778,5,0,3),(1102778,6,0,3),(1102778,7,0,3),(1102778,8,0,3),(1102778,9,0,3),(1102782,1,1,3),(1102782,2,0,3),(1102782,3,0,3),(1102782,4,5,3),(1102782,5,2,3),(1102782,6,12,3),(1102782,7,17,3),(1102782,8,0,3),(1102782,9,3,3),(1107218,1,0,3),(1107218,2,0,3),(1107218,3,0,3),(1107218,4,0,3),(1107218,5,0,3),(1107218,6,0,3),(1107218,7,0,3),(1107218,8,0,3),(1107218,9,0,3),(1109396,1,0,3),(1109396,2,0,3),(1109396,3,0,3),(1109396,4,3,3),(1109396,5,0,3),(1109396,6,0,3),(1109396,7,7,3),(1109396,8,3,3),(1109396,9,0,3),(1109761,1,0,3),(1109761,2,0,3),(1109761,3,0,3),(1109761,4,0,3),(1109761,5,0,3),(1109761,6,0,3),(1109761,7,0,3),(1109761,8,0,3),(1109761,9,0,3),(1109832,1,5,3),(1109832,2,3,3),(1109832,3,13,3),(1109832,4,15,3),(1109832,5,3,3),(1109832,6,5,3),(1109832,7,0,3),(1109832,8,10,3),(1109832,9,7,3),(1109853,1,0,3),(1109853,2,0,3),(1109853,3,0,3),(1109853,4,0,3),(1109853,5,0,3),(1109853,6,0,3),(1109853,7,0,3),(1109853,8,0,3),(1109853,9,0,3),(1113490,1,0,3),(1113490,2,0,3),(1113490,3,0,3),(1113490,4,0,3),(1113490,5,0,3),(1113490,6,0,3),(1113490,7,0,3),(1113490,8,0,3),(1113490,9,0,3),(1113502,1,0,3),(1113502,2,0,3),(1113502,3,0,3),(1113502,4,0,3),(1113502,5,0,3),(1113502,6,0,3),(1113502,7,0,3),(1113502,8,0,3),(1113502,9,0,3),(1113505,1,0,3),(1113505,2,0,3),(1113505,3,1,3),(1113505,4,0,3),(1113505,5,11,3),(1113505,6,4,3),(1113505,7,1,3),(1113505,8,0,3),(1113505,9,0,3),(1113529,1,2,3),(1113529,2,21,3),(1113529,3,0,3),(1113529,4,1,3),(1113529,5,0,3),(1113529,6,1,3),(1113529,7,4,3),(1113529,8,0,3),(1113529,9,0,3),(1114035,1,0,3),(1114035,2,0,3),(1114035,3,0,3),(1114035,4,0,3),(1114035,5,0,3),(1114035,6,0,3),(1114035,7,0,3),(1114035,8,0,3),(1114035,9,0,3),(1114232,1,1,3),(1114232,2,0,3),(1114232,3,0,3),(1114232,4,0,3),(1114232,5,0,3),(1114232,6,0,3),(1114232,7,0,3),(1114232,8,0,3),(1114232,9,0,3),(1114237,1,0,3),(1114237,2,0,3),(1114237,3,0,3),(1114237,4,0,3),(1114237,5,0,3),(1114237,6,0,3),(1114237,7,0,3),(1114237,8,0,3),(1114237,9,0,3),(1114251,1,0,3),(1114251,2,0,3),(1114251,3,0,3),(1114251,4,0,3),(1114251,5,0,3),(1114251,6,0,3),(1114251,7,0,3),(1114251,8,0,3),(1114251,9,0,3),(1114348,1,0,3),(1114348,2,0,3),(1114348,3,0,3),(1114348,4,0,3),(1114348,5,0,3),(1114348,6,0,3),(1114348,7,0,3),(1114348,8,0,3),(1114348,9,0,3),(1114549,1,0,3),(1114549,2,0,3),(1114549,3,0,3),(1114549,4,0,3),(1114549,5,0,3),(1114549,6,0,3),(1114549,7,0,3),(1114549,8,0,3),(1114549,9,9,3),(1114590,1,0,3),(1114590,2,0,3),(1114590,3,0,3),(1114590,4,0,3),(1114590,5,0,3),(1114590,6,1,3),(1114590,7,0,3),(1114590,8,0,3),(1114590,9,0,3),(1114598,1,10,3),(1114598,2,11,3),(1114598,3,8,3),(1114598,4,3,3),(1114598,5,22,3),(1114598,6,13,3),(1114598,7,10,3),(1114598,8,15,3),(1114598,9,1,3),(1114610,1,13,3),(1114610,2,12,3),(1114610,3,10,3),(1114610,4,11,3),(1114610,5,0,3),(1114610,6,3,3),(1114610,7,13,3),(1114610,8,13,3),(1114610,9,7,3),(1114680,1,1,3),(1114680,2,2,3),(1114680,3,0,3),(1114680,4,0,3),(1114680,5,1,3),(1114680,6,0,3),(1114680,7,1,3),(1114680,8,0,3),(1114680,9,0,3),(1114912,1,0,3),(1114912,2,0,3),(1114912,3,0,3),(1114912,4,0,3),(1114912,5,0,3),(1114912,6,0,3),(1114912,7,0,3),(1114912,8,0,3),(1114912,9,0,3),(1114939,1,7,3),(1114939,2,-1,3),(1114939,3,0,3),(1114939,4,0,3),(1114939,5,0,3),(1114939,6,0,3),(1114939,7,0,3),(1114939,8,0,3),(1114939,9,0,3),(1114942,1,14,3),(1114942,2,14,3),(1114942,3,20,3),(1114942,4,19,3),(1114942,5,0,3),(1114942,6,22,3),(1114942,7,16,3),(1114942,8,37,3),(1114942,9,11,3),(1114965,1,17,3),(1114965,2,13,3),(1114965,3,1,3),(1114965,4,8,3),(1114965,5,16,3),(1114965,6,9,3),(1114965,7,0,3),(1114965,8,19,3),(1114965,9,7,3),(1114980,1,0,3),(1114980,2,0,3),(1114980,3,0,3),(1114980,4,0,3),(1114980,5,0,3),(1114980,6,0,3),(1114980,7,0,3),(1114980,8,0,3),(1114980,9,1,3),(1114988,1,0,3),(1114988,2,0,3),(1114988,3,0,3),(1114988,4,3,3),(1114988,5,0,3),(1114988,6,0,3),(1114988,7,0,3),(1114988,8,0,3),(1114988,9,1,3),(1115016,1,0,3),(1115016,2,0,3),(1115016,3,5,3),(1115016,4,0,3),(1115016,5,2,3),(1115016,6,12,3),(1115016,7,3,3),(1115016,8,3,3),(1115016,9,6,3),(1115023,1,0,3),(1115023,2,0,3),(1115023,3,0,3),(1115023,4,0,3),(1115023,5,0,3),(1115023,6,0,3),(1115023,7,0,3),(1115023,8,0,3),(1115023,9,0,3),(1115064,1,7,3),(1115064,2,11,3),(1115064,3,3,3),(1115064,4,11,3),(1115064,5,0,3),(1115064,6,17,3),(1115064,7,3,3),(1115064,8,12,3),(1115064,9,12,3),(1115066,1,0,3),(1115066,2,0,3),(1115066,3,0,3),(1115066,4,0,3),(1115066,5,0,3),(1115066,6,1,3),(1115066,7,4,3),(1115066,8,6,3),(1115066,9,3,3),(1115107,1,3,3),(1115107,2,1,3),(1115107,3,2,3),(1115107,4,1,3),(1115107,5,11,3),(1115107,6,0,3),(1115107,7,0,3),(1115107,8,0,3),(1115107,9,0,3),(1115114,1,0,3),(1115114,2,0,3),(1115114,3,0,3),(1115114,4,0,3),(1115114,5,0,3),(1115114,6,0,3),(1115114,7,0,3),(1115114,8,1,3),(1115114,9,0,3),(1116328,1,11,3),(1116328,2,11,3),(1116328,3,1,3),(1116328,4,2,3),(1116328,5,3,3),(1116328,6,9,3),(1116328,7,6,3),(1116328,8,4,3),(1116328,9,0,3),(1116454,1,0,3),(1116454,2,0,3),(1116454,3,0,3),(1116454,4,0,3),(1116454,5,0,3),(1116454,6,0,3),(1116454,7,0,3),(1116454,8,0,3),(1116454,9,0,3),(1116464,1,0,3),(1116464,2,0,3),(1116464,3,0,3),(1116464,4,1,3),(1116464,5,8,3),(1116464,6,0,3),(1116464,7,0,3),(1116464,8,0,3),(1116464,9,0,3),(1116555,1,0,3),(1116555,2,0,3),(1116555,3,0,3),(1116555,4,0,3),(1116555,5,0,3),(1116555,6,0,3),(1116555,7,0,3),(1116555,8,0,3),(1116555,9,0,3),(1116559,1,8,3),(1116559,2,19,3),(1116559,3,28,3),(1116559,4,4,3),(1116559,5,21,3),(1116559,6,23,3),(1116559,7,4,3),(1116559,8,15,3),(1116559,9,2,3),(1116606,1,0,3),(1116606,2,0,3),(1116606,3,0,3),(1116606,4,-2,3),(1116606,5,0,3),(1116606,6,0,3),(1116606,7,0,3),(1116606,8,0,3),(1116606,9,0,3),(1116614,1,0,3),(1116614,2,0,3),(1116614,3,0,3),(1116614,4,0,3),(1116614,5,0,3),(1116614,6,0,3),(1116614,7,0,3),(1116614,8,0,3),(1116614,9,0,3),(1116854,1,0,3),(1116854,2,0,3),(1116854,3,0,3),(1116854,4,0,3),(1116854,5,0,3),(1116854,6,0,3),(1116854,7,0,3),(1116854,8,0,3),(1116854,9,0,3),(1116870,1,0,3),(1116870,2,0,3),(1116870,3,0,3),(1116870,4,0,3),(1116870,5,0,3),(1116870,6,0,3),(1116870,7,0,3),(1116870,8,0,3),(1116870,9,0,3),(1116922,1,11,3),(1116922,2,11,3),(1116922,3,12,3),(1116922,4,2,3),(1116922,5,3,3),(1116922,6,8,3),(1116922,7,13,3),(1116922,8,0,3),(1116922,9,2,3),(1116949,1,0,3),(1116949,2,0,3),(1116949,3,0,3),(1116949,4,0,3),(1116949,5,1,3),(1116949,6,0,3),(1116949,7,0,3),(1116949,8,0,3),(1116949,9,0,3),(1116969,1,0,3),(1116969,2,0,3),(1116969,3,0,3),(1116969,4,0,3),(1116969,5,0,3),(1116969,6,0,3),(1116969,7,0,3),(1116969,8,0,3),(1116969,9,0,3),(1117305,1,0,3),(1117305,2,0,3),(1117305,3,0,3),(1117305,4,0,3),(1117305,5,0,3),(1117305,6,0,3),(1117305,7,0,3),(1117305,8,0,3),(1117305,9,0,3),(1117306,1,0,3),(1117306,2,0,3),(1117306,3,0,3),(1117306,4,0,3),(1117306,5,0,3),(1117306,6,0,3),(1117306,7,0,3),(1117306,8,0,3),(1117306,9,0,3),(1117312,1,0,3),(1117312,2,0,3),(1117312,3,0,3),(1117312,4,1,3),(1117312,5,0,3),(1117312,6,0,3),(1117312,7,0,3),(1117312,8,0,3),(1117312,9,0,3),(1117363,1,0,3),(1117363,2,0,3),(1117363,3,0,3),(1117363,4,0,3),(1117363,5,0,3),(1117363,6,0,3),(1117363,7,0,3),(1117363,8,0,3),(1117363,9,0,3),(1117379,1,9,3),(1117379,2,7,3),(1117379,3,4,3),(1117379,4,2,3),(1117379,5,4,3),(1117379,6,2,3),(1117379,7,0,3),(1117379,8,0,3),(1117379,9,8,3),(1117392,1,3,3),(1117392,2,25,3),(1117392,3,0,3),(1117392,4,0,3),(1117392,5,0,3),(1117392,6,4,3),(1117392,7,5,3),(1117392,8,4,3),(1117392,9,1,3),(1117402,1,0,3),(1117402,2,1,3),(1117402,3,1,3),(1117402,4,0,3),(1117402,5,0,3),(1117402,6,0,3),(1117402,7,0,3),(1117402,8,0,3),(1117402,9,0,3),(1117431,1,0,3),(1117431,2,0,3),(1117431,3,0,3),(1117431,4,0,3),(1117431,5,0,3),(1117431,6,0,3),(1117431,7,0,3),(1117431,8,0,3),(1117431,9,0,3),(1117438,1,23,3),(1117438,2,2,3),(1117438,3,5,3),(1117438,4,2,3),(1117438,5,0,3),(1117438,6,0,3),(1117438,7,2,3),(1117438,8,0,3),(1117438,9,15,3),(1117442,1,0,3),(1117442,2,1,3),(1117442,3,0,3),(1117442,4,0,3),(1117442,5,0,3),(1117442,6,1,3),(1117442,7,0,3),(1117442,8,7,3),(1117442,9,0,3),(1117478,1,0,3),(1117478,2,0,3),(1117478,3,0,3),(1117478,4,0,3),(1117478,5,0,3),(1117478,6,0,3),(1117478,7,0,3),(1117478,8,0,3),(1117478,9,0,3),(1117483,1,0,3),(1117483,2,0,3),(1117483,3,0,3),(1117483,4,0,3),(1117483,5,0,3),(1117483,6,0,3),(1117483,7,0,3),(1117483,8,0,3),(1117483,9,0,3),(1117497,1,0,3),(1117497,2,10,3),(1117497,3,0,3),(1117497,4,2,3),(1117497,5,0,3),(1117497,6,0,3),(1117497,7,0,3),(1117497,8,2,3),(1117497,9,0,3),(1117597,1,1,3),(1117597,2,6,3),(1117597,3,1,3),(1117597,4,0,3),(1117597,5,0,3),(1117597,6,0,3),(1117597,7,0,3),(1117597,8,0,3),(1117597,9,0,3),(1117603,1,0,3),(1117603,2,0,3),(1117603,3,0,3),(1117603,4,0,3),(1117603,5,0,3),(1117603,6,0,3),(1117603,7,0,3),(1117603,8,0,3),(1117603,9,0,3),(1117622,1,0,3),(1117622,2,0,3),(1117622,3,0,3),(1117622,4,0,3),(1117622,5,0,3),(1117622,6,0,3),(1117622,7,0,3),(1117622,8,0,3),(1117622,9,0,3),(1117625,1,1,3),(1117625,2,0,3),(1117625,3,3,3),(1117625,4,1,3),(1117625,5,0,3),(1117625,6,0,3),(1117625,7,0,3),(1117625,8,0,3),(1117625,9,9,3),(1117729,1,1,3),(1117729,2,2,3),(1117729,3,-1,3),(1117729,4,0,3),(1117729,5,4,3),(1117729,6,1,3),(1117729,7,0,3),(1117729,8,2,3),(1117729,9,1,3),(1117803,1,1,3),(1117803,2,2,3),(1117803,3,1,3),(1117803,4,2,3),(1117803,5,6,3),(1117803,6,4,3),(1117803,7,0,3),(1117803,8,3,3),(1117803,9,0,3),(1117814,1,0,3),(1117814,2,0,3),(1117814,3,0,3),(1117814,4,0,3),(1117814,5,0,3),(1117814,6,0,3),(1117814,7,0,3),(1117814,8,0,3),(1117814,9,0,3),(1117827,1,0,3),(1117827,2,0,3),(1117827,3,0,3),(1117827,4,0,3),(1117827,5,0,3),(1117827,6,0,3),(1117827,7,0,3),(1117827,8,0,3),(1117827,9,0,3),(1117835,1,0,3),(1117835,2,0,3),(1117835,3,0,3),(1117835,4,0,3),(1117835,5,0,3),(1117835,6,10,3),(1117835,7,11,3),(1117835,8,6,3),(1117835,9,7,3),(1117861,1,12,3),(1117861,2,12,3),(1117861,3,28,3),(1117861,4,0,3),(1117861,5,0,3),(1117861,6,0,3),(1117861,7,0,3),(1117861,8,0,3),(1117861,9,0,3),(1123282,1,12,3),(1123282,2,17,3),(1123282,3,8,3),(1123282,4,15,3),(1123282,5,0,3),(1123282,6,29,3),(1123282,7,35,3),(1123282,8,28,3),(1123282,9,21,3),(1123294,1,0,3),(1123294,2,0,3),(1123294,3,0,3),(1123294,4,0,3),(1123294,5,0,3),(1123294,6,0,3),(1123294,7,0,3),(1123294,8,0,3),(1123294,9,0,3),(1123307,1,0,3),(1123307,2,0,3),(1123307,3,0,3),(1123307,4,0,3),(1123307,5,0,3),(1123307,6,0,3),(1123307,7,0,3),(1123307,8,0,3),(1123307,9,6,3),(1123324,1,15,3),(1123324,2,8,3),(1123324,3,0,3),(1123324,4,0,3),(1123324,5,3,3),(1123324,6,19,3),(1123324,7,0,3),(1123324,8,3,3),(1123324,9,2,3),(1123426,1,0,3),(1123426,2,0,3),(1123426,3,0,3),(1123426,4,0,3),(1123426,5,0,3),(1123426,6,0,3),(1123426,7,0,3),(1123426,8,0,3),(1123426,9,0,3),(1123431,1,0,3),(1123431,2,0,3),(1123431,3,0,3),(1123431,4,0,3),(1123431,5,0,3),(1123431,6,1,3),(1123431,7,0,3),(1123431,8,0,3),(1123431,9,6,3),(1123488,1,0,3),(1123488,2,0,3),(1123488,3,0,3),(1123488,4,0,3),(1123488,5,0,3),(1123488,6,0,3),(1123488,7,0,3),(1123488,8,0,3),(1123488,9,0,3),(1123545,1,0,3),(1123545,2,0,3),(1123545,3,0,3),(1123545,4,0,3),(1123545,5,0,3),(1123545,6,0,3),(1123545,7,0,3),(1123545,8,0,3),(1123545,9,0,3),(1123581,1,1,3),(1123581,2,0,3),(1123581,3,0,3),(1123581,4,0,3),(1123581,5,0,3),(1123581,6,0,3),(1123581,7,0,3),(1123581,8,1,3),(1123581,9,0,3),(1123599,1,13,3),(1123599,2,29,3),(1123599,3,3,3),(1123599,4,6,3),(1123599,5,15,3),(1123599,6,23,3),(1123599,7,14,3),(1123599,8,12,3),(1123599,9,0,3),(1123667,1,3,3),(1123667,2,3,3),(1123667,3,12,3),(1123667,4,4,3),(1123667,5,6,3),(1123667,6,12,3),(1123667,7,1,3),(1123667,8,0,3),(1123667,9,10,3),(1123691,1,13,3),(1123691,2,7,3),(1123691,3,10,3),(1123691,4,7,3),(1123691,5,0,3),(1123691,6,9,3),(1123691,7,0,3),(1123691,8,0,3),(1123691,9,0,3),(1123712,1,0,3),(1123712,2,0,3),(1123712,3,0,3),(1123712,4,0,3),(1123712,5,0,3),(1123712,6,0,3),(1123712,7,0,3),(1123712,8,0,3),(1123712,9,0,3),(1125285,1,0,3),(1125285,2,0,3),(1125285,3,0,3),(1125285,4,0,3),(1125285,5,0,3),(1125285,6,0,3),(1125285,7,0,3),(1125285,8,0,3),(1125285,9,0,3),(1125381,1,0,3),(1125381,2,0,3),(1125381,3,1,3),(1125381,4,4,3),(1125381,5,4,3),(1125381,6,1,3),(1125381,7,5,3),(1125381,8,3,3),(1125381,9,5,3),(1125485,1,0,3),(1125485,2,0,3),(1125485,3,6,3),(1125485,4,0,3),(1125485,5,0,3),(1125485,6,0,3),(1125485,7,3,3),(1125485,8,0,3),(1125485,9,0,3),(1125838,1,7,3),(1125838,2,6,3),(1125838,3,4,3),(1125838,4,1,3),(1125838,5,17,3),(1125838,6,2,3),(1125838,7,3,3),(1125838,8,19,3),(1125838,9,0,3),(1125961,1,5,3),(1125961,2,28,3),(1125961,3,30,3),(1125961,4,25,3),(1125961,5,13,3),(1125961,6,25,3),(1125961,7,8,3),(1125961,8,0,3),(1125961,9,16,3),(1125986,1,0,3),(1125986,2,0,3),(1125986,3,0,3),(1125986,4,0,3),(1125986,5,0,3),(1125986,6,0,3),(1125986,7,0,3),(1125986,8,0,3),(1125986,9,0,3),(1127382,1,22,3),(1127382,2,28,3),(1127382,3,11,3),(1127382,4,1,3),(1127382,5,2,3),(1127382,6,16,3),(1127382,7,10,3),(1127382,8,0,3),(1127382,9,9,3),(1128770,1,0,3),(1128770,2,0,3),(1128770,3,0,3),(1128770,4,0,3),(1128770,5,0,3),(1128770,6,0,3),(1128770,7,0,3),(1128770,8,0,3),(1128770,9,0,3),(1128771,1,1,3),(1128771,2,14,3),(1128771,3,0,3),(1128771,4,2,3),(1128771,5,0,3),(1128771,6,8,3),(1128771,7,0,3),(1128771,8,2,3),(1128771,9,5,3),(1128947,1,0,3),(1128947,2,0,3),(1128947,3,0,3),(1128947,4,0,3),(1128947,5,0,3),(1128947,6,0,3),(1128947,7,0,3),(1128947,8,0,3),(1128947,9,0,3),(1130517,1,0,3),(1130517,2,0,3),(1130517,3,0,3),(1130517,4,0,3),(1130517,5,0,3),(1130517,6,0,3),(1130517,7,0,3),(1130517,8,0,3),(1130517,9,0,3),(1130556,1,0,3),(1130556,2,0,3),(1130556,3,1,3),(1130556,4,0,3),(1130556,5,0,3),(1130556,6,4,3),(1130556,7,0,3),(1130556,8,0,3),(1130556,9,0,3),(1130583,1,1,3),(1130583,2,0,3),(1130583,3,0,3),(1130583,4,11,3),(1130583,5,7,3),(1130583,6,3,3),(1130583,7,0,3),(1130583,8,0,3),(1130583,9,0,3),(1130591,1,0,3),(1130591,2,0,3),(1130591,3,0,3),(1130591,4,0,3),(1130591,5,0,3),(1130591,6,0,3),(1130591,7,0,3),(1130591,8,0,3),(1130591,9,0,3),(1130615,1,0,3),(1130615,2,0,3),(1130615,3,0,3),(1130615,4,0,3),(1130615,5,0,3),(1130615,6,0,3),(1130615,7,0,3),(1130615,8,4,3),(1130615,9,0,3),(1133543,1,0,3),(1133543,2,0,3),(1133543,3,0,3),(1133543,4,0,3),(1133543,5,0,3),(1133543,6,0,3),(1133543,7,0,3),(1133543,8,0,3),(1133543,9,0,3),(1133695,1,0,3),(1133695,2,0,3),(1133695,3,0,3),(1133695,4,0,3),(1133695,5,0,3),(1133695,6,0,3),(1133695,7,0,3),(1133695,8,0,3),(1133695,9,0,3),(1137118,1,0,3),(1137118,2,0,3),(1137118,3,0,3),(1137118,4,0,3),(1137118,5,0,3),(1137118,6,0,3),(1137118,7,0,3),(1137118,8,0,3),(1137118,9,0,3),(1137247,1,0,3),(1137247,2,8,3),(1137247,3,2,3),(1137247,4,6,3),(1137247,5,2,3),(1137247,6,0,3),(1137247,7,0,3),(1137247,8,7,3),(1137247,9,0,3),(1137306,1,0,3),(1137306,2,0,3),(1137306,3,0,3),(1137306,4,0,3),(1137306,5,0,3),(1137306,6,0,3),(1137306,7,0,3),(1137306,8,0,3),(1137306,9,0,3),(1137316,1,0,3),(1137316,2,0,3),(1137316,3,0,3),(1137316,4,0,3),(1137316,5,0,3),(1137316,6,0,3),(1137316,7,0,3),(1137316,8,0,3),(1137316,9,0,3),(1137327,1,0,3),(1137327,2,0,3),(1137327,3,0,3),(1137327,4,0,3),(1137327,5,0,3),(1137327,6,0,3),(1137327,7,0,3),(1137327,8,0,3),(1137327,9,0,3),(1137425,1,0,3),(1137425,2,0,3),(1137425,3,0,3),(1137425,4,0,3),(1137425,5,0,3),(1137425,6,0,3),(1137425,7,0,3),(1137425,8,0,3),(1137425,9,0,3),(1137461,1,8,3),(1137461,2,3,3),(1137461,3,0,3),(1137461,4,0,3),(1137461,5,0,3),(1137461,6,3,3),(1137461,7,0,3),(1137461,8,12,3),(1137461,9,0,3),(1206816,1,9,3),(1206816,2,2,3),(1206816,3,0,3),(1206816,4,0,3),(1206816,5,0,3),(1206816,6,0,3),(1206816,7,0,3),(1206816,8,0,3),(1206816,9,0,3),(1220258,1,4,3),(1220258,2,8,3),(1220258,3,8,3),(1220258,4,1,3),(1220258,5,0,3),(1220258,6,1,3),(1220258,7,1,3),(1220258,8,0,3),(1220258,9,0,3),(1221952,1,1,3),(1221952,2,0,3),(1221952,3,1,3),(1221952,4,1,3),(1221952,5,0,3),(1221952,6,1,3),(1221952,7,0,3),(1221952,8,0,3),(1221952,9,1,3),(1221953,1,0,3),(1221953,2,0,3),(1221953,3,0,3),(1221953,4,0,3),(1221953,5,0,3),(1221953,6,0,3),(1221953,7,0,3),(1221953,8,0,3),(1221953,9,0,3),(1226106,1,0,3),(1226106,2,0,3),(1226106,3,0,3),(1226106,4,0,3),(1226106,5,0,3),(1226106,6,0,3),(1226106,7,0,3),(1226106,8,0,3),(1226106,9,0,3),(1226208,1,0,3),(1226208,2,0,3),(1226208,3,0,3),(1226208,4,0,3),(1226208,5,0,3),(1226208,6,0,3),(1226208,7,0,3),(1226208,8,0,3),(1226208,9,0,3),(1226278,1,0,3),(1226278,2,0,3),(1226278,3,0,3),(1226278,4,0,3),(1226278,5,0,3),(1226278,6,0,3),(1226278,7,0,3),(1226278,8,11,3),(1226278,9,0,3),(1226300,1,0,3),(1226300,2,0,3),(1226300,3,0,3),(1226300,4,0,3),(1226300,5,0,3),(1226300,6,0,3),(1226300,7,0,3),(1226300,8,0,3),(1226300,9,0,3),(1226313,1,0,3),(1226313,2,0,3),(1226313,3,0,3),(1226313,4,0,3),(1226313,5,0,3),(1226313,6,0,3),(1226313,7,0,3),(1226313,8,0,3),(1226313,9,0,3),(1226331,1,0,3),(1226331,2,0,3),(1226331,3,0,3),(1226331,4,0,3),(1226331,5,0,3),(1226331,6,0,3),(1226331,7,0,3),(1226331,8,0,3),(1226331,9,0,3),(1226334,1,0,3),(1226334,2,0,3),(1226334,3,0,3),(1226334,4,0,3),(1226334,5,0,3),(1226334,6,0,3),(1226334,7,0,3),(1226334,8,0,3),(1226334,9,0,3),(1226369,1,2,3),(1226369,2,14,3),(1226369,3,6,3),(1226369,4,1,3),(1226369,5,7,3),(1226369,6,0,3),(1226369,7,9,3),(1226369,8,4,3),(1226369,9,6,3),(1226400,1,1,3),(1226400,2,1,3),(1226400,3,0,3),(1226400,4,0,3),(1226400,5,0,3),(1226400,6,0,3),(1226400,7,0,3),(1226400,8,0,3),(1226400,9,0,3),(1233762,1,0,3),(1233762,2,0,3),(1233762,3,0,3),(1233762,4,0,3),(1233762,5,0,3),(1233762,6,0,3),(1233762,7,0,3),(1233762,8,0,3),(1233762,9,0,3),(1242895,1,5,3),(1242895,2,3,3),(1242895,3,-2,3),(1242895,4,0,3),(1242895,5,0,3),(1242895,6,0,3),(1242895,7,12,3),(1242895,8,10,3),(1242895,9,0,3),(1242959,1,0,3),(1242959,2,0,3),(1242959,3,0,3),(1242959,4,0,3),(1242959,5,0,3),(1242959,6,0,3),(1242959,7,0,3),(1242959,8,0,3),(1242959,9,0,3),(1242961,1,6,3),(1242961,2,5,3),(1242961,3,24,3),(1242961,4,15,3),(1242961,5,3,3),(1242961,6,8,3),(1242961,7,4,3),(1242961,8,0,3),(1242961,9,10,3),(1242996,1,0,3),(1242996,2,0,3),(1242996,3,0,3),(1242996,4,0,3),(1242996,5,0,3),(1242996,6,0,3),(1242996,7,0,3),(1242996,8,0,3),(1242996,9,0,3),(1242997,1,0,3),(1242997,2,11,3),(1242997,3,1,3),(1242997,4,7,3),(1242997,5,0,3),(1242997,6,1,3),(1242997,7,11,3),(1242997,8,2,3),(1242997,9,5,3),(1243006,1,0,3),(1243006,2,0,3),(1243006,3,0,3),(1243006,4,0,3),(1243006,5,0,3),(1243006,6,0,3),(1243006,7,0,3),(1243006,8,0,3),(1243006,9,0,3),(1243179,1,0,3),(1243179,2,0,3),(1243179,3,1,3),(1243179,4,0,3),(1243179,5,0,3),(1243179,6,0,3),(1243179,7,0,3),(1243179,8,0,3),(1243179,9,0,3),(1243187,1,11,3),(1243187,2,12,3),(1243187,3,7,3),(1243187,4,13,3),(1243187,5,13,3),(1243187,6,10,3),(1243187,7,0,3),(1243187,8,18,3),(1243187,9,12,3),(1243206,1,20,3),(1243206,2,14,3),(1243206,3,20,3),(1243206,4,8,3),(1243206,5,11,3),(1243206,6,22,3),(1243206,7,5,3),(1243206,8,0,3),(1243206,9,15,3),(1243240,1,0,3),(1243240,2,0,3),(1243240,3,0,3),(1243240,4,0,3),(1243240,5,0,3),(1243240,6,0,3),(1243240,7,0,3),(1243240,8,0,3),(1243240,9,0,3),(1243255,1,0,3),(1243255,2,0,3),(1243255,3,0,3),(1243255,4,0,3),(1243255,5,0,3),(1243255,6,0,3),(1243255,7,0,3),(1243255,8,0,3),(1243255,9,0,3),(1243307,1,0,3),(1243307,2,0,3),(1243307,3,0,3),(1243307,4,0,3),(1243307,5,0,3),(1243307,6,0,3),(1243307,7,0,3),(1243307,8,0,3),(1243307,9,0,3),(1243312,1,0,3),(1243312,2,0,3),(1243312,3,0,3),(1243312,4,0,3),(1243312,5,0,3),(1243312,6,0,3),(1243312,7,0,3),(1243312,8,0,3),(1243312,9,0,3),(1243338,1,1,3),(1243338,2,0,3),(1243338,3,0,3),(1243338,4,0,3),(1243338,5,0,3),(1243338,6,0,3),(1243338,7,0,3),(1243338,8,0,3),(1243338,9,0,3),(1243556,1,0,3),(1243556,2,0,3),(1243556,3,0,3),(1243556,4,0,3),(1243556,5,0,3),(1243556,6,0,3),(1243556,7,11,3),(1243556,8,9,3),(1243556,9,5,3),(1243592,1,4,3),(1243592,2,2,3),(1243592,3,0,3),(1243592,4,11,3),(1243592,5,8,3),(1243592,6,2,3),(1243592,7,4,3),(1243592,8,4,3),(1243592,9,0,3),(1243697,1,0,3),(1243697,2,0,3),(1243697,3,0,3),(1243697,4,0,3),(1243697,5,0,3),(1243697,6,0,3),(1243697,7,0,3),(1243697,8,0,3),(1243697,9,0,3),(1243710,1,0,3),(1243710,2,0,3),(1243710,3,0,3),(1243710,4,0,3),(1243710,5,0,3),(1243710,6,0,3),(1243710,7,0,3),(1243710,8,0,3),(1243710,9,1,3),(1243716,1,0,3),(1243716,2,0,3),(1243716,3,0,3),(1243716,4,0,3),(1243716,5,0,3),(1243716,6,0,3),(1243716,7,0,3),(1243716,8,0,3),(1243716,9,0,3),(1243780,1,0,3),(1243780,2,0,3),(1243780,3,0,3),(1243780,4,0,3),(1243780,5,0,3),(1243780,6,0,3),(1243780,7,0,3),(1243780,8,0,3),(1243780,9,0,3),(1243803,1,0,3),(1243803,2,0,3),(1243803,3,0,3),(1243803,4,0,3),(1243803,5,0,3),(1243803,6,0,3),(1243803,7,0,3),(1243803,8,0,3),(1243803,9,0,3),(1243815,1,0,3),(1243815,2,0,3),(1243815,3,0,3),(1243815,4,0,3),(1243815,5,0,3),(1243815,6,0,3),(1243815,7,0,3),(1243815,8,0,3),(1243815,9,0,3),(1243816,1,0,3),(1243816,2,0,3),(1243816,3,0,3),(1243816,4,0,3),(1243816,5,0,3),(1243816,6,0,3),(1243816,7,0,3),(1243816,8,0,3),(1243816,9,0,3),(1244303,1,12,3),(1244303,2,13,3),(1244303,3,2,3),(1244303,4,14,3),(1244303,5,3,3),(1244303,6,6,3),(1244303,7,19,3),(1244303,8,26,3),(1244303,9,0,3),(1244459,1,0,3),(1244459,2,0,3),(1244459,3,4,3),(1244459,4,1,3),(1244459,5,2,3),(1244459,6,3,3),(1244459,7,0,3),(1244459,8,1,3),(1244459,9,0,3),(1244463,1,0,3),(1244463,2,0,3),(1244463,3,0,3),(1244463,4,0,3),(1244463,5,0,3),(1244463,6,0,3),(1244463,7,0,3),(1244463,8,0,3),(1244463,9,0,3),(1244464,1,0,3),(1244464,2,0,3),(1244464,3,0,3),(1244464,4,0,3),(1244464,5,3,3),(1244464,6,1,3),(1244464,7,0,3),(1244464,8,0,3),(1244464,9,0,3),(1244474,1,0,3),(1244474,2,1,3),(1244474,3,0,3),(1244474,4,0,3),(1244474,5,0,3),(1244474,6,7,3),(1244474,7,2,3),(1244474,8,0,3),(1244474,9,0,3),(1244483,1,0,3),(1244483,2,0,3),(1244483,3,0,3),(1244483,4,0,3),(1244483,5,0,3),(1244483,6,0,3),(1244483,7,0,3),(1244483,8,0,3),(1244483,9,0,3),(1244486,1,0,3),(1244486,2,0,3),(1244486,3,0,3),(1244486,4,1,3),(1244486,5,3,3),(1244486,6,13,3),(1244486,7,1,3),(1244486,8,0,3),(1244486,9,0,3),(1244492,1,8,3),(1244492,2,1,3),(1244492,3,0,3),(1244492,4,0,3),(1244492,5,4,3),(1244492,6,4,3),(1244492,7,1,3),(1244492,8,2,3),(1244492,9,0,3),(1244502,1,0,3),(1244502,2,0,3),(1244502,3,0,3),(1244502,4,0,3),(1244502,5,0,3),(1244502,6,0,3),(1244502,7,0,3),(1244502,8,0,3),(1244502,9,0,3),(1244509,1,0,3),(1244509,2,0,3),(1244509,3,0,3),(1244509,4,0,3),(1244509,5,0,3),(1244509,6,0,3),(1244509,7,3,3),(1244509,8,0,3),(1244509,9,0,3),(1244779,1,0,3),(1244779,2,0,3),(1244779,3,0,3),(1244779,4,0,3),(1244779,5,0,3),(1244779,6,0,3),(1244779,7,0,3),(1244779,8,0,3),(1244779,9,0,3),(1244784,1,0,3),(1244784,2,0,3),(1244784,3,0,3),(1244784,4,0,3),(1244784,5,0,3),(1244784,6,0,3),(1244784,7,0,3),(1244784,8,0,3),(1244784,9,0,3),(1244818,1,0,3),(1244818,2,6,3),(1244818,3,10,3),(1244818,4,7,3),(1244818,5,0,3),(1244818,6,16,3),(1244818,7,9,3),(1244818,8,15,3),(1244818,9,6,3),(1244927,1,0,3),(1244927,2,0,3),(1244927,3,0,3),(1244927,4,0,3),(1244927,5,0,3),(1244927,6,0,3),(1244927,7,0,3),(1244927,8,0,3),(1244927,9,0,3),(1244982,1,20,3),(1244982,2,9,3),(1244982,3,3,3),(1244982,4,22,3),(1244982,5,19,3),(1244982,6,3,3),(1244982,7,6,3),(1244982,8,18,3),(1244982,9,0,3),(1244985,1,0,3),(1244985,2,0,3),(1244985,3,0,3),(1244985,4,0,3),(1244985,5,0,3),(1244985,6,0,3),(1244985,7,0,3),(1244985,8,0,3),(1244985,9,0,3),(1245173,1,1,3),(1245173,2,1,3),(1245173,3,1,3),(1245173,4,9,3),(1245173,5,5,3),(1245173,6,2,3),(1245173,7,0,3),(1245173,8,0,3),(1245173,9,4,3),(1245237,1,0,3),(1245237,2,0,3),(1245237,3,0,3),(1245237,4,0,3),(1245237,5,0,3),(1245237,6,0,3),(1245237,7,0,3),(1245237,8,0,3),(1245237,9,0,3),(1245251,1,0,3),(1245251,2,0,3),(1245251,3,0,3),(1245251,4,0,3),(1245251,5,0,3),(1245251,6,0,3),(1245251,7,0,3),(1245251,8,0,3),(1245251,9,0,3),(1245530,1,0,3),(1245530,2,0,3),(1245530,3,0,3),(1245530,4,0,3),(1245530,5,0,3),(1245530,6,0,3),(1245530,7,0,3),(1245530,8,0,3),(1245530,9,2,3),(1245617,1,0,3),(1245617,2,0,3),(1245617,3,0,3),(1245617,4,0,3),(1245617,5,0,3),(1245617,6,0,3),(1245617,7,0,3),(1245617,8,0,3),(1245617,9,0,3),(1245626,1,0,3),(1245626,2,0,3),(1245626,3,0,3),(1245626,4,0,3),(1245626,5,0,3),(1245626,6,0,3),(1245626,7,0,3),(1245626,8,0,3),(1245626,9,0,3),(1245841,1,2,3),(1245841,2,6,3),(1245841,3,12,3),(1245841,4,0,3),(1245841,5,2,3),(1245841,6,1,3),(1245841,7,0,3),(1245841,8,0,3),(1245841,9,0,3),(1245854,1,0,3),(1245854,2,0,3),(1245854,3,0,3),(1245854,4,0,3),(1245854,5,0,3),(1245854,6,0,3),(1245854,7,0,3),(1245854,8,0,3),(1245854,9,0,3),(1245905,1,0,3),(1245905,2,0,3),(1245905,3,0,3),(1245905,4,0,3),(1245905,5,0,3),(1245905,6,0,3),(1245905,7,0,3),(1245905,8,0,3),(1245905,9,0,3),(1246019,1,0,3),(1246019,2,0,3),(1246019,3,0,3),(1246019,4,0,3),(1246019,5,0,3),(1246019,6,0,3),(1246019,7,0,3),(1246019,8,0,3),(1246019,9,0,3),(1246074,1,0,3),(1246074,2,0,3),(1246074,3,0,3),(1246074,4,0,3),(1246074,5,11,3),(1246074,6,0,3),(1246074,7,0,3),(1246074,8,0,3),(1246074,9,3,3),(1246081,1,0,3),(1246081,2,0,3),(1246081,3,0,3),(1246081,4,0,3),(1246081,5,0,3),(1246081,6,0,3),(1246081,7,0,3),(1246081,8,0,3),(1246081,9,0,3),(1246159,1,0,3),(1246159,2,2,3),(1246159,3,13,3),(1246159,4,3,3),(1246159,5,0,3),(1246159,6,0,3),(1246159,7,0,3),(1246159,8,0,3),(1246159,9,0,3),(1248564,1,0,3),(1248564,2,0,3),(1248564,3,0,3),(1248564,4,0,3),(1248564,5,0,3),(1248564,6,0,3),(1248564,7,0,3),(1248564,8,0,3),(1248564,9,0,3),(1249642,1,0,3),(1249642,2,0,3),(1249642,3,0,3),(1249642,4,0,3),(1249642,5,0,3),(1249642,6,0,3),(1249642,7,0,3),(1249642,8,0,3),(1249642,9,0,3),(1250085,1,0,3),(1250085,2,0,3),(1250085,3,0,3),(1250085,4,0,3),(1250085,5,0,3),(1250085,6,0,3),(1250085,7,0,3),(1250085,8,0,3),(1250085,9,0,3),(1250198,1,0,3),(1250198,2,0,3),(1250198,3,0,3),(1250198,4,0,3),(1250198,5,0,3),(1250198,6,0,3),(1250198,7,0,3),(1250198,8,0,3),(1250198,9,0,3),(1250697,1,23,3),(1250697,2,11,3),(1250697,3,31,3),(1250697,4,24,3),(1250697,5,6,3),(1250697,6,15,3),(1250697,7,7,3),(1250697,8,0,3),(1250697,9,14,3),(1251085,1,10,3),(1251085,2,4,3),(1251085,3,9,3),(1251085,4,0,3),(1251085,5,10,3),(1251085,6,0,3),(1251085,7,0,3),(1251085,8,8,3),(1251085,9,0,3),(1251717,1,3,3),(1251717,2,0,3),(1251717,3,0,3),(1251717,4,1,3),(1251717,5,0,3),(1251717,6,0,3),(1251717,7,15,3),(1251717,8,8,3),(1251717,9,6,3),(1252130,1,0,3),(1252130,2,0,3),(1252130,3,0,3),(1252130,4,0,3),(1252130,5,0,3),(1252130,6,0,3),(1252130,7,0,3),(1252130,8,0,3),(1252130,9,0,3),(1252135,1,0,3),(1252135,2,0,3),(1252135,3,0,3),(1252135,4,0,3),(1252135,5,0,3),(1252135,6,0,3),(1252135,7,0,3),(1252135,8,0,3),(1252135,9,0,3),(1253970,1,0,3),(1253970,2,0,3),(1253970,3,0,3),(1253970,4,0,3),(1253970,5,0,3),(1253970,6,0,3),(1253970,7,0,3),(1253970,8,0,3),(1253970,9,0,3),(1254113,1,0,3),(1254113,2,0,3),(1254113,3,4,3),(1254113,4,0,3),(1254113,5,0,3),(1254113,6,0,3),(1254113,7,0,3),(1254113,8,0,3),(1254113,9,0,3),(1254119,1,21,3),(1254119,2,8,3),(1254119,3,13,3),(1254119,4,17,3),(1254119,5,13,3),(1254119,6,10,3),(1254119,7,11,3),(1254119,8,5,3),(1254119,9,7,3),(1254446,1,0,3),(1254446,2,0,3),(1254446,3,0,3),(1254446,4,0,3),(1254446,5,0,3),(1254446,6,3,3),(1254446,7,5,3),(1254446,8,0,3),(1254446,9,0,3),(1254857,1,0,3),(1254857,2,0,3),(1254857,3,0,3),(1254857,4,0,3),(1254857,5,0,3),(1254857,6,0,3),(1254857,7,0,3),(1254857,8,0,3),(1254857,9,0,3),(1254859,1,3,3),(1254859,2,4,3),(1254859,3,2,3),(1254859,4,0,3),(1254859,5,0,3),(1254859,6,1,3),(1254859,7,3,3),(1254859,8,0,3),(1254859,9,1,3),(1263398,1,0,3),(1263398,2,0,3),(1263398,3,0,3),(1263398,4,0,3),(1263398,5,0,3),(1263398,6,0,3),(1263398,7,0,3),(1263398,8,0,3),(1263398,9,0,3),(1263432,1,0,3),(1263432,2,0,3),(1263432,3,0,3),(1263432,4,0,3),(1263432,5,0,3),(1263432,6,0,3),(1263432,7,0,3),(1263432,8,0,3),(1263432,9,0,3),(1263433,1,0,3),(1263433,2,0,3),(1263433,3,0,3),(1263433,4,0,3),(1263433,5,0,3),(1263433,6,0,3),(1263433,7,0,3),(1263433,8,0,3),(1263433,9,0,3),(1263553,1,0,3),(1263553,2,0,3),(1263553,3,0,3),(1263553,4,0,3),(1263553,5,0,3),(1263553,6,0,3),(1263553,7,0,3),(1263553,8,0,3),(1263553,9,0,3),(1263572,1,0,3),(1263572,2,0,3),(1263572,3,0,3),(1263572,4,0,3),(1263572,5,0,3),(1263572,6,0,3),(1263572,7,0,3),(1263572,8,0,3),(1263572,9,0,3),(1265114,1,0,3),(1265114,2,0,3),(1265114,3,0,3),(1265114,4,0,3),(1265114,5,0,3),(1265114,6,0,3),(1265114,7,0,3),(1265114,8,0,3),(1265114,9,0,3),(1265393,1,2,3),(1265393,2,3,3),(1265393,3,6,3),(1265393,4,1,3),(1265393,5,1,3),(1265393,6,1,3),(1265393,7,0,3),(1265393,8,0,3),(1265393,9,0,3),(1265470,1,0,3),(1265470,2,3,3),(1265470,3,18,3),(1265470,4,0,3),(1265470,5,9,3),(1265470,6,4,3),(1265470,7,0,3),(1265470,8,4,3),(1265470,9,16,3),(1265479,1,0,3),(1265479,2,0,3),(1265479,3,0,3),(1265479,4,0,3),(1265479,5,0,3),(1265479,6,0,3),(1265479,7,0,3),(1265479,8,0,3),(1265479,9,0,3),(1265552,1,0,3),(1265552,2,0,3),(1265552,3,0,3),(1265552,4,0,3),(1265552,5,3,3),(1265552,6,0,3),(1265552,7,0,3),(1265552,8,0,3),(1265552,9,9,3),(1272073,1,0,3),(1272073,2,0,3),(1272073,3,0,3),(1272073,4,5,3),(1272073,5,0,3),(1272073,6,0,3),(1272073,7,0,3),(1272073,8,1,3),(1272073,9,1,3),(1272242,1,10,3),(1272242,2,14,3),(1272242,3,18,3),(1272242,4,1,3),(1272242,5,11,3),(1272242,6,28,3),(1272242,7,3,3),(1272242,8,19,3),(1272242,9,26,3),(1272276,1,0,3),(1272276,2,0,3),(1272276,3,0,3),(1272276,4,0,3),(1272276,5,0,3),(1272276,6,0,3),(1272276,7,0,3),(1272276,8,0,3),(1272276,9,0,3),(1272283,1,0,3),(1272283,2,12,3),(1272283,3,5,3),(1272283,4,5,3),(1272283,5,0,3),(1272283,6,2,3),(1272283,7,7,3),(1272283,8,1,3),(1272283,9,4,3),(1272286,1,0,3),(1272286,2,0,3),(1272286,3,0,3),(1272286,4,0,3),(1272286,5,0,3),(1272286,6,0,3),(1272286,7,0,3),(1272286,8,0,3),(1272286,9,10,3),(1272449,1,0,3),(1272449,2,0,3),(1272449,3,0,3),(1272449,4,0,3),(1272449,5,0,3),(1272449,6,0,3),(1272449,7,0,3),(1272449,8,1,3),(1272449,9,0,3),(1272498,1,2,3),(1272498,2,0,3),(1272498,3,2,3),(1272498,4,0,3),(1272498,5,0,3),(1272498,6,0,3),(1272498,7,0,3),(1272498,8,0,3),(1272498,9,0,3),(1272502,1,0,3),(1272502,2,1,3),(1272502,3,0,3),(1272502,4,3,3),(1272502,5,0,3),(1272502,6,0,3),(1272502,7,0,3),(1272502,8,3,3),(1272502,9,2,3),(1272524,1,8,3),(1272524,2,1,3),(1272524,3,6,3),(1272524,4,12,3),(1272524,5,0,3),(1272524,6,21,3),(1272524,7,1,3),(1272524,8,9,3),(1272524,9,1,3),(1272538,1,-2,3),(1272538,2,24,3),(1272538,3,11,3),(1272538,4,10,3),(1272538,5,19,3),(1272538,6,19,3),(1272538,7,23,3),(1272538,8,5,3),(1272538,9,4,3),(1272540,1,0,3),(1272540,2,0,3),(1272540,3,0,3),(1272540,4,1,3),(1272540,5,0,3),(1272540,6,0,3),(1272540,7,0,3),(1272540,8,0,3),(1272540,9,0,3),(1272574,1,0,3),(1272574,2,0,3),(1272574,3,0,3),(1272574,4,0,3),(1272574,5,6,3),(1272574,6,0,3),(1272574,7,0,3),(1272574,8,0,3),(1272574,9,0,3),(1272588,1,0,3),(1272588,2,0,3),(1272588,3,0,3),(1272588,4,0,3),(1272588,5,0,3),(1272588,6,0,3),(1272588,7,0,3),(1272588,8,0,3),(1272588,9,0,3),(1272615,1,0,3),(1272615,2,0,3),(1272615,3,0,3),(1272615,4,0,3),(1272615,5,0,3),(1272615,6,0,3),(1272615,7,0,3),(1272615,8,0,3),(1272615,9,0,3),(1272731,1,0,3),(1272731,2,0,3),(1272731,3,0,3),(1272731,4,0,3),(1272731,5,0,3),(1272731,6,0,3),(1272731,7,0,3),(1272731,8,0,3),(1272731,9,0,3),(1272751,1,0,3),(1272751,2,0,3),(1272751,3,0,3),(1272751,4,0,3),(1272751,5,0,3),(1272751,6,0,3),(1272751,7,0,3),(1272751,8,0,3),(1272751,9,0,3),(1272825,1,0,3),(1272825,2,3,3),(1272825,3,0,3),(1272825,4,5,3),(1272825,5,0,3),(1272825,6,4,3),(1272825,7,1,3),(1272825,8,3,3),(1272825,9,2,3),(1272852,1,7,3),(1272852,2,7,3),(1272852,3,12,3),(1272852,4,0,3),(1272852,5,8,3),(1272852,6,2,3),(1272852,7,10,3),(1272852,8,3,3),(1272852,9,1,3),(1272892,1,-1,3),(1272892,2,0,3),(1272892,3,0,3),(1272892,4,0,3),(1272892,5,0,3),(1272892,6,1,3),(1272892,7,0,3),(1272892,8,0,3),(1272892,9,2,3),(1272964,1,0,3),(1272964,2,0,3),(1272964,3,0,3),(1272964,4,0,3),(1272964,5,0,3),(1272964,6,0,3),(1272964,7,0,3),(1272964,8,0,3),(1272964,9,0,3),(1272970,1,0,3),(1272970,2,0,3),(1272970,3,0,3),(1272970,4,0,3),(1272970,5,0,3),(1272970,6,0,3),(1272970,7,0,3),(1272970,8,0,3),(1272970,9,0,3),(1273006,1,0,3),(1273006,2,0,3),(1273006,3,0,3),(1273006,4,0,3),(1273006,5,6,3),(1273006,6,0,3),(1273006,7,5,3),(1273006,8,9,3),(1273006,9,0,3),(1273023,1,0,3),(1273023,2,0,3),(1273023,3,0,3),(1273023,4,0,3),(1273023,5,0,3),(1273023,6,0,3),(1273023,7,0,3),(1273023,8,0,3),(1273023,9,0,3),(1273079,1,0,3),(1273079,2,0,3),(1273079,3,0,3),(1273079,4,0,3),(1273079,5,0,3),(1273079,6,0,3),(1273079,7,0,3),(1273079,8,0,3),(1273079,9,0,3),(1273179,1,11,3),(1273179,2,0,3),(1273179,3,0,3),(1273179,4,0,3),(1273179,5,0,3),(1273179,6,9,3),(1273179,7,5,3),(1273179,8,0,3),(1273179,9,0,3),(1273186,1,14,3),(1273186,2,27,3),(1273186,3,9,3),(1273186,4,34,3),(1273186,5,7,3),(1273186,6,0,3),(1273186,7,17,3),(1273186,8,11,3),(1273186,9,23,3),(1273191,1,0,3),(1273191,2,0,3),(1273191,3,2,3),(1273191,4,0,3),(1273191,5,0,3),(1273191,6,1,3),(1273191,7,7,3),(1273191,8,2,3),(1273191,9,0,3),(1273280,1,0,3),(1273280,2,0,3),(1273280,3,0,3),(1273280,4,0,3),(1273280,5,0,3),(1273280,6,0,3),(1273280,7,0,3),(1273280,8,1,3),(1273280,9,0,3),(1273342,1,0,3),(1273342,2,0,3),(1273342,3,0,3),(1273342,4,0,3),(1273342,5,0,3),(1273342,6,0,3),(1273342,7,0,3),(1273342,8,0,3),(1273342,9,0,3),(1273354,1,0,3),(1273354,2,0,3),(1273354,3,0,3),(1273354,4,0,3),(1273354,5,0,3),(1273354,6,0,3),(1273354,7,0,3),(1273354,8,0,3),(1273354,9,0,3),(1273405,1,0,3),(1273405,2,0,3),(1273405,3,1,3),(1273405,4,0,3),(1273405,5,2,3),(1273405,6,0,3),(1273405,7,0,3),(1273405,8,0,3),(1273405,9,0,3),(1273546,1,0,3),(1273546,2,0,3),(1273546,3,0,3),(1273546,4,0,3),(1273546,5,0,3),(1273546,6,0,3),(1273546,7,0,3),(1273546,8,0,3),(1273546,9,0,3),(1273600,1,11,3),(1273600,2,4,3),(1273600,3,1,3),(1273600,4,0,3),(1273600,5,1,3),(1273600,6,0,3),(1273600,7,1,3),(1273600,8,0,3),(1273600,9,0,3),(1273654,1,2,3),(1273654,2,21,3),(1273654,3,5,3),(1273654,4,19,3),(1273654,5,8,3),(1273654,6,20,3),(1273654,7,0,3),(1273654,8,0,3),(1273654,9,17,3),(1273689,1,10,3),(1273689,2,4,3),(1273689,3,13,3),(1273689,4,1,3),(1273689,5,9,3),(1273689,6,2,3),(1273689,7,12,3),(1273689,8,4,3),(1273689,9,0,3),(1273775,1,0,3),(1273775,2,0,3),(1273775,3,0,3),(1273775,4,0,3),(1273775,5,0,3),(1273775,6,0,3),(1273775,7,0,3),(1273775,8,0,3),(1273775,9,0,3),(1273811,1,13,3),(1273811,2,6,3),(1273811,3,11,3),(1273811,4,0,3),(1273811,5,2,3),(1273811,6,3,3),(1273811,7,3,3),(1273811,8,0,3),(1273811,9,3,3),(1273854,1,0,3),(1273854,2,0,3),(1273854,3,5,3),(1273854,4,8,3),(1273854,5,19,3),(1273854,6,8,3),(1273854,7,0,3),(1273854,8,7,3),(1273854,9,6,3),(1273864,1,0,3),(1273864,2,0,3),(1273864,3,0,3),(1273864,4,0,3),(1273864,5,0,3),(1273864,6,0,3),(1273864,7,0,3),(1273864,8,0,3),(1273864,9,0,3),(1273888,1,0,3),(1273888,2,0,3),(1273888,3,0,3),(1273888,4,9,3),(1273888,5,1,3),(1273888,6,0,3),(1273888,7,0,3),(1273888,8,0,3),(1273888,9,0,3),(1273898,1,0,3),(1273898,2,0,3),(1273898,3,0,3),(1273898,4,0,3),(1273898,5,0,3),(1273898,6,0,3),(1273898,7,0,3),(1273898,8,0,3),(1273898,9,0,3),(1273908,1,0,3),(1273908,2,0,3),(1273908,3,0,3),(1273908,4,0,3),(1273908,5,0,3),(1273908,6,0,3),(1273908,7,0,3),(1273908,8,0,3),(1273908,9,0,3),(1274358,1,0,3),(1274358,2,0,3),(1274358,3,0,3),(1274358,4,0,3),(1274358,5,0,3),(1274358,6,0,3),(1274358,7,0,3),(1274358,8,0,3),(1274358,9,0,3),(1274369,1,11,3),(1274369,2,12,3),(1274369,3,7,3),(1274369,4,3,3),(1274369,5,0,3),(1274369,6,12,3),(1274369,7,17,3),(1274369,8,32,3),(1274369,9,51,3),(1274372,1,0,3),(1274372,2,0,3),(1274372,3,0,3),(1274372,4,0,3),(1274372,5,0,3),(1274372,6,0,3),(1274372,7,0,3),(1274372,8,0,3),(1274372,9,0,3),(1274378,1,0,3),(1274378,2,0,3),(1274378,3,0,3),(1274378,4,2,3),(1274378,5,0,3),(1274378,6,1,3),(1274378,7,7,3),(1274378,8,1,3),(1274378,9,0,3),(1274396,1,2,3),(1274396,2,1,3),(1274396,3,13,3),(1274396,4,1,3),(1274396,5,0,3),(1274396,6,0,3),(1274396,7,8,3),(1274396,8,22,3),(1274396,9,2,3),(1275368,1,0,3),(1275368,2,0,3),(1275368,3,0,3),(1275368,4,0,3),(1275368,5,0,3),(1275368,6,0,3),(1275368,7,0,3),(1275368,8,0,3),(1275368,9,0,3),(1276441,1,0,3),(1276441,2,0,3),(1276441,3,0,3),(1276441,4,0,3),(1276441,5,0,3),(1276441,6,0,3),(1276441,7,0,3),(1276441,8,0,3),(1276441,9,0,3),(1277058,1,0,3),(1277058,2,0,3),(1277058,3,0,3),(1277058,4,0,3),(1277058,5,0,3),(1277058,6,0,3),(1277058,7,0,3),(1277058,8,0,3),(1277058,9,0,3),(1277423,1,0,3),(1277423,2,0,3),(1277423,3,0,3),(1277423,4,0,3),(1277423,5,0,3),(1277423,6,0,3),(1277423,7,0,3),(1277423,8,0,3),(1277423,9,0,3),(1277467,1,0,3),(1277467,2,0,3),(1277467,3,0,3),(1277467,4,0,3),(1277467,5,0,3),(1277467,6,0,3),(1277467,7,0,3),(1277467,8,0,3),(1277467,9,0,3),(1277487,1,0,3),(1277487,2,0,3),(1277487,3,0,3),(1277487,4,0,3),(1277487,5,0,3),(1277487,6,0,3),(1277487,7,0,3),(1277487,8,0,3),(1277487,9,0,3),(1277500,1,0,3),(1277500,2,0,3),(1277500,3,0,3),(1277500,4,0,3),(1277500,5,2,3),(1277500,6,0,3),(1277500,7,0,3),(1277500,8,1,3),(1277500,9,0,3),(1325808,1,0,3),(1325808,2,0,3),(1325808,3,0,3),(1325808,4,0,3),(1325808,5,0,3),(1325808,6,0,3),(1325808,7,0,3),(1325808,8,0,3),(1325808,9,0,3),(1369280,1,0,3),(1369280,2,0,3),(1369280,3,0,3),(1369280,4,0,3),(1369280,5,0,3),(1369280,6,0,3),(1369280,7,-2,3),(1369280,8,0,3),(1369280,9,0,3),(1614641,1,0,3),(1614641,2,0,3),(1614641,3,0,3),(1614641,4,0,3),(1614641,5,0,3),(1614641,6,0,3),(1614641,7,0,3),(1614641,8,0,3),(1614641,9,0,3),(1615601,1,0,3),(1615601,2,0,3),(1615601,3,1,3),(1615601,4,4,3),(1615601,5,2,3),(1615601,6,2,3),(1615601,7,0,3),(1615601,8,8,3),(1615601,9,0,3),(1615610,1,0,3),(1615610,2,0,3),(1615610,3,0,3),(1615610,4,0,3),(1615610,5,0,3),(1615610,6,0,3),(1615610,7,0,3),(1615610,8,0,3),(1615610,9,0,3),(1615897,1,6,3),(1615897,2,11,3),(1615897,3,6,3),(1615897,4,9,3),(1615897,5,7,3),(1615897,6,0,3),(1615897,7,5,3),(1615897,8,2,3),(1615897,9,4,3),(1616291,1,15,3),(1616291,2,10,3),(1616291,3,7,3),(1616291,4,7,3),(1616291,5,1,3),(1616291,6,6,3),(1616291,7,6,3),(1616291,8,0,3),(1616291,9,11,3),(1616637,1,0,3),(1616637,2,0,3),(1616637,3,0,3),(1616637,4,0,3),(1616637,5,0,3),(1616637,6,0,3),(1616637,7,0,3),(1616637,8,0,3),(1616637,9,0,3),(1616704,1,4,3),(1616704,2,5,3),(1616704,3,8,3),(1616704,4,7,3),(1616704,5,5,3),(1616704,6,5,3),(1616704,7,0,3),(1616704,8,12,3),(1616704,9,8,3),(1616727,1,0,3),(1616727,2,0,3),(1616727,3,0,3),(1616727,4,0,3),(1616727,5,0,3),(1616727,6,0,3),(1616727,7,0,3),(1616727,8,0,3),(1616727,9,0,3),(1616740,1,0,3),(1616740,2,0,3),(1616740,3,0,3),(1616740,4,0,3),(1616740,5,0,3),(1616740,6,0,3),(1616740,7,0,3),(1616740,8,0,3),(1616740,9,0,3),(1616746,1,10,3),(1616746,2,9,3),(1616746,3,2,3),(1616746,4,7,3),(1616746,5,10,3),(1616746,6,6,3),(1616746,7,8,3),(1616746,8,6,3),(1616746,9,6,3),(1616777,1,0,3),(1616777,2,7,3),(1616777,3,1,3),(1616777,4,0,3),(1616777,5,0,3),(1616777,6,1,3),(1616777,7,0,3),(1616777,8,1,3),(1616777,9,0,3),(1616792,1,2,3),(1616792,2,1,3),(1616792,3,2,3),(1616792,4,5,3),(1616792,5,0,3),(1616792,6,0,3),(1616792,7,5,3),(1616792,8,0,3),(1616792,9,15,3),(1616817,1,2,3),(1616817,2,2,3),(1616817,3,9,3),(1616817,4,8,3),(1616817,5,6,3),(1616817,6,6,3),(1616817,7,3,3),(1616817,8,5,3),(1616817,9,0,3),(1616845,1,0,3),(1616845,2,0,3),(1616845,3,6,3),(1616845,4,1,3),(1616845,5,0,3),(1616845,6,0,3),(1616845,7,0,3),(1616845,8,0,3),(1616845,9,0,3),(1616858,1,0,3),(1616858,2,0,3),(1616858,3,0,3),(1616858,4,0,3),(1616858,5,0,3),(1616858,6,0,3),(1616858,7,0,3),(1616858,8,0,3),(1616858,9,0,3),(1616872,1,0,3),(1616872,2,0,3),(1616872,3,0,3),(1616872,4,0,3),(1616872,5,0,3),(1616872,6,0,3),(1616872,7,0,3),(1616872,8,0,3),(1616872,9,0,3),(1616887,1,0,3),(1616887,2,8,3),(1616887,3,4,3),(1616887,4,1,3),(1616887,5,0,3),(1616887,6,0,3),(1616887,7,6,3),(1616887,8,1,3),(1616887,9,0,3),(1616907,1,10,3),(1616907,2,12,3),(1616907,3,4,3),(1616907,4,14,3),(1616907,5,0,3),(1616907,6,8,3),(1616907,7,4,3),(1616907,8,12,3),(1616907,9,6,3),(1619037,1,1,3),(1619037,2,1,3),(1619037,3,1,3),(1619037,4,8,3),(1619037,5,0,3),(1619037,6,0,3),(1619037,7,0,3),(1619037,8,1,3),(1619037,9,0,3),(1619687,1,0,3),(1619687,2,0,3),(1619687,3,0,3),(1619687,4,0,3),(1619687,5,0,3),(1619687,6,0,3),(1619687,7,0,3),(1619687,8,0,3),(1619687,9,0,3),(1619913,1,1,3),(1619913,2,0,3),(1619913,3,0,3),(1619913,4,0,3),(1619913,5,0,3),(1619913,6,0,3),(1619913,7,0,3),(1619913,8,0,3),(1619913,9,0,3),(1619958,1,0,3),(1619958,2,0,3),(1619958,3,19,3),(1619958,4,3,3),(1619958,5,0,3),(1619958,6,9,3),(1619958,7,6,3),(1619958,8,4,3),(1619958,9,25,3),(1620389,1,0,3),(1620389,2,0,3),(1620389,3,0,3),(1620389,4,2,3),(1620389,5,0,3),(1620389,6,0,3),(1620389,7,0,3),(1620389,8,0,3),(1620389,9,2,3),(1620397,1,0,3),(1620397,2,0,3),(1620397,3,1,3),(1620397,4,0,3),(1620397,5,0,3),(1620397,6,0,3),(1620397,7,0,3),(1620397,8,0,3),(1620397,9,0,3),(1620412,1,0,3),(1620412,2,0,3),(1620412,3,0,3),(1620412,4,0,3),(1620412,5,0,3),(1620412,6,0,3),(1620412,7,0,3),(1620412,8,0,3),(1620412,9,0,3),(1620455,1,0,3),(1620455,2,0,3),(1620455,3,1,3),(1620455,4,7,3),(1620455,5,0,3),(1620455,6,11,3),(1620455,7,0,3),(1620455,8,1,3),(1620455,9,0,3),(1620463,1,0,3),(1620463,2,0,3),(1620463,3,0,3),(1620463,4,0,3),(1620463,5,0,3),(1620463,6,0,3),(1620463,7,0,3),(1620463,8,0,3),(1620463,9,0,3),(1620468,1,0,3),(1620468,2,0,3),(1620468,3,0,3),(1620468,4,0,3),(1620468,5,0,3),(1620468,6,0,3),(1620468,7,0,3),(1620468,8,0,3),(1620468,9,0,3),(1620544,1,0,3),(1620544,2,0,3),(1620544,3,0,3),(1620544,4,0,3),(1620544,5,0,3),(1620544,6,0,3),(1620544,7,0,3),(1620544,8,0,3),(1620544,9,0,3),(1620562,1,0,3),(1620562,2,0,3),(1620562,3,0,3),(1620562,4,0,3),(1620562,5,0,3),(1620562,6,0,3),(1620562,7,0,3),(1620562,8,0,3),(1620562,9,0,3),(1620623,1,0,3),(1620623,2,0,3),(1620623,3,0,3),(1620623,4,0,3),(1620623,5,0,3),(1620623,6,0,3),(1620623,7,0,3),(1620623,8,0,3),(1620623,9,0,3),(1620726,1,0,3),(1620726,2,0,3),(1620726,3,0,3),(1620726,4,0,3),(1620726,5,0,3),(1620726,6,0,3),(1620726,7,0,3),(1620726,8,0,3),(1620726,9,0,3),(1620788,1,28,3),(1620788,2,32,3),(1620788,3,26,3),(1620788,4,21,3),(1620788,5,3,3),(1620788,6,36,3),(1620788,7,26,3),(1620788,8,13,3),(1620788,9,13,3),(1620799,1,0,3),(1620799,2,0,3),(1620799,3,0,3),(1620799,4,0,3),(1620799,5,0,3),(1620799,6,0,3),(1620799,7,0,3),(1620799,8,0,3),(1620799,9,0,3),(1620826,1,0,3),(1620826,2,0,3),(1620826,3,0,3),(1620826,4,0,3),(1620826,5,0,3),(1620826,6,0,3),(1620826,7,0,3),(1620826,8,0,3),(1620826,9,0,3),(1620863,1,0,3),(1620863,2,0,3),(1620863,3,0,3),(1620863,4,0,3),(1620863,5,0,3),(1620863,6,0,3),(1620863,7,0,3),(1620863,8,0,3),(1620863,9,0,3),(1620865,1,0,3),(1620865,2,0,3),(1620865,3,0,3),(1620865,4,1,3),(1620865,5,3,3),(1620865,6,0,3),(1620865,7,0,3),(1620865,8,0,3),(1620865,9,0,3),(1621175,1,0,3),(1621175,2,0,3),(1621175,3,0,3),(1621175,4,0,3),(1621175,5,0,3),(1621175,6,0,3),(1621175,7,0,3),(1621175,8,0,3),(1621175,9,0,3),(1621321,1,0,3),(1621321,2,0,3),(1621321,3,0,3),(1621321,4,0,3),(1621321,5,0,3),(1621321,6,0,3),(1621321,7,0,3),(1621321,8,3,3),(1621321,9,0,3),(1621330,1,0,3),(1621330,2,0,3),(1621330,3,0,3),(1621330,4,0,3),(1621330,5,0,3),(1621330,6,0,3),(1621330,7,0,3),(1621330,8,0,3),(1621330,9,0,3),(1621559,1,0,3),(1621559,2,0,3),(1621559,3,0,3),(1621559,4,0,3),(1621559,5,0,3),(1621559,6,0,3),(1621559,7,0,3),(1621559,8,0,3),(1621559,9,0,3),(1623785,1,0,3),(1623785,2,6,3),(1623785,3,3,3),(1623785,4,5,3),(1623785,5,2,3),(1623785,6,1,3),(1623785,7,0,3),(1623785,8,0,3),(1623785,9,1,3),(1623793,1,1,3),(1623793,2,11,3),(1623793,3,1,3),(1623793,4,1,3),(1623793,5,1,3),(1623793,6,0,3),(1623793,7,2,3),(1623793,8,0,3),(1623793,9,6,3),(1623794,1,22,3),(1623794,2,1,3),(1623794,3,12,3),(1623794,4,3,3),(1623794,5,15,3),(1623794,6,6,3),(1623794,7,0,3),(1623794,8,18,3),(1623794,9,12,3),(1626550,1,0,3),(1626550,2,0,3),(1626550,3,0,3),(1626550,4,0,3),(1626550,5,0,3),(1626550,6,0,3),(1626550,7,0,3),(1626550,8,0,3),(1626550,9,0,3),(1630216,1,0,3),(1630216,2,6,3),(1630216,3,3,3),(1630216,4,0,3),(1630216,5,9,3),(1630216,6,3,3),(1630216,7,0,3),(1630216,8,5,3),(1630216,9,7,3),(1630220,1,0,3),(1630220,2,0,3),(1630220,3,0,3),(1630220,4,0,3),(1630220,5,0,3),(1630220,6,0,3),(1630220,7,0,3),(1630220,8,0,3),(1630220,9,0,3),(1630224,1,0,3),(1630224,2,0,3),(1630224,3,0,3),(1630224,4,0,3),(1630224,5,0,3),(1630224,6,6,3),(1630224,7,12,3),(1630224,8,0,3),(1630224,9,0,3),(1630256,1,0,3),(1630256,2,0,3),(1630256,3,0,3),(1630256,4,0,3),(1630256,5,0,3),(1630256,6,0,3),(1630256,7,0,3),(1630256,8,0,3),(1630256,9,0,3),(1630295,1,1,3),(1630295,2,0,3),(1630295,3,0,3),(1630295,4,0,3),(1630295,5,0,3),(1630295,6,0,3),(1630295,7,0,3),(1630295,8,0,3),(1630295,9,0,3),(1630314,1,0,3),(1630314,2,0,3),(1630314,3,0,3),(1630314,4,0,3),(1630314,5,0,3),(1630314,6,0,3),(1630314,7,0,3),(1630314,8,0,3),(1630314,9,0,3),(1630318,1,0,3),(1630318,2,0,3),(1630318,3,0,3),(1630318,4,0,3),(1630318,5,0,3),(1630318,6,0,3),(1630318,7,0,3),(1630318,8,0,3),(1630318,9,0,3),(1630331,1,0,3),(1630331,2,0,3),(1630331,3,0,3),(1630331,4,0,3),(1630331,5,0,3),(1630331,6,0,3),(1630331,7,0,3),(1630331,8,0,3),(1630331,9,0,3),(1630353,1,0,3),(1630353,2,0,3),(1630353,3,0,3),(1630353,4,0,3),(1630353,5,0,3),(1630353,6,0,3),(1630353,7,0,3),(1630353,8,0,3),(1630353,9,0,3),(1630354,1,0,3),(1630354,2,0,3),(1630354,3,8,3),(1630354,4,3,3),(1630354,5,2,3),(1630354,6,0,3),(1630354,7,0,3),(1630354,8,0,3),(1630354,9,0,3),(1630429,1,0,3),(1630429,2,0,3),(1630429,3,0,3),(1630429,4,0,3),(1630429,5,0,3),(1630429,6,0,3),(1630429,7,0,3),(1630429,8,0,3),(1630429,9,0,3),(1630444,1,0,3),(1630444,2,0,3),(1630444,3,0,3),(1630444,4,0,3),(1630444,5,0,3),(1630444,6,0,3),(1630444,7,0,3),(1630444,8,0,3),(1630444,9,0,3),(1630448,1,4,3),(1630448,2,1,3),(1630448,3,10,3),(1630448,4,2,3),(1630448,5,0,3),(1630448,6,0,3),(1630448,7,3,3),(1630448,8,0,3),(1630448,9,1,3),(1630465,1,0,3),(1630465,2,0,3),(1630465,3,0,3),(1630465,4,0,3),(1630465,5,0,3),(1630465,6,0,3),(1630465,7,0,3),(1630465,8,0,3),(1630465,9,0,3),(1630493,1,0,3),(1630493,2,0,3),(1630493,3,0,3),(1630493,4,0,3),(1630493,5,0,3),(1630493,6,0,3),(1630493,7,0,3),(1630493,8,0,3),(1630493,9,0,3),(1630528,1,0,3),(1630528,2,0,3),(1630528,3,0,3),(1630528,4,0,3),(1630528,5,0,3),(1630528,6,0,3),(1630528,7,0,3),(1630528,8,0,3),(1630528,9,0,3),(1630530,1,0,3),(1630530,2,0,3),(1630530,3,0,3),(1630530,4,0,3),(1630530,5,0,3),(1630530,6,0,3),(1630530,7,0,3),(1630530,8,0,3),(1630530,9,0,3),(1630575,1,0,3),(1630575,2,0,3),(1630575,3,0,3),(1630575,4,0,3),(1630575,5,0,3),(1630575,6,0,3),(1630575,7,0,3),(1630575,8,0,3),(1630575,9,0,3),(1630578,1,0,3),(1630578,2,0,3),(1630578,3,0,3),(1630578,4,0,3),(1630578,5,0,3),(1630578,6,0,3),(1630578,7,0,3),(1630578,8,0,3),(1630578,9,0,3),(1630601,1,-1,3),(1630601,2,0,3),(1630601,3,9,3),(1630601,4,2,3),(1630601,5,3,3),(1630601,6,0,3),(1630601,7,0,3),(1630601,8,0,3),(1630601,9,0,3),(1630725,1,0,3),(1630725,2,0,3),(1630725,3,2,3),(1630725,4,0,3),(1630725,5,0,3),(1630725,6,0,3),(1630725,7,0,3),(1630725,8,0,3),(1630725,9,0,3),(1630750,1,0,3),(1630750,2,0,3),(1630750,3,0,3),(1630750,4,0,3),(1630750,5,0,3),(1630750,6,0,3),(1630750,7,0,3),(1630750,8,0,3),(1630750,9,0,3),(1630777,1,22,3),(1630777,2,8,3),(1630777,3,13,3),(1630777,4,12,3),(1630777,5,-1,3),(1630777,6,0,3),(1630777,7,10,3),(1630777,8,18,3),(1630777,9,18,3),(1630782,1,0,3),(1630782,2,0,3),(1630782,3,0,3),(1630782,4,0,3),(1630782,5,0,3),(1630782,6,0,3),(1630782,7,0,3),(1630782,8,0,3),(1630782,9,0,3),(1630803,1,0,3),(1630803,2,0,3),(1630803,3,0,3),(1630803,4,0,3),(1630803,5,0,3),(1630803,6,0,3),(1630803,7,0,3),(1630803,8,0,3),(1630803,9,0,3),(1630817,1,0,3),(1630817,2,0,3),(1630817,3,0,3),(1630817,4,0,3),(1630817,5,0,3),(1630817,6,0,3),(1630817,7,0,3),(1630817,8,0,3),(1630817,9,0,3),(1630853,1,0,3),(1630853,2,0,3),(1630853,3,0,3),(1630853,4,0,3),(1630853,5,0,3),(1630853,6,0,3),(1630853,7,0,3),(1630853,8,0,3),(1630853,9,0,3),(1630860,1,4,3),(1630860,2,0,3),(1630860,3,0,3),(1630860,4,4,3),(1630860,5,4,3),(1630860,6,0,3),(1630860,7,0,3),(1630860,8,6,3),(1630860,9,9,3),(1630879,1,0,3),(1630879,2,0,3),(1630879,3,0,3),(1630879,4,0,3),(1630879,5,0,3),(1630879,6,0,3),(1630879,7,0,3),(1630879,8,0,3),(1630879,9,0,3),(1630925,1,0,3),(1630925,2,0,3),(1630925,3,0,3),(1630925,4,3,3),(1630925,5,0,3),(1630925,6,0,3),(1630925,7,7,3),(1630925,8,0,3),(1630925,9,0,3),(1630952,1,0,3),(1630952,2,0,3),(1630952,3,0,3),(1630952,4,0,3),(1630952,5,0,3),(1630952,6,0,3),(1630952,7,0,3),(1630952,8,0,3),(1630952,9,0,3),(1630970,1,0,3),(1630970,2,0,3),(1630970,3,0,3),(1630970,4,0,3),(1630970,5,0,3),(1630970,6,0,3),(1630970,7,0,3),(1630970,8,0,3),(1630970,9,0,3),(1630994,1,0,3),(1630994,2,0,3),(1630994,3,0,3),(1630994,4,0,3),(1630994,5,0,3),(1630994,6,0,3),(1630994,7,0,3),(1630994,8,0,3),(1630994,9,0,3),(1631001,1,0,3),(1631001,2,0,3),(1631001,3,0,3),(1631001,4,0,3),(1631001,5,0,3),(1631001,6,0,3),(1631001,7,0,3),(1631001,8,0,3),(1631001,9,0,3),(1631009,1,0,3),(1631009,2,0,3),(1631009,3,4,3),(1631009,4,1,3),(1631009,5,1,3),(1631009,6,2,3),(1631009,7,0,3),(1631009,8,0,3),(1631009,9,0,3),(1631039,1,0,3),(1631039,2,0,3),(1631039,3,0,3),(1631039,4,0,3),(1631039,5,0,3),(1631039,6,0,3),(1631039,7,0,3),(1631039,8,0,3),(1631039,9,0,3),(1631106,1,0,3),(1631106,2,0,3),(1631106,3,0,3),(1631106,4,0,3),(1631106,5,0,3),(1631106,6,0,3),(1631106,7,0,3),(1631106,8,0,3),(1631106,9,0,3),(1631107,1,0,3),(1631107,2,0,3),(1631107,3,0,3),(1631107,4,0,3),(1631107,5,0,3),(1631107,6,0,3),(1631107,7,0,3),(1631107,8,0,3),(1631107,9,0,3),(1631109,1,0,3),(1631109,2,0,3),(1631109,3,0,3),(1631109,4,0,3),(1631109,5,0,3),(1631109,6,0,3),(1631109,7,0,3),(1631109,8,0,3),(1631109,9,0,3),(1631138,1,0,3),(1631138,2,0,3),(1631138,3,0,3),(1631138,4,0,3),(1631138,5,0,3),(1631138,6,0,3),(1631138,7,0,3),(1631138,8,0,3),(1631138,9,0,3),(1631167,1,0,3),(1631167,2,0,3),(1631167,3,0,3),(1631167,4,0,3),(1631167,5,0,3),(1631167,6,0,3),(1631167,7,0,3),(1631167,8,0,3),(1631167,9,0,3),(1631176,1,0,3),(1631176,2,0,3),(1631176,3,0,3),(1631176,4,0,3),(1631176,5,0,3),(1631176,6,0,3),(1631176,7,0,3),(1631176,8,0,3),(1631176,9,0,3),(1631205,1,0,3),(1631205,2,0,3),(1631205,3,0,3),(1631205,4,0,3),(1631205,5,0,3),(1631205,6,0,3),(1631205,7,0,3),(1631205,8,0,3),(1631205,9,0,3),(1631401,1,0,3),(1631401,2,0,3),(1631401,3,0,3),(1631401,4,0,3),(1631401,5,0,3),(1631401,6,0,3),(1631401,7,0,3),(1631401,8,0,3),(1631401,9,0,3),(1631427,1,0,3),(1631427,2,3,3),(1631427,3,0,3),(1631427,4,0,3),(1631427,5,0,3),(1631427,6,0,3),(1631427,7,0,3),(1631427,8,0,3),(1631427,9,0,3),(1631626,1,0,3),(1631626,2,0,3),(1631626,3,0,3),(1631626,4,0,3),(1631626,5,0,3),(1631626,6,0,3),(1631626,7,0,3),(1631626,8,0,3),(1631626,9,0,3),(1631715,1,0,3),(1631715,2,0,3),(1631715,3,0,3),(1631715,4,0,3),(1631715,5,0,3),(1631715,6,0,3),(1631715,7,0,3),(1631715,8,0,3),(1631715,9,0,3),(1631750,1,0,3),(1631750,2,0,3),(1631750,3,0,3),(1631750,4,0,3),(1631750,5,0,3),(1631750,6,0,3),(1631750,7,0,3),(1631750,8,0,3),(1631750,9,0,3),(1631791,1,0,3),(1631791,2,0,3),(1631791,3,0,3),(1631791,4,0,3),(1631791,5,0,3),(1631791,6,0,3),(1631791,7,0,3),(1631791,8,0,3),(1631791,9,0,3),(1631804,1,0,3),(1631804,2,0,3),(1631804,3,0,3),(1631804,4,0,3),(1631804,5,0,3),(1631804,6,2,3),(1631804,7,0,3),(1631804,8,0,3),(1631804,9,0,3),(1631827,1,0,3),(1631827,2,0,3),(1631827,3,0,3),(1631827,4,0,3),(1631827,5,0,3),(1631827,6,0,3),(1631827,7,0,3),(1631827,8,0,3),(1631827,9,0,3),(1631834,1,0,3),(1631834,2,0,3),(1631834,3,0,3),(1631834,4,0,3),(1631834,5,0,3),(1631834,6,0,3),(1631834,7,0,3),(1631834,8,0,3),(1631834,9,0,3),(1631841,1,0,3),(1631841,2,0,3),(1631841,3,0,3),(1631841,4,0,3),(1631841,5,0,3),(1631841,6,0,3),(1631841,7,0,3),(1631841,8,0,3),(1631841,9,0,3),(1631866,1,3,3),(1631866,2,0,3),(1631866,3,12,3),(1631866,4,5,3),(1631866,5,0,3),(1631866,6,2,3),(1631866,7,0,3),(1631866,8,8,3),(1631866,9,5,3),(1631912,1,10,3),(1631912,2,22,3),(1631912,3,27,3),(1631912,4,0,3),(1631912,5,32,3),(1631912,6,5,3),(1631912,7,18,3),(1631912,8,17,3),(1631912,9,29,3),(1631918,1,0,3),(1631918,2,0,3),(1631918,3,0,3),(1631918,4,0,3),(1631918,5,0,3),(1631918,6,0,3),(1631918,7,0,3),(1631918,8,0,3),(1631918,9,0,3),(1631919,1,0,3),(1631919,2,2,3),(1631919,3,1,3),(1631919,4,0,3),(1631919,5,0,3),(1631919,6,0,3),(1631919,7,1,3),(1631919,8,0,3),(1631919,9,0,3),(1631945,1,0,3),(1631945,2,0,3),(1631945,3,0,3),(1631945,4,0,3),(1631945,5,0,3),(1631945,6,0,3),(1631945,7,0,3),(1631945,8,0,3),(1631945,9,0,3),(1631947,1,0,3),(1631947,2,0,3),(1631947,3,0,3),(1631947,4,0,3),(1631947,5,0,3),(1631947,6,0,3),(1631947,7,0,3),(1631947,8,0,3),(1631947,9,0,3),(1631987,1,0,3),(1631987,2,0,3),(1631987,3,0,3),(1631987,4,0,3),(1631987,5,0,3),(1631987,6,0,3),(1631987,7,0,3),(1631987,8,0,3),(1631987,9,0,3),(1631997,1,0,3),(1631997,2,0,3),(1631997,3,0,3),(1631997,4,0,3),(1631997,5,0,3),(1631997,6,0,3),(1631997,7,0,3),(1631997,8,0,3),(1631997,9,0,3),(1632083,1,16,3),(1632083,2,10,3),(1632083,3,8,3),(1632083,4,8,3),(1632083,5,12,3),(1632083,6,12,3),(1632083,7,3,3),(1632083,8,7,3),(1632083,9,10,3),(1632091,1,7,3),(1632091,2,4,3),(1632091,3,2,3),(1632091,4,6,3),(1632091,5,14,3),(1632091,6,10,3),(1632091,7,21,3),(1632091,8,8,3),(1632091,9,17,3),(1632222,1,0,3),(1632222,2,0,3),(1632222,3,0,3),(1632222,4,0,3),(1632222,5,0,3),(1632222,6,0,3),(1632222,7,0,3),(1632222,8,0,3),(1632222,9,0,3),(1632223,1,0,3),(1632223,2,0,3),(1632223,3,-4,3),(1632223,4,0,3),(1632223,5,0,3),(1632223,6,0,3),(1632223,7,0,3),(1632223,8,0,3),(1632223,9,0,3),(1632227,1,0,3),(1632227,2,0,3),(1632227,3,0,3),(1632227,4,0,3),(1632227,5,0,3),(1632227,6,0,3),(1632227,7,0,3),(1632227,8,0,3),(1632227,9,0,3),(1632236,1,0,3),(1632236,2,0,3),(1632236,3,0,3),(1632236,4,0,3),(1632236,5,0,3),(1632236,6,0,3),(1632236,7,0,3),(1632236,8,0,3),(1632236,9,0,3),(1632241,1,0,3),(1632241,2,0,3),(1632241,3,0,3),(1632241,4,0,3),(1632241,5,0,3),(1632241,6,0,3),(1632241,7,0,3),(1632241,8,0,3),(1632241,9,0,3),(1632251,1,0,3),(1632251,2,0,3),(1632251,3,0,3),(1632251,4,0,3),(1632251,5,0,3),(1632251,6,0,3),(1632251,7,0,3),(1632251,8,0,3),(1632251,9,0,3),(1632252,1,0,3),(1632252,2,0,3),(1632252,3,0,3),(1632252,4,0,3),(1632252,5,0,3),(1632252,6,0,3),(1632252,7,0,3),(1632252,8,0,3),(1632252,9,0,3),(1632255,1,0,3),(1632255,2,0,3),(1632255,3,0,3),(1632255,4,0,3),(1632255,5,0,3),(1632255,6,0,3),(1632255,7,0,3),(1632255,8,0,3),(1632255,9,0,3),(1632292,1,0,3),(1632292,2,0,3),(1632292,3,0,3),(1632292,4,0,3),(1632292,5,0,3),(1632292,6,0,3),(1632292,7,0,3),(1632292,8,0,3),(1632292,9,0,3),(1632301,1,1,3),(1632301,2,0,3),(1632301,3,6,3),(1632301,4,20,3),(1632301,5,5,3),(1632301,6,2,3),(1632301,7,0,3),(1632301,8,0,3),(1632301,9,0,3),(1632384,1,0,3),(1632384,2,0,3),(1632384,3,0,3),(1632384,4,0,3),(1632384,5,0,3),(1632384,6,0,3),(1632384,7,0,3),(1632384,8,0,3),(1632384,9,0,3),(1632385,1,3,3),(1632385,2,8,3),(1632385,3,2,3),(1632385,4,10,3),(1632385,5,6,3),(1632385,6,7,3),(1632385,7,1,3),(1632385,8,10,3),(1632385,9,3,3),(1632462,1,0,3),(1632462,2,0,3),(1632462,3,0,3),(1632462,4,0,3),(1632462,5,0,3),(1632462,6,0,3),(1632462,7,0,3),(1632462,8,0,3),(1632462,9,0,3),(1632503,1,0,3),(1632503,2,0,3),(1632503,3,0,3),(1632503,4,0,3),(1632503,5,0,3),(1632503,6,0,3),(1632503,7,0,3),(1632503,8,0,3),(1632503,9,0,3),(1632787,1,0,3),(1632787,2,0,3),(1632787,3,0,3),(1632787,4,0,3),(1632787,5,0,3),(1632787,6,0,3),(1632787,7,0,3),(1632787,8,0,3),(1632787,9,0,3),(1632973,1,0,3),(1632973,2,0,3),(1632973,3,0,3),(1632973,4,0,3),(1632973,5,0,3),(1632973,6,0,3),(1632973,7,0,3),(1632973,8,0,3),(1632973,9,0,3),(1633106,1,0,3),(1633106,2,0,3),(1633106,3,0,3),(1633106,4,0,3),(1633106,5,0,3),(1633106,6,0,3),(1633106,7,0,3),(1633106,8,0,3),(1633106,9,0,3),(1633109,1,0,3),(1633109,2,0,3),(1633109,3,6,3),(1633109,4,3,3),(1633109,5,1,3),(1633109,6,2,3),(1633109,7,0,3),(1633109,8,3,3),(1633109,9,8,3),(1633112,1,0,3),(1633112,2,0,3),(1633112,3,0,3),(1633112,4,0,3),(1633112,5,0,3),(1633112,6,0,3),(1633112,7,0,3),(1633112,8,0,3),(1633112,9,0,3),(1633122,1,6,3),(1633122,2,9,3),(1633122,3,15,3),(1633122,4,0,3),(1633122,5,8,3),(1633122,6,13,3),(1633122,7,0,3),(1633122,8,1,3),(1633122,9,0,3),(1633188,1,0,3),(1633188,2,0,3),(1633188,3,0,3),(1633188,4,0,3),(1633188,5,0,3),(1633188,6,0,3),(1633188,7,0,3),(1633188,8,0,3),(1633188,9,0,3),(1633497,1,0,3),(1633497,2,0,3),(1633497,3,0,3),(1633497,4,0,3),(1633497,5,0,3),(1633497,6,0,3),(1633497,7,0,3),(1633497,8,0,3),(1633497,9,0,3),(1634499,1,3,3),(1634499,2,0,3),(1634499,3,0,3),(1634499,4,0,3),(1634499,5,0,3),(1634499,6,0,3),(1634499,7,0,3),(1634499,8,0,3),(1634499,9,0,3),(1636732,1,0,3),(1636732,2,0,3),(1636732,3,0,3),(1636732,4,0,3),(1636732,5,0,3),(1636732,6,0,3),(1636732,7,0,3),(1636732,8,0,3),(1636732,9,0,3),(1637004,1,0,3),(1637004,2,0,3),(1637004,3,0,3),(1637004,4,0,3),(1637004,5,0,3),(1637004,6,0,3),(1637004,7,0,3),(1637004,8,0,3),(1637004,9,0,3),(1661887,1,0,3),(1661887,2,0,3),(1661887,3,0,3),(1661887,4,0,3),(1661887,5,0,3),(1661887,6,0,3),(1661887,7,0,3),(1661887,8,0,3),(1661887,9,0,3),(1662348,1,6,3),(1662348,2,6,3),(1662348,3,6,3),(1662348,4,7,3),(1662348,5,0,3),(1662348,6,3,3),(1662348,7,0,3),(1662348,8,5,3),(1662348,9,16,3),(1664140,1,0,3),(1664140,2,0,3),(1664140,3,0,3),(1664140,4,0,3),(1664140,5,0,3),(1664140,6,0,3),(1664140,7,0,3),(1664140,8,0,3),(1664140,9,0,3),(1664151,1,0,3),(1664151,2,0,3),(1664151,3,0,3),(1664151,4,0,3),(1664151,5,0,3),(1664151,6,0,3),(1664151,7,0,3),(1664151,8,0,3),(1664151,9,0,3),(1664188,1,-2,3),(1664188,2,0,3),(1664188,3,0,3),(1664188,4,0,3),(1664188,5,10,3),(1664188,6,3,3),(1664188,7,0,3),(1664188,8,0,3),(1664188,9,0,3),(1664257,1,0,3),(1664257,2,0,3),(1664257,3,0,3),(1664257,4,0,3),(1664257,5,0,3),(1664257,6,0,3),(1664257,7,0,3),(1664257,8,0,3),(1664257,9,0,3),(1664304,1,0,3),(1664304,2,0,3),(1664304,3,0,3),(1664304,4,0,3),(1664304,5,0,3),(1664304,6,0,3),(1664304,7,0,3),(1664304,8,0,3),(1664304,9,0,3),(1664400,1,0,3),(1664400,2,0,3),(1664400,3,0,3),(1664400,4,0,3),(1664400,5,0,3),(1664400,6,0,3),(1664400,7,0,3),(1664400,8,0,3),(1664400,9,0,3),(1664646,1,0,3),(1664646,2,0,3),(1664646,3,8,3),(1664646,4,0,3),(1664646,5,0,3),(1664646,6,0,3),(1664646,7,2,3),(1664646,8,0,3),(1664646,9,2,3),(1664705,1,0,3),(1664705,2,0,3),(1664705,3,0,3),(1664705,4,0,3),(1664705,5,0,3),(1664705,6,0,3),(1664705,7,0,3),(1664705,8,0,3),(1664705,9,0,3),(1664753,1,0,3),(1664753,2,0,3),(1664753,3,0,3),(1664753,4,0,3),(1664753,5,0,3),(1664753,6,0,3),(1664753,7,0,3),(1664753,8,0,3),(1664753,9,0,3),(1664777,1,0,3),(1664777,2,0,3),(1664777,3,0,3),(1664777,4,0,3),(1664777,5,0,3),(1664777,6,0,3),(1664777,7,0,3),(1664777,8,0,3),(1664777,9,0,3),(1664780,1,0,3),(1664780,2,0,3),(1664780,3,0,3),(1664780,4,0,3),(1664780,5,0,3),(1664780,6,0,3),(1664780,7,0,3),(1664780,8,0,3),(1664780,9,0,3),(1664860,1,0,3),(1664860,2,0,3),(1664860,3,0,3),(1664860,4,0,3),(1664860,5,0,3),(1664860,6,0,3),(1664860,7,0,3),(1664860,8,0,3),(1664860,9,0,3),(1664982,1,0,3),(1664982,2,0,3),(1664982,3,0,3),(1664982,4,0,3),(1664982,5,0,3),(1664982,6,0,3),(1664982,7,0,3),(1664982,8,0,3),(1664982,9,0,3),(1665158,1,0,3),(1665158,2,0,3),(1665158,3,0,3),(1665158,4,0,3),(1665158,5,0,3),(1665158,6,0,3),(1665158,7,0,3),(1665158,8,0,3),(1665158,9,0,3),(1667326,1,0,3),(1667326,2,0,3),(1667326,3,0,3),(1667326,4,0,3),(1667326,5,0,3),(1667326,6,0,3),(1667326,7,0,3),(1667326,8,0,3),(1667326,9,0,3),(1672655,1,0,3),(1672655,2,0,3),(1672655,3,0,3),(1672655,4,0,3),(1672655,5,0,3),(1672655,6,0,3),(1672655,7,0,3),(1672655,8,0,3),(1672655,9,0,3),(1672692,1,0,3),(1672692,2,0,3),(1672692,3,0,3),(1672692,4,0,3),(1672692,5,0,3),(1672692,6,0,3),(1672692,7,0,3),(1672692,8,0,3),(1672692,9,0,3),(1672870,1,0,3),(1672870,2,0,3),(1672870,3,0,3),(1672870,4,0,3),(1672870,5,0,3),(1672870,6,0,3),(1672870,7,0,3),(1672870,8,0,3),(1672870,9,0,3),(1672907,1,0,3),(1672907,2,0,3),(1672907,3,0,3),(1672907,4,0,3),(1672907,5,0,3),(1672907,6,0,3),(1672907,7,0,3),(1672907,8,0,3),(1672907,9,0,3),(1673207,1,7,3),(1673207,2,11,3),(1673207,3,25,3),(1673207,4,17,3),(1673207,5,12,3),(1673207,6,25,3),(1673207,7,6,3),(1673207,8,0,3),(1673207,9,15,3),(1673231,1,0,3),(1673231,2,0,3),(1673231,3,0,3),(1673231,4,0,3),(1673231,5,0,3),(1673231,6,0,3),(1673231,7,0,3),(1673231,8,0,3),(1673231,9,0,3),(1673297,1,0,3),(1673297,2,0,3),(1673297,3,0,3),(1673297,4,0,3),(1673297,5,0,3),(1673297,6,0,3),(1673297,7,0,3),(1673297,8,0,3),(1673297,9,0,3),(1673357,1,0,3),(1673357,2,0,3),(1673357,3,0,3),(1673357,4,0,3),(1673357,5,0,3),(1673357,6,0,3),(1673357,7,0,3),(1673357,8,0,3),(1673357,9,0,3),(1673383,1,0,3),(1673383,2,0,3),(1673383,3,0,3),(1673383,4,0,3),(1673383,5,0,3),(1673383,6,0,3),(1673383,7,0,3),(1673383,8,0,3),(1673383,9,0,3),(1673545,1,0,3),(1673545,2,0,3),(1673545,3,0,3),(1673545,4,0,3),(1673545,5,0,3),(1673545,6,0,3),(1673545,7,0,3),(1673545,8,0,3),(1673545,9,0,3),(1673733,1,0,3),(1673733,2,1,3),(1673733,3,17,3),(1673733,4,0,3),(1673733,5,3,3),(1673733,6,3,3),(1673733,7,2,3),(1673733,8,3,3),(1673733,9,16,3),(1674113,1,0,3),(1674113,2,0,3),(1674113,3,0,3),(1674113,4,0,3),(1674113,5,0,3),(1674113,6,0,3),(1674113,7,0,3),(1674113,8,0,3),(1674113,9,0,3),(1674116,1,0,3),(1674116,2,5,3),(1674116,3,8,3),(1674116,4,0,3),(1674116,5,0,3),(1674116,6,0,3),(1674116,7,0,3),(1674116,8,0,3),(1674116,9,0,3),(1674135,1,0,3),(1674135,2,0,3),(1674135,3,0,3),(1674135,4,0,3),(1674135,5,0,3),(1674135,6,0,3),(1674135,7,0,3),(1674135,8,0,3),(1674135,9,0,3),(1674136,1,6,3),(1674136,2,8,3),(1674136,3,5,3),(1674136,4,2,3),(1674136,5,0,3),(1674136,6,6,3),(1674136,7,4,3),(1674136,8,4,3),(1674136,9,17,3),(1674140,1,0,3),(1674140,2,0,3),(1674140,3,0,3),(1674140,4,0,3),(1674140,5,0,3),(1674140,6,0,3),(1674140,7,0,3),(1674140,8,1,3),(1674140,9,0,3),(1674146,1,0,3),(1674146,2,0,3),(1674146,3,0,3),(1674146,4,0,3),(1674146,5,4,3),(1674146,6,0,3),(1674146,7,0,3),(1674146,8,0,3),(1674146,9,0,3),(1674147,1,6,3),(1674147,2,2,3),(1674147,3,0,3),(1674147,4,0,3),(1674147,5,0,3),(1674147,6,2,3),(1674147,7,20,3),(1674147,8,3,3),(1674147,9,11,3),(1674148,1,6,3),(1674148,2,5,3),(1674148,3,19,3),(1674148,4,2,3),(1674148,5,6,3),(1674148,6,4,3),(1674148,7,0,3),(1674148,8,12,3),(1674148,9,7,3),(1674149,1,0,3),(1674149,2,0,3),(1674149,3,0,3),(1674149,4,0,3),(1674149,5,0,3),(1674149,6,0,3),(1674149,7,0,3),(1674149,8,0,3),(1674149,9,0,3),(1674153,1,0,3),(1674153,2,0,3),(1674153,3,0,3),(1674153,4,0,3),(1674153,5,0,3),(1674153,6,0,3),(1674153,7,0,3),(1674153,8,0,3),(1674153,9,0,3),(1674462,1,0,3),(1674462,2,0,3),(1674462,3,0,3),(1674462,4,0,3),(1674462,5,0,3),(1674462,6,0,3),(1674462,7,0,3),(1674462,8,0,3),(1674462,9,0,3),(1674985,1,0,3),(1674985,2,0,3),(1674985,3,0,3),(1674985,4,0,3),(1674985,5,0,3),(1674985,6,0,3),(1674985,7,0,3),(1674985,8,0,3),(1674985,9,0,3),(1675020,1,0,3),(1675020,2,0,3),(1675020,3,0,3),(1675020,4,0,3),(1675020,5,0,3),(1675020,6,-2,3),(1675020,7,0,3),(1675020,8,0,3),(1675020,9,0,3),(1675028,1,0,3),(1675028,2,0,3),(1675028,3,0,3),(1675028,4,6,3),(1675028,5,0,3),(1675028,6,0,3),(1675028,7,0,3),(1675028,8,0,3),(1675028,9,0,3),(1675037,1,0,3),(1675037,2,0,3),(1675037,3,0,3),(1675037,4,0,3),(1675037,5,0,3),(1675037,6,0,3),(1675037,7,0,3),(1675037,8,0,3),(1675037,9,0,3),(1675111,1,0,3),(1675111,2,0,3),(1675111,3,0,3),(1675111,4,0,3),(1675111,5,0,3),(1675111,6,0,3),(1675111,7,0,3),(1675111,8,0,3),(1675111,9,0,3),(1675114,1,3,3),(1675114,2,6,3),(1675114,3,1,3),(1675114,4,0,3),(1675114,5,0,3),(1675114,6,0,3),(1675114,7,0,3),(1675114,8,0,3),(1675114,9,0,3),(1675122,1,0,3),(1675122,2,0,3),(1675122,3,0,3),(1675122,4,0,3),(1675122,5,0,3),(1675122,6,0,3),(1675122,7,0,3),(1675122,8,0,3),(1675122,9,0,3),(1675126,1,0,3),(1675126,2,0,3),(1675126,3,0,3),(1675126,4,0,3),(1675126,5,0,3),(1675126,6,0,3),(1675126,7,0,3),(1675126,8,0,3),(1675126,9,0,3),(1675145,1,0,3),(1675145,2,0,3),(1675145,3,0,3),(1675145,4,0,3),(1675145,5,0,3),(1675145,6,0,3),(1675145,7,0,3),(1675145,8,0,3),(1675145,9,0,3),(1675176,1,1,3),(1675176,2,0,3),(1675176,3,1,3),(1675176,4,0,3),(1675176,5,0,3),(1675176,6,0,3),(1675176,7,0,3),(1675176,8,1,3),(1675176,9,0,3),(1675185,1,0,3),(1675185,2,0,3),(1675185,3,0,3),(1675185,4,0,3),(1675185,5,0,3),(1675185,6,0,3),(1675185,7,0,3),(1675185,8,0,3),(1675185,9,0,3),(1675207,1,2,3),(1675207,2,9,3),(1675207,3,4,3),(1675207,4,0,3),(1675207,5,4,3),(1675207,6,11,3),(1675207,7,0,3),(1675207,8,0,3),(1675207,9,20,3),(1675229,1,0,3),(1675229,2,0,3),(1675229,3,0,3),(1675229,4,0,3),(1675229,5,0,3),(1675229,6,0,3),(1675229,7,0,3),(1675229,8,0,3),(1675229,9,0,3),(1675238,1,0,3),(1675238,2,0,3),(1675238,3,0,3),(1675238,4,0,3),(1675238,5,0,3),(1675238,6,0,3),(1675238,7,0,3),(1675238,8,0,3),(1675238,9,0,3),(1675610,1,0,3),(1675610,2,0,3),(1675610,3,0,3),(1675610,4,0,3),(1675610,5,0,3),(1675610,6,0,3),(1675610,7,0,3),(1675610,8,0,3),(1675610,9,0,3),(1675660,1,0,3),(1675660,2,0,3),(1675660,3,0,3),(1675660,4,0,3),(1675660,5,0,3),(1675660,6,0,3),(1675660,7,0,3),(1675660,8,0,3),(1675660,9,0,3),(1675666,1,0,3),(1675666,2,0,3),(1675666,3,0,3),(1675666,4,4,3),(1675666,5,0,3),(1675666,6,6,3),(1675666,7,2,3),(1675666,8,1,3),(1675666,9,0,3),(1675742,1,0,3),(1675742,2,0,3),(1675742,3,0,3),(1675742,4,0,3),(1675742,5,0,3),(1675742,6,0,3),(1675742,7,0,3),(1675742,8,0,3),(1675742,9,0,3),(1675830,1,0,3),(1675830,2,8,3),(1675830,3,0,3),(1675830,4,1,3),(1675830,5,0,3),(1675830,6,12,3),(1675830,7,0,3),(1675830,8,0,3),(1675830,9,13,3),(1675843,1,0,3),(1675843,2,0,3),(1675843,3,0,3),(1675843,4,0,3),(1675843,5,0,3),(1675843,6,0,3),(1675843,7,0,3),(1675843,8,0,3),(1675843,9,0,3),(1675850,1,0,3),(1675850,2,0,3),(1675850,3,0,3),(1675850,4,0,3),(1675850,5,0,3),(1675850,6,0,3),(1675850,7,0,3),(1675850,8,0,3),(1675850,9,0,3),(1678495,1,0,3),(1678495,2,0,3),(1678495,3,0,3),(1678495,4,0,3),(1678495,5,0,3),(1678495,6,0,3),(1678495,7,0,3),(1678495,8,0,3),(1678495,9,0,3),(1679651,1,20,3),(1679651,2,0,3),(1679651,3,0,3),(1679651,4,0,3),(1679651,5,0,3),(1679651,6,8,3),(1679651,7,5,3),(1679651,8,2,3),(1679651,9,0,3),(1679724,1,0,3),(1679724,2,0,3),(1679724,3,0,3),(1679724,4,0,3),(1679724,5,0,3),(1679724,6,0,3),(1679724,7,0,3),(1679724,8,0,3),(1679724,9,0,3),(1679734,1,0,3),(1679734,2,0,3),(1679734,3,0,3),(1679734,4,0,3),(1679734,5,0,3),(1679734,6,0,3),(1679734,7,0,3),(1679734,8,0,3),(1679734,9,0,3),(1679738,1,0,3),(1679738,2,0,3),(1679738,3,0,3),(1679738,4,0,3),(1679738,5,0,3),(1679738,6,0,3),(1679738,7,0,3),(1679738,8,0,3),(1679738,9,0,3),(1679885,1,0,3),(1679885,2,0,3),(1679885,3,0,3),(1679885,4,0,3),(1679885,5,0,3),(1679885,6,0,3),(1679885,7,0,3),(1679885,8,0,3),(1679885,9,0,3),(1679913,1,0,3),(1679913,2,0,3),(1679913,3,0,3),(1679913,4,0,3),(1679913,5,0,3),(1679913,6,0,3),(1679913,7,0,3),(1679913,8,0,3),(1679913,9,0,3),(1679942,1,0,3),(1679942,2,0,3),(1679942,3,0,3),(1679942,4,0,3),(1679942,5,0,3),(1679942,6,0,3),(1679942,7,0,3),(1679942,8,0,3),(1679942,9,0,3),(1679964,1,0,3),(1679964,2,0,3),(1679964,3,0,3),(1679964,4,0,3),(1679964,5,0,3),(1679964,6,0,3),(1679964,7,0,3),(1679964,8,0,3),(1679964,9,0,3),(1679976,1,0,3),(1679976,2,0,3),(1679976,3,0,3),(1679976,4,0,3),(1679976,5,8,3),(1679976,6,0,3),(1679976,7,0,3),(1679976,8,6,3),(1679976,9,0,3),(1681620,1,0,3),(1681620,2,0,3),(1681620,3,0,3),(1681620,4,0,3),(1681620,5,0,3),(1681620,6,0,3),(1681620,7,0,3),(1681620,8,0,3),(1681620,9,0,3),(1682065,1,0,3),(1682065,2,0,3),(1682065,3,0,3),(1682065,4,0,3),(1682065,5,0,3),(1682065,6,0,3),(1682065,7,0,3),(1682065,8,0,3),(1682065,9,0,3),(1682104,1,0,3),(1682104,2,0,3),(1682104,3,0,3),(1682104,4,0,3),(1682104,5,0,3),(1682104,6,0,3),(1682104,7,0,3),(1682104,8,0,3),(1682104,9,0,3),(1682127,1,0,3),(1682127,2,0,3),(1682127,3,0,3),(1682127,4,0,3),(1682127,5,0,3),(1682127,6,0,3),(1682127,7,0,3),(1682127,8,0,3),(1682127,9,0,3),(1682170,1,0,3),(1682170,2,0,3),(1682170,3,0,3),(1682170,4,0,3),(1682170,5,0,3),(1682170,6,0,3),(1682170,7,0,3),(1682170,8,0,3),(1682170,9,0,3),(1682469,1,0,3),(1682469,2,0,3),(1682469,3,0,3),(1682469,4,0,3),(1682469,5,0,3),(1682469,6,0,3),(1682469,7,0,3),(1682469,8,0,3),(1682469,9,0,3),(1682472,1,0,3),(1682472,2,0,3),(1682472,3,0,3),(1682472,4,0,3),(1682472,5,0,3),(1682472,6,0,3),(1682472,7,0,3),(1682472,8,0,3),(1682472,9,0,3),(1682492,1,0,3),(1682492,2,0,3),(1682492,3,0,3),(1682492,4,0,3),(1682492,5,0,3),(1682492,6,0,3),(1682492,7,0,3),(1682492,8,0,3),(1682492,9,0,3),(1682591,1,0,3),(1682591,2,0,3),(1682591,3,0,3),(1682591,4,0,3),(1682591,5,0,3),(1682591,6,0,3),(1682591,7,0,3),(1682591,8,0,3),(1682591,9,0,3),(1682856,1,0,3),(1682856,2,0,3),(1682856,3,0,3),(1682856,4,0,3),(1682856,5,0,3),(1682856,6,0,3),(1682856,7,0,3),(1682856,8,0,3),(1682856,9,0,3),(1682906,1,7,3),(1682906,2,1,3),(1682906,3,0,3),(1682906,4,0,3),(1682906,5,0,3),(1682906,6,0,3),(1682906,7,0,3),(1682906,8,0,3),(1682906,9,2,3),(1683110,1,0,3),(1683110,2,0,3),(1683110,3,0,3),(1683110,4,0,3),(1683110,5,0,3),(1683110,6,0,3),(1683110,7,0,3),(1683110,8,0,3),(1683110,9,0,3),(1683145,1,0,3),(1683145,2,0,3),(1683145,3,0,3),(1683145,4,0,3),(1683145,5,0,3),(1683145,6,0,3),(1683145,7,0,3),(1683145,8,0,3),(1683145,9,0,3),(1683844,1,0,3),(1683844,2,0,3),(1683844,3,0,3),(1683844,4,0,3),(1683844,5,0,3),(1683844,6,0,3),(1683844,7,0,3),(1683844,8,0,3),(1683844,9,0,3),(1683956,1,0,3),(1683956,2,0,3),(1683956,3,0,3),(1683956,4,0,3),(1683956,5,0,3),(1683956,6,0,3),(1683956,7,0,3),(1683956,8,0,3),(1683956,9,0,3),(1684073,1,5,3),(1684073,2,23,3),(1684073,3,4,3),(1684073,4,16,3),(1684073,5,23,3),(1684073,6,11,3),(1684073,7,19,3),(1684073,8,2,3),(1684073,9,6,3),(1684091,1,0,3),(1684091,2,0,3),(1684091,3,0,3),(1684091,4,0,3),(1684091,5,0,3),(1684091,6,0,3),(1684091,7,0,3),(1684091,8,0,3),(1684091,9,0,3),(1684461,1,0,3),(1684461,2,0,3),(1684461,3,0,3),(1684461,4,0,3),(1684461,5,0,3),(1684461,6,0,3),(1684461,7,0,3),(1684461,8,0,3),(1684461,9,0,3),(1684563,1,10,3),(1684563,2,0,3),(1684563,3,4,3),(1684563,4,15,3),(1684563,5,1,3),(1684563,6,0,3),(1684563,7,10,3),(1684563,8,0,3),(1684563,9,6,3),(1685895,1,0,3),(1685895,2,0,3),(1685895,3,0,3),(1685895,4,0,3),(1685895,5,0,3),(1685895,6,0,3),(1685895,7,0,3),(1685895,8,0,3),(1685895,9,0,3),(1685963,1,0,3),(1685963,2,0,3),(1685963,3,0,3),(1685963,4,0,3),(1685963,5,0,3),(1685963,6,0,3),(1685963,7,0,3),(1685963,8,0,3),(1685963,9,0,3),(1685988,1,0,3),(1685988,2,0,3),(1685988,3,0,3),(1685988,4,0,3),(1685988,5,0,3),(1685988,6,0,3),(1685988,7,0,3),(1685988,8,0,3),(1685988,9,0,3),(1685990,1,0,3),(1685990,2,0,3),(1685990,3,0,3),(1685990,4,0,3),(1685990,5,0,3),(1685990,6,0,3),(1685990,7,0,3),(1685990,8,0,3),(1685990,9,0,3),(1686001,1,0,3),(1686001,2,0,3),(1686001,3,0,3),(1686001,4,0,3),(1686001,5,0,3),(1686001,6,0,3),(1686001,7,0,3),(1686001,8,0,3),(1686001,9,0,3),(1686006,1,14,3),(1686006,2,0,3),(1686006,3,4,3),(1686006,4,3,3),(1686006,5,8,3),(1686006,6,0,3),(1686006,7,0,3),(1686006,8,0,3),(1686006,9,0,3),(1686044,1,0,3),(1686044,2,0,3),(1686044,3,0,3),(1686044,4,0,3),(1686044,5,0,3),(1686044,6,0,3),(1686044,7,0,3),(1686044,8,0,3),(1686044,9,0,3),(1686045,1,3,3),(1686045,2,0,3),(1686045,3,4,3),(1686045,4,1,3),(1686045,5,20,3),(1686045,6,15,3),(1686045,7,11,3),(1686045,8,4,3),(1686045,9,3,3),(1686185,1,0,3),(1686185,2,0,3),(1686185,3,0,3),(1686185,4,0,3),(1686185,5,0,3),(1686185,6,0,3),(1686185,7,0,3),(1686185,8,0,3),(1686185,9,0,3),(1686306,1,0,3),(1686306,2,0,3),(1686306,3,0,3),(1686306,4,0,3),(1686306,5,0,3),(1686306,6,0,3),(1686306,7,0,3),(1686306,8,0,3),(1686306,9,0,3),(1686971,1,3,3),(1686971,2,0,3),(1686971,3,0,3),(1686971,4,0,3),(1686971,5,0,3),(1686971,6,-1,3),(1686971,7,12,3),(1686971,8,9,3),(1686971,9,16,3),(1687371,1,0,3),(1687371,2,0,3),(1687371,3,0,3),(1687371,4,1,3),(1687371,5,0,3),(1687371,6,0,3),(1687371,7,0,3),(1687371,8,0,3),(1687371,9,8,3),(1687422,1,0,3),(1687422,2,0,3),(1687422,3,0,3),(1687422,4,1,3),(1687422,5,0,3),(1687422,6,0,3),(1687422,7,3,3),(1687422,8,3,3),(1687422,9,0,3),(1687529,1,12,3),(1687529,2,6,3),(1687529,3,5,3),(1687529,4,23,3),(1687529,5,3,3),(1687529,6,1,3),(1687529,7,16,3),(1687529,8,6,3),(1687529,9,8,3),(1688198,1,0,3),(1688198,2,0,3),(1688198,3,0,3),(1688198,4,0,3),(1688198,5,0,3),(1688198,6,0,3),(1688198,7,0,3),(1688198,8,0,3),(1688198,9,0,3),(1689664,1,6,3),(1689664,2,1,3),(1689664,3,10,3),(1689664,4,4,3),(1689664,5,0,3),(1689664,6,11,3),(1689664,7,13,3),(1689664,8,8,3),(1689664,9,7,3),(1691166,1,14,3),(1691166,2,13,3),(1691166,3,7,3),(1691166,4,7,3),(1691166,5,0,3),(1691166,6,0,3),(1691166,7,0,3),(1691166,8,12,3),(1691166,9,13,3),(1691169,1,0,3),(1691169,2,12,3),(1691169,3,4,3),(1691169,4,1,3),(1691169,5,0,3),(1691169,6,0,3),(1691169,7,0,3),(1691169,8,0,3),(1691169,9,0,3),(1691251,1,0,3),(1691251,2,0,3),(1691251,3,0,3),(1691251,4,0,3),(1691251,5,0,3),(1691251,6,0,3),(1691251,7,0,3),(1691251,8,0,3),(1691251,9,0,3),(1691322,1,0,3),(1691322,2,0,3),(1691322,3,0,3),(1691322,4,0,3),(1691322,5,0,3),(1691322,6,0,3),(1691322,7,0,3),(1691322,8,0,3),(1691322,9,0,3),(1691361,1,0,3),(1691361,2,0,3),(1691361,3,0,3),(1691361,4,0,3),(1691361,5,0,3),(1691361,6,0,3),(1691361,7,0,3),(1691361,8,0,3),(1691361,9,0,3),(1691363,1,0,3),(1691363,2,0,3),(1691363,3,0,3),(1691363,4,0,3),(1691363,5,0,3),(1691363,6,0,3),(1691363,7,0,3),(1691363,8,0,3),(1691363,9,0,3),(1691404,1,0,3),(1691404,2,0,3),(1691404,3,0,3),(1691404,4,0,3),(1691404,5,0,3),(1691404,6,0,3),(1691404,7,0,3),(1691404,8,0,3),(1691404,9,0,3),(1691412,1,0,3),(1691412,2,0,3),(1691412,3,0,3),(1691412,4,0,3),(1691412,5,0,3),(1691412,6,0,3),(1691412,7,0,3),(1691412,8,0,3),(1691412,9,0,3),(1691422,1,0,3),(1691422,2,0,3),(1691422,3,0,3),(1691422,4,0,3),(1691422,5,0,3),(1691422,6,0,3),(1691422,7,0,3),(1691422,8,0,3),(1691422,9,0,3),(1691430,1,3,3),(1691430,2,25,3),(1691430,3,10,3),(1691430,4,15,3),(1691430,5,18,3),(1691430,6,4,3),(1691430,7,1,3),(1691430,8,19,3),(1691430,9,13,3),(1691443,1,0,3),(1691443,2,0,3),(1691443,3,0,3),(1691443,4,0,3),(1691443,5,0,3),(1691443,6,0,3),(1691443,7,0,3),(1691443,8,0,3),(1691443,9,0,3),(1691458,1,0,3),(1691458,2,0,3),(1691458,3,0,3),(1691458,4,0,3),(1691458,5,0,3),(1691458,6,0,3),(1691458,7,0,3),(1691458,8,0,3),(1691458,9,0,3),(1691489,1,0,3),(1691489,2,0,3),(1691489,3,0,3),(1691489,4,0,3),(1691489,5,0,3),(1691489,6,0,3),(1691489,7,0,3),(1691489,8,0,3),(1691489,9,0,3),(1691536,1,0,3),(1691536,2,0,3),(1691536,3,0,3),(1691536,4,0,3),(1691536,5,6,3),(1691536,6,6,3),(1691536,7,5,3),(1691536,8,7,3),(1691536,9,7,3),(1691546,1,0,3),(1691546,2,0,3),(1691546,3,0,3),(1691546,4,0,3),(1691546,5,0,3),(1691546,6,0,3),(1691546,7,0,3),(1691546,8,0,3),(1691546,9,0,3),(1691608,1,0,3),(1691608,2,0,3),(1691608,3,0,3),(1691608,4,0,3),(1691608,5,0,3),(1691608,6,0,3),(1691608,7,0,3),(1691608,8,0,3),(1691608,9,0,3),(1691614,1,0,3),(1691614,2,0,3),(1691614,3,0,3),(1691614,4,0,3),(1691614,5,0,3),(1691614,6,0,3),(1691614,7,0,3),(1691614,8,0,3),(1691614,9,0,3),(1692064,1,0,3),(1692064,2,0,3),(1692064,3,0,3),(1692064,4,0,3),(1692064,5,0,3),(1692064,6,0,3),(1692064,7,0,3),(1692064,8,0,3),(1692064,9,0,3),(1692413,1,0,3),(1692413,2,0,3),(1692413,3,0,3),(1692413,4,0,3),(1692413,5,0,3),(1692413,6,0,3),(1692413,7,0,3),(1692413,8,0,3),(1692413,9,0,3),(1693202,1,0,3),(1693202,2,0,3),(1693202,3,0,3),(1693202,4,0,3),(1693202,5,0,3),(1693202,6,0,3),(1693202,7,0,3),(1693202,8,0,3),(1693202,9,0,3),(1693867,1,0,3),(1693867,2,0,3),(1693867,3,0,3),(1693867,4,14,3),(1693867,5,0,3),(1693867,6,0,3),(1693867,7,10,3),(1693867,8,0,3),(1693867,9,0,3),(1695497,1,0,3),(1695497,2,1,3),(1695497,3,0,3),(1695497,4,0,3),(1695497,5,2,3),(1695497,6,0,3),(1695497,7,0,3),(1695497,8,8,3),(1695497,9,0,3),(1695553,1,0,3),(1695553,2,0,3),(1695553,3,0,3),(1695553,4,0,3),(1695553,5,0,3),(1695553,6,0,3),(1695553,7,0,3),(1695553,8,0,3),(1695553,9,0,3),(1696988,1,0,3),(1696988,2,0,3),(1696988,3,0,3),(1696988,4,0,3),(1696988,5,0,3),(1696988,6,0,3),(1696988,7,0,3),(1696988,8,0,3),(1696988,9,0,3),(1696992,1,0,3),(1696992,2,0,3),(1696992,3,0,3),(1696992,4,0,3),(1696992,5,0,3),(1696992,6,0,3),(1696992,7,0,3),(1696992,8,0,3),(1696992,9,0,3),(1697297,1,0,3),(1697297,2,0,3),(1697297,3,0,3),(1697297,4,0,3),(1697297,5,0,3),(1697297,6,0,3),(1697297,7,0,3),(1697297,8,0,3),(1697297,9,0,3),(1700252,1,0,3),(1700252,2,0,3),(1700252,3,0,3),(1700252,4,0,3),(1700252,5,0,3),(1700252,6,0,3),(1700252,7,0,3),(1700252,8,0,3),(1700252,9,0,3),(1700274,1,0,3),(1700274,2,0,3),(1700274,3,0,3),(1700274,4,0,3),(1700274,5,0,3),(1700274,6,0,3),(1700274,7,0,3),(1700274,8,0,3),(1700274,9,0,3),(1700338,1,0,3),(1700338,2,0,3),(1700338,3,0,3),(1700338,4,0,3),(1700338,5,0,3),(1700338,6,0,3),(1700338,7,0,3),(1700338,8,0,3),(1700338,9,0,3),(1700358,1,0,3),(1700358,2,0,3),(1700358,3,0,3),(1700358,4,0,3),(1700358,5,0,3),(1700358,6,0,3),(1700358,7,0,3),(1700358,8,0,3),(1700358,9,0,3),(1700403,1,2,3),(1700403,2,0,3),(1700403,3,11,3),(1700403,4,0,3),(1700403,5,8,3),(1700403,6,0,3),(1700403,7,0,3),(1700403,8,10,3),(1700403,9,5,3),(1700475,1,0,3),(1700475,2,0,3),(1700475,3,0,3),(1700475,4,0,3),(1700475,5,0,3),(1700475,6,0,3),(1700475,7,0,3),(1700475,8,0,3),(1700475,9,0,3),(1700485,1,0,3),(1700485,2,0,3),(1700485,3,0,3),(1700485,4,0,3),(1700485,5,0,3),(1700485,6,0,3),(1700485,7,0,3),(1700485,8,0,3),(1700485,9,0,3),(1700507,1,0,3),(1700507,2,0,3),(1700507,3,0,3),(1700507,4,0,3),(1700507,5,0,3),(1700507,6,0,3),(1700507,7,0,3),(1700507,8,0,3),(1700507,9,0,3),(1700552,1,0,3),(1700552,2,0,3),(1700552,3,0,3),(1700552,4,0,3),(1700552,5,0,3),(1700552,6,0,3),(1700552,7,0,3),(1700552,8,0,3),(1700552,9,0,3),(1700701,1,0,3),(1700701,2,0,3),(1700701,3,0,3),(1700701,4,0,3),(1700701,5,0,3),(1700701,6,0,3),(1700701,7,0,3),(1700701,8,0,3),(1700701,9,0,3),(1700779,1,0,3),(1700779,2,0,3),(1700779,3,0,3),(1700779,4,0,3),(1700779,5,0,3),(1700779,6,0,3),(1700779,7,0,3),(1700779,8,0,3),(1700779,9,0,3),(1700840,1,0,3),(1700840,2,0,3),(1700840,3,0,3),(1700840,4,0,3),(1700840,5,0,3),(1700840,6,0,3),(1700840,7,0,3),(1700840,8,0,3),(1700840,9,0,3),(1700901,1,0,3),(1700901,2,0,3),(1700901,3,0,3),(1700901,4,0,3),(1700901,5,0,3),(1700901,6,0,3),(1700901,7,0,3),(1700901,8,0,3),(1700901,9,0,3),(1700931,1,0,3),(1700931,2,0,3),(1700931,3,0,3),(1700931,4,0,3),(1700931,5,0,3),(1700931,6,0,3),(1700931,7,0,3),(1700931,8,0,3),(1700931,9,0,3),(1700934,1,0,3),(1700934,2,0,3),(1700934,3,0,3),(1700934,4,0,3),(1700934,5,0,3),(1700934,6,0,3),(1700934,7,0,3),(1700934,8,0,3),(1700934,9,0,3),(1700943,1,0,3),(1700943,2,0,3),(1700943,3,0,3),(1700943,4,0,3),(1700943,5,0,3),(1700943,6,0,3),(1700943,7,0,3),(1700943,8,0,3),(1700943,9,0,3),(1700986,1,0,3),(1700986,2,0,3),(1700986,3,0,3),(1700986,4,0,3),(1700986,5,0,3),(1700986,6,0,3),(1700986,7,0,3),(1700986,8,0,3),(1700986,9,0,3),(1701008,1,0,3),(1701008,2,0,3),(1701008,3,0,3),(1701008,4,6,3),(1701008,5,0,3),(1701008,6,0,3),(1701008,7,0,3),(1701008,8,8,3),(1701008,9,0,3),(1701513,1,0,3),(1701513,2,0,3),(1701513,3,0,3),(1701513,4,0,3),(1701513,5,0,3),(1701513,6,0,3),(1701513,7,0,3),(1701513,8,0,3),(1701513,9,0,3),(1701956,1,0,3),(1701956,2,0,3),(1701956,3,0,3),(1701956,4,0,3),(1701956,5,0,3),(1701956,6,0,3),(1701956,7,0,3),(1701956,8,0,3),(1701956,9,0,3),(1702983,1,0,3),(1702983,2,0,3),(1702983,3,0,3),(1702983,4,0,3),(1702983,5,0,3),(1702983,6,0,3),(1702983,7,0,3),(1702983,8,0,3),(1702983,9,0,3),(1702985,1,0,3),(1702985,2,0,3),(1702985,3,0,3),(1702985,4,0,3),(1702985,5,0,3),(1702985,6,0,3),(1702985,7,0,3),(1702985,8,0,3),(1702985,9,0,3),(1704810,1,0,3),(1704810,2,0,3),(1704810,3,0,3),(1704810,4,0,3),(1704810,5,0,3),(1704810,6,0,3),(1704810,7,0,3),(1704810,8,0,3),(1704810,9,0,3),(1705702,1,0,3),(1705702,2,0,3),(1705702,3,0,3),(1705702,4,0,3),(1705702,5,0,3),(1705702,6,0,3),(1705702,7,0,3),(1705702,8,0,3),(1705702,9,0,3),(1707248,1,0,3),(1707248,2,0,3),(1707248,3,0,3),(1707248,4,0,3),(1707248,5,0,3),(1707248,6,0,3),(1707248,7,0,3),(1707248,8,0,3),(1707248,9,0,3),(1707280,1,0,3),(1707280,2,0,3),(1707280,3,0,3),(1707280,4,0,3),(1707280,5,0,3),(1707280,6,0,3),(1707280,7,0,3),(1707280,8,0,3),(1707280,9,0,3),(1707317,1,0,3),(1707317,2,0,3),(1707317,3,0,3),(1707317,4,0,3),(1707317,5,0,3),(1707317,6,0,3),(1707317,7,0,3),(1707317,8,0,3),(1707317,9,0,3),(1707633,1,0,3),(1707633,2,0,3),(1707633,3,2,3),(1707633,4,1,3),(1707633,5,0,3),(1707633,6,1,3),(1707633,7,0,3),(1707633,8,0,3),(1707633,9,0,3),(1707637,1,0,3),(1707637,2,0,3),(1707637,3,0,3),(1707637,4,5,3),(1707637,5,11,3),(1707637,6,8,3),(1707637,7,8,3),(1707637,8,12,3),(1707637,9,0,3),(1713803,1,1,3),(1713803,2,0,3),(1713803,3,2,3),(1713803,4,4,3),(1713803,5,1,3),(1713803,6,2,3),(1713803,7,0,3),(1713803,8,0,3),(1713803,9,8,3),(1716248,1,0,3),(1716248,2,0,3),(1716248,3,0,3),(1716248,4,0,3),(1716248,5,0,3),(1716248,6,0,3),(1716248,7,0,3),(1716248,8,0,3),(1716248,9,0,3),(1724406,1,0,3),(1724406,2,6,3),(1724406,3,0,3),(1724406,4,0,3),(1724406,5,0,3),(1724406,6,0,3),(1724406,7,0,3),(1724406,8,0,3),(1724406,9,0,3),(1724424,1,0,3),(1724424,2,0,3),(1724424,3,0,3),(1724424,4,0,3),(1724424,5,0,3),(1724424,6,0,3),(1724424,7,0,3),(1724424,8,0,3),(1724424,9,0,3),(1724614,1,0,3),(1724614,2,0,3),(1724614,3,0,3),(1724614,4,0,3),(1724614,5,0,3),(1724614,6,0,3),(1724614,7,0,3),(1724614,8,0,3),(1724614,9,0,3),(1725130,1,0,3),(1725130,2,0,3),(1725130,3,0,3),(1725130,4,0,3),(1725130,5,0,3),(1725130,6,0,3),(1725130,7,0,3),(1725130,8,0,3),(1725130,9,0,3),(1727391,1,0,3),(1727391,2,0,3),(1727391,3,0,3),(1727391,4,0,3),(1727391,5,0,3),(1727391,6,0,3),(1727391,7,0,3),(1727391,8,0,3),(1727391,9,0,3),(1737078,1,0,3),(1737078,2,0,3),(1737078,3,0,3),(1737078,4,0,3),(1737078,5,0,3),(1737078,6,0,3),(1737078,7,0,3),(1737078,8,0,3),(1737078,9,0,3),(1737096,1,0,3),(1737096,2,0,3),(1737096,3,0,3),(1737096,4,0,3),(1737096,5,0,3),(1737096,6,0,3),(1737096,7,0,3),(1737096,8,0,3),(1737096,9,0,3),(1737109,1,0,3),(1737109,2,0,3),(1737109,3,0,3),(1737109,4,0,3),(1737109,5,0,3),(1737109,6,0,3),(1737109,7,0,3),(1737109,8,0,3),(1737109,9,0,3),(1737120,1,0,3),(1737120,2,0,3),(1737120,3,0,3),(1737120,4,0,3),(1737120,5,0,3),(1737120,6,0,3),(1737120,7,0,3),(1737120,8,0,3),(1737120,9,0,3),(1737204,1,0,3),(1737204,2,0,3),(1737204,3,0,3),(1737204,4,0,3),(1737204,5,0,3),(1737204,6,0,3),(1737204,7,0,3),(1737204,8,0,3),(1737204,9,0,3),(1737248,1,0,3),(1737248,2,0,3),(1737248,3,0,3),(1737248,4,0,3),(1737248,5,0,3),(1737248,6,0,3),(1737248,7,0,3),(1737248,8,0,3),(1737248,9,0,3),(1737295,1,0,3),(1737295,2,0,3),(1737295,3,0,3),(1737295,4,0,3),(1737295,5,0,3),(1737295,6,0,3),(1737295,7,0,3),(1737295,8,0,3),(1737295,9,0,3),(1737463,1,0,3),(1737463,2,0,3),(1737463,3,0,3),(1737463,4,0,3),(1737463,5,0,3),(1737463,6,0,3),(1737463,7,0,3),(1737463,8,0,3),(1737463,9,0,3),(1737645,1,0,3),(1737645,2,0,3),(1737645,3,0,3),(1737645,4,0,3),(1737645,5,0,3),(1737645,6,0,3),(1737645,7,0,3),(1737645,8,0,3),(1737645,9,0,3),(1737685,1,0,3),(1737685,2,0,3),(1737685,3,0,3),(1737685,4,0,3),(1737685,5,0,3),(1737685,6,0,3),(1737685,7,0,3),(1737685,8,0,3),(1737685,9,0,3),(1737695,1,0,3),(1737695,2,0,3),(1737695,3,0,3),(1737695,4,0,3),(1737695,5,0,3),(1737695,6,0,3),(1737695,7,0,3),(1737695,8,0,3),(1737695,9,0,3),(1737753,1,0,3),(1737753,2,0,3),(1737753,3,0,3),(1737753,4,0,3),(1737753,5,0,3),(1737753,6,0,3),(1737753,7,0,3),(1737753,8,0,3),(1737753,9,0,3),(1740196,1,0,3),(1740196,2,0,3),(1740196,3,0,3),(1740196,4,0,3),(1740196,5,0,3),(1740196,6,0,3),(1740196,7,0,3),(1740196,8,0,3),(1740196,9,0,3),(1749007,1,0,3),(1749007,2,0,3),(1749007,3,0,3),(1749007,4,0,3),(1749007,5,0,3),(1749007,6,0,3),(1749007,7,0,3),(1749007,8,0,3),(1749007,9,0,3),(1751258,1,0,3),(1751258,2,1,3),(1751258,3,1,3),(1751258,4,0,3),(1751258,5,1,3),(1751258,6,3,3),(1751258,7,9,3),(1751258,8,12,3),(1751258,9,9,3),(1751828,1,0,3),(1751828,2,0,3),(1751828,3,0,3),(1751828,4,0,3),(1751828,5,0,3),(1751828,6,0,3),(1751828,7,0,3),(1751828,8,0,3),(1751828,9,0,3),(1752728,1,0,3),(1752728,2,0,3),(1752728,3,0,3),(1752728,4,0,3),(1752728,5,0,3),(1752728,6,0,3),(1752728,7,0,3),(1752728,8,0,3),(1752728,9,0,3),(1754280,1,0,3),(1754280,2,0,3),(1754280,3,0,3),(1754280,4,0,3),(1754280,5,0,3),(1754280,6,0,3),(1754280,7,0,3),(1754280,8,0,3),(1754280,9,0,3),(1755056,1,0,3),(1755056,2,0,3),(1755056,3,0,3),(1755056,4,0,3),(1755056,5,0,3),(1755056,6,0,3),(1755056,7,0,3),(1755056,8,0,3),(1755056,9,0,3),(1755077,1,0,3),(1755077,2,0,3),(1755077,3,0,3),(1755077,4,0,3),(1755077,5,0,3),(1755077,6,0,3),(1755077,7,0,3),(1755077,8,0,3),(1755077,9,0,3),(1762057,1,0,3),(1762057,2,0,3),(1762057,3,0,3),(1762057,4,0,3),(1762057,5,0,3),(1762057,6,0,3),(1762057,7,0,3),(1762057,8,0,3),(1762057,9,0,3),(1762335,1,0,3),(1762335,2,0,3),(1762335,3,0,3),(1762335,4,0,3),(1762335,5,0,3),(1762335,6,0,3),(1762335,7,0,3),(1762335,8,0,3),(1762335,9,0,3),(1763065,1,0,3),(1763065,2,0,3),(1763065,3,0,3),(1763065,4,0,3),(1763065,5,0,3),(1763065,6,0,3),(1763065,7,0,3),(1763065,8,0,3),(1763065,9,0,3),(1765998,1,0,3),(1765998,2,0,3),(1765998,3,0,3),(1765998,4,0,3),(1765998,5,0,3),(1765998,6,0,3),(1765998,7,0,3),(1765998,8,0,3),(1765998,9,0,3),(1768610,1,0,3),(1768610,2,0,3),(1768610,3,0,3),(1768610,4,0,3),(1768610,5,0,3),(1768610,6,0,3),(1768610,7,0,3),(1768610,8,0,3),(1768610,9,0,3),(1770388,1,0,3),(1770388,2,0,3),(1770388,3,0,3),(1770388,4,0,3),(1770388,5,0,3),(1770388,6,0,3),(1770388,7,0,3),(1770388,8,0,3),(1770388,9,0,3),(1779117,1,0,3),(1779117,2,0,3),(1779117,3,0,3),(1779117,4,0,3),(1779117,5,0,3),(1779117,6,0,3),(1779117,7,0,3),(1779117,8,0,3),(1779117,9,0,3),(1781543,1,0,3),(1781543,2,0,3),(1781543,3,0,3),(1781543,4,0,3),(1781543,5,0,3),(1781543,6,0,3),(1781543,7,0,3),(1781543,8,0,3),(1781543,9,0,3),(1782643,1,0,3),(1782643,2,0,3),(1782643,3,0,3),(1782643,4,0,3),(1782643,5,0,3),(1782643,6,0,3),(1782643,7,0,3),(1782643,8,0,3),(1782643,9,0,3),(1786771,1,0,3),(1786771,2,0,3),(1786771,3,0,3),(1786771,4,0,3),(1786771,5,0,3),(1786771,6,0,3),(1786771,7,0,3),(1786771,8,0,3),(1786771,9,0,3),(1786772,1,0,3),(1786772,2,0,3),(1786772,3,0,3),(1786772,4,0,3),(1786772,5,0,3),(1786772,6,0,3),(1786772,7,0,3),(1786772,8,0,3),(1786772,9,0,3),(1789457,1,0,3),(1789457,2,0,3),(1789457,3,0,3),(1789457,4,0,3),(1789457,5,0,3),(1789457,6,0,3),(1789457,7,0,3),(1789457,8,0,3),(1789457,9,0,3),(1803772,1,0,3),(1803772,2,0,3),(1803772,3,0,3),(1803772,4,0,3),(1803772,5,0,3),(1803772,6,0,3),(1803772,7,0,3),(1803772,8,0,3),(1803772,9,0,3),(1803774,1,8,3),(1803774,2,11,3),(1803774,3,13,3),(1803774,4,3,3),(1803774,5,4,3),(1803774,6,3,3),(1803774,7,1,3),(1803774,8,0,3),(1803774,9,3,3),(1803776,1,0,3),(1803776,2,0,3),(1803776,3,0,3),(1803776,4,0,3),(1803776,5,0,3),(1803776,6,0,3),(1803776,7,0,3),(1803776,8,0,3),(1803776,9,0,3),(1823343,1,0,3),(1823343,2,0,3),(1823343,3,0,3),(1823343,4,0,3),(1823343,5,0,3),(1823343,6,0,3),(1823343,7,0,3),(1823343,8,0,3),(1823343,9,0,3),(1823355,1,5,3),(1823355,2,6,3),(1823355,3,6,3),(1823355,4,13,3),(1823355,5,2,3),(1823355,6,11,3),(1823355,7,0,3),(1823355,8,5,3),(1823355,9,7,3),(1823779,1,1,3),(1823779,2,3,3),(1823779,3,1,3),(1823779,4,0,3),(1823779,5,0,3),(1823779,6,1,3),(1823779,7,0,3),(1823779,8,0,3),(1823779,9,0,3),(1823780,1,0,3),(1823780,2,0,3),(1823780,3,0,3),(1823780,4,0,3),(1823780,5,0,3),(1823780,6,0,3),(1823780,7,0,3),(1823780,8,0,3),(1823780,9,0,3),(1823781,1,0,3),(1823781,2,0,3),(1823781,3,0,3),(1823781,4,0,3),(1823781,5,0,3),(1823781,6,0,3),(1823781,7,0,3),(1823781,8,0,3),(1823781,9,0,3),(1823782,1,0,3),(1823782,2,0,3),(1823782,3,3,3),(1823782,4,0,3),(1823782,5,0,3),(1823782,6,8,3),(1823782,7,0,3),(1823782,8,0,3),(1823782,9,0,3),(1823814,1,0,3),(1823814,2,0,3),(1823814,3,6,3),(1823814,4,0,3),(1823814,5,0,3),(1823814,6,0,3),(1823814,7,0,3),(1823814,8,0,3),(1823814,9,0,3),(1823854,1,0,3),(1823854,2,0,3),(1823854,3,0,3),(1823854,4,0,3),(1823854,5,0,3),(1823854,6,0,3),(1823854,7,0,3),(1823854,8,0,3),(1823854,9,0,3),(1823890,1,13,3),(1823890,2,0,3),(1823890,3,14,3),(1823890,4,0,3),(1823890,5,4,3),(1823890,6,0,3),(1823890,7,11,3),(1823890,8,11,3),(1823890,9,5,3),(1823899,1,0,3),(1823899,2,0,3),(1823899,3,0,3),(1823899,4,0,3),(1823899,5,0,3),(1823899,6,0,3),(1823899,7,0,3),(1823899,8,0,3),(1823899,9,0,3),(1823918,1,0,3),(1823918,2,0,3),(1823918,3,0,3),(1823918,4,0,3),(1823918,5,0,3),(1823918,6,-2,3),(1823918,7,0,3),(1823918,8,0,3),(1823918,9,0,3),(1824467,1,0,3),(1824467,2,0,3),(1824467,3,0,3),(1824467,4,0,3),(1824467,5,0,3),(1824467,6,0,3),(1824467,7,0,3),(1824467,8,0,3),(1824467,9,0,3),(1825413,1,0,3),(1825413,2,0,3),(1825413,3,0,3),(1825413,4,0,3),(1825413,5,0,3),(1825413,6,0,3),(1825413,7,0,3),(1825413,8,0,3),(1825413,9,0,3),(1853170,1,0,3),(1853170,2,0,3),(1853170,3,0,3),(1853170,4,0,3),(1853170,5,0,3),(1853170,6,0,3),(1853170,7,0,3),(1853170,8,0,3),(1853170,9,0,3),(1853176,1,0,3),(1853176,2,0,3),(1853176,3,0,3),(1853176,4,0,3),(1853176,5,0,3),(1853176,6,0,3),(1853176,7,0,3),(1853176,8,0,3),(1853176,9,0,3),(1853223,1,0,3),(1853223,2,0,3),(1853223,3,0,3),(1853223,4,0,3),(1853223,5,0,3),(1853223,6,0,3),(1853223,7,0,3),(1853223,8,0,3),(1853223,9,0,3),(1853326,1,0,3),(1853326,2,0,3),(1853326,3,0,3),(1853326,4,0,3),(1853326,5,0,3),(1853326,6,0,3),(1853326,7,0,3),(1853326,8,9,3),(1853326,9,0,3),(1853419,1,0,3),(1853419,2,0,3),(1853419,3,0,3),(1853419,4,0,3),(1853419,5,0,3),(1853419,6,0,3),(1853419,7,0,3),(1853419,8,0,3),(1853419,9,0,3),(1853529,1,0,3),(1853529,2,0,3),(1853529,3,0,3),(1853529,4,0,3),(1853529,5,0,3),(1853529,6,0,3),(1853529,7,0,3),(1853529,8,0,3),(1853529,9,0,3),(1853531,1,0,3),(1853531,2,0,3),(1853531,3,0,3),(1853531,4,0,3),(1853531,5,0,3),(1853531,6,0,3),(1853531,7,0,3),(1853531,8,0,3),(1853531,9,0,3),(1853727,1,0,3),(1853727,2,0,3),(1853727,3,0,3),(1853727,4,0,3),(1853727,5,0,3),(1853727,6,0,3),(1853727,7,0,3),(1853727,8,0,3),(1853727,9,0,3),(1853740,1,0,3),(1853740,2,0,3),(1853740,3,0,3),(1853740,4,0,3),(1853740,5,0,3),(1853740,6,0,3),(1853740,7,0,3),(1853740,8,0,3),(1853740,9,0,3),(1853789,1,0,3),(1853789,2,0,3),(1853789,3,0,3),(1853789,4,0,3),(1853789,5,0,3),(1853789,6,0,3),(1853789,7,0,3),(1853789,8,0,3),(1853789,9,0,3),(1854192,1,0,3),(1854192,2,0,3),(1854192,3,0,3),(1854192,4,0,3),(1854192,5,0,3),(1854192,6,0,3),(1854192,7,0,3),(1854192,8,0,3),(1854192,9,0,3),(1854263,1,0,3),(1854263,2,0,3),(1854263,3,0,3),(1854263,4,0,3),(1854263,5,0,3),(1854263,6,0,3),(1854263,7,0,3),(1854263,8,0,3),(1854263,9,0,3),(1854528,1,0,3),(1854528,2,0,3),(1854528,3,0,3),(1854528,4,0,3),(1854528,5,0,3),(1854528,6,0,3),(1854528,7,0,3),(1854528,8,0,3),(1854528,9,0,3),(1854533,1,0,3),(1854533,2,0,3),(1854533,3,0,3),(1854533,4,0,3),(1854533,5,0,3),(1854533,6,0,3),(1854533,7,0,3),(1854533,8,0,3),(1854533,9,0,3),(1854546,1,0,3),(1854546,2,0,3),(1854546,3,0,3),(1854546,4,0,3),(1854546,5,0,3),(1854546,6,0,3),(1854546,7,0,3),(1854546,8,0,3),(1854546,9,0,3),(1856491,1,0,3),(1856491,2,0,3),(1856491,3,0,3),(1856491,4,0,3),(1856491,5,2,3),(1856491,6,7,3),(1856491,7,1,3),(1856491,8,0,3),(1856491,9,0,3),(1857139,1,0,3),(1857139,2,0,3),(1857139,3,0,3),(1857139,4,0,3),(1857139,5,0,3),(1857139,6,0,3),(1857139,7,0,3),(1857139,8,0,3),(1857139,9,0,3),(1864646,1,0,3),(1864646,2,0,3),(1864646,3,0,3),(1864646,4,0,3),(1864646,5,0,3),(1864646,6,0,3),(1864646,7,0,3),(1864646,8,0,3),(1864646,9,0,3),(1867816,1,0,3),(1867816,2,0,3),(1867816,3,0,3),(1867816,4,0,3),(1867816,5,0,3),(1867816,6,0,3),(1867816,7,0,3),(1867816,8,0,3),(1867816,9,0,3),(1867912,1,0,3),(1867912,2,0,3),(1867912,3,0,3),(1867912,4,0,3),(1867912,5,0,3),(1867912,6,0,3),(1867912,7,0,3),(1867912,8,0,3),(1867912,9,0,3),(1876715,1,0,3),(1876715,2,0,3),(1876715,3,0,3),(1876715,4,0,3),(1876715,5,0,3),(1876715,6,0,3),(1876715,7,0,3),(1876715,8,0,3),(1876715,9,0,3),(1880820,1,0,3),(1880820,2,0,3),(1880820,3,0,3),(1880820,4,0,3),(1880820,5,0,3),(1880820,6,0,3),(1880820,7,0,3),(1880820,8,0,3),(1880820,9,0,3),(1891800,1,0,3),(1891800,2,0,3),(1891800,3,0,3),(1891800,4,0,3),(1891800,5,0,3),(1891800,6,0,3),(1891800,7,0,3),(1891800,8,0,3),(1891800,9,0,3),(1891852,1,0,3),(1891852,2,0,3),(1891852,3,0,3),(1891852,4,0,3),(1891852,5,0,3),(1891852,6,0,3),(1891852,7,0,3),(1891852,8,0,3),(1891852,9,0,3),(1891854,1,2,3),(1891854,2,0,3),(1891854,3,0,3),(1891854,4,0,3),(1891854,5,0,3),(1891854,6,0,3),(1891854,7,0,3),(1891854,8,0,3),(1891854,9,0,3),(1891855,1,1,3),(1891855,2,0,3),(1891855,3,0,3),(1891855,4,0,3),(1891855,5,0,3),(1891855,6,0,3),(1891855,7,0,3),(1891855,8,0,3),(1891855,9,0,3),(1891856,1,0,3),(1891856,2,0,3),(1891856,3,0,3),(1891856,4,0,3),(1891856,5,0,3),(1891856,6,0,3),(1891856,7,0,3),(1891856,8,0,3),(1891856,9,0,3),(1891868,1,0,3),(1891868,2,0,3),(1891868,3,0,3),(1891868,4,2,3),(1891868,5,0,3),(1891868,6,3,3),(1891868,7,3,3),(1891868,8,1,3),(1891868,9,0,3),(1891873,1,0,3),(1891873,2,0,3),(1891873,3,0,3),(1891873,4,0,3),(1891873,5,0,3),(1891873,6,0,3),(1891873,7,0,3),(1891873,8,0,3),(1891873,9,0,3),(1891877,1,0,3),(1891877,2,0,3),(1891877,3,0,3),(1891877,4,0,3),(1891877,5,0,3),(1891877,6,0,3),(1891877,7,0,3),(1891877,8,0,3),(1891877,9,0,3),(1891880,1,0,3),(1891880,2,0,3),(1891880,3,0,3),(1891880,4,0,3),(1891880,5,0,3),(1891880,6,0,3),(1891880,7,0,3),(1891880,8,0,3),(1891880,9,0,3),(1891881,1,0,3),(1891881,2,0,3),(1891881,3,0,3),(1891881,4,0,3),(1891881,5,0,3),(1891881,6,0,3),(1891881,7,0,3),(1891881,8,0,3),(1891881,9,0,3),(1891884,1,0,3),(1891884,2,0,3),(1891884,3,0,3),(1891884,4,0,3),(1891884,5,0,3),(1891884,6,0,3),(1891884,7,0,3),(1891884,8,0,3),(1891884,9,0,3),(1891886,1,0,3),(1891886,2,0,3),(1891886,3,0,3),(1891886,4,0,3),(1891886,5,0,3),(1891886,6,0,3),(1891886,7,0,3),(1891886,8,0,3),(1891886,9,0,3),(1891890,1,0,3),(1891890,2,0,3),(1891890,3,0,3),(1891890,4,0,3),(1891890,5,0,3),(1891890,6,0,3),(1891890,7,0,3),(1891890,8,0,3),(1891890,9,0,3),(1891892,1,0,3),(1891892,2,0,3),(1891892,3,0,3),(1891892,4,0,3),(1891892,5,0,3),(1891892,6,0,3),(1891892,7,0,3),(1891892,8,0,3),(1891892,9,0,3),(1891894,1,0,3),(1891894,2,0,3),(1891894,3,0,3),(1891894,4,0,3),(1891894,5,0,3),(1891894,6,0,3),(1891894,7,0,3),(1891894,8,0,3),(1891894,9,0,3),(1891895,1,0,3),(1891895,2,0,3),(1891895,3,0,3),(1891895,4,0,3),(1891895,5,0,3),(1891895,6,0,3),(1891895,7,0,3),(1891895,8,0,3),(1891895,9,0,3),(1891898,1,0,3),(1891898,2,0,3),(1891898,3,0,3),(1891898,4,0,3),(1891898,5,0,3),(1891898,6,0,3),(1891898,7,0,3),(1891898,8,0,3),(1891898,9,0,3),(1891902,1,0,3),(1891902,2,0,3),(1891902,3,0,3),(1891902,4,0,3),(1891902,5,0,3),(1891902,6,0,3),(1891902,7,0,3),(1891902,8,0,3),(1891902,9,0,3),(1891905,1,0,3),(1891905,2,0,3),(1891905,3,0,3),(1891905,4,0,3),(1891905,5,0,3),(1891905,6,0,3),(1891905,7,0,3),(1891905,8,0,3),(1891905,9,0,3),(1891910,1,0,3),(1891910,2,0,3),(1891910,3,0,3),(1891910,4,0,3),(1891910,5,0,3),(1891910,6,0,3),(1891910,7,0,3),(1891910,8,0,3),(1891910,9,0,3),(1891913,1,0,3),(1891913,2,0,3),(1891913,3,0,3),(1891913,4,0,3),(1891913,5,0,3),(1891913,6,0,3),(1891913,7,0,3),(1891913,8,0,3),(1891913,9,0,3),(1891914,1,0,3),(1891914,2,0,3),(1891914,3,0,3),(1891914,4,0,3),(1891914,5,0,3),(1891914,6,0,3),(1891914,7,0,3),(1891914,8,0,3),(1891914,9,0,3),(1891915,1,0,3),(1891915,2,0,3),(1891915,3,0,3),(1891915,4,0,3),(1891915,5,0,3),(1891915,6,0,3),(1891915,7,0,3),(1891915,8,0,3),(1891915,9,0,3),(1891916,1,0,3),(1891916,2,0,3),(1891916,3,0,3),(1891916,4,0,3),(1891916,5,0,3),(1891916,6,0,3),(1891916,7,0,3),(1891916,8,0,3),(1891916,9,0,3),(1891917,1,0,3),(1891917,2,0,3),(1891917,3,0,3),(1891917,4,0,3),(1891917,5,0,3),(1891917,6,0,3),(1891917,7,0,3),(1891917,8,0,3),(1891917,9,0,3),(1891922,1,0,3),(1891922,2,0,3),(1891922,3,0,3),(1891922,4,0,3),(1891922,5,0,3),(1891922,6,0,3),(1891922,7,0,3),(1891922,8,0,3),(1891922,9,0,3),(1904814,1,0,3),(1904814,2,0,3),(1904814,3,0,3),(1904814,4,0,3),(1904814,5,0,3),(1904814,6,0,3),(1904814,7,0,3),(1904814,8,0,3),(1904814,9,0,3),(1963570,1,0,3),(1963570,2,0,3),(1963570,3,0,3),(1963570,4,0,3),(1963570,5,0,3),(1963570,6,0,3),(1963570,7,0,3),(1963570,8,0,3),(1963570,9,0,3),(1963572,1,1,3),(1963572,2,2,3),(1963572,3,0,3),(1963572,4,0,3),(1963572,5,0,3),(1963572,6,0,3),(1963572,7,0,3),(1963572,8,6,3),(1963572,9,0,3),(1964992,1,0,3),(1964992,2,0,3),(1964992,3,0,3),(1964992,4,0,3),(1964992,5,0,3),(1964992,6,0,3),(1964992,7,0,3),(1964992,8,0,3),(1964992,9,0,3),(1971880,1,0,3),(1971880,2,0,3),(1971880,3,0,3),(1971880,4,0,3),(1971880,5,0,3),(1971880,6,0,3),(1971880,7,0,3),(1971880,8,0,3),(1971880,9,0,3),(1971885,1,0,3),(1971885,2,0,3),(1971885,3,0,3),(1971885,4,0,3),(1971885,5,0,3),(1971885,6,0,3),(1971885,7,0,3),(1971885,8,0,3),(1971885,9,0,3),(1971893,1,11,3),(1971893,2,11,3),(1971893,3,8,3),(1971893,4,17,3),(1971893,5,7,3),(1971893,6,6,3),(1971893,7,10,3),(1971893,8,1,3),(1971893,9,0,3),(1971903,1,0,3),(1971903,2,0,3),(1971903,3,0,3),(1971903,4,0,3),(1971903,5,0,3),(1971903,6,0,3),(1971903,7,0,3),(1971903,8,0,3),(1971903,9,0,3),(1971906,1,0,3),(1971906,2,0,3),(1971906,3,0,3),(1971906,4,0,3),(1971906,5,0,3),(1971906,6,0,3),(1971906,7,0,3),(1971906,8,0,3),(1971906,9,0,3),(1971912,1,2,3),(1971912,2,9,3),(1971912,3,1,3),(1971912,4,2,3),(1971912,5,3,3),(1971912,6,9,3),(1971912,7,7,3),(1971912,8,5,3),(1971912,9,0,3),(1971913,1,0,3),(1971913,2,0,3),(1971913,3,0,3),(1971913,4,0,3),(1971913,5,0,3),(1971913,6,0,3),(1971913,7,0,3),(1971913,8,0,3),(1971913,9,0,3),(1971914,1,0,3),(1971914,2,0,3),(1971914,3,2,3),(1971914,4,0,3),(1971914,5,0,3),(1971914,6,0,3),(1971914,7,0,3),(1971914,8,0,3),(1971914,9,4,3),(1971915,1,0,3),(1971915,2,0,3),(1971915,3,0,3),(1971915,4,0,3),(1971915,5,0,3),(1971915,6,0,3),(1971915,7,0,3),(1971915,8,0,3),(1971915,9,0,3),(1971917,1,0,3),(1971917,2,0,3),(1971917,3,0,3),(1971917,4,0,3),(1971917,5,0,3),(1971917,6,0,3),(1971917,7,0,3),(1971917,8,0,3),(1971917,9,0,3),(1974165,1,0,3),(1974165,2,0,3),(1974165,3,0,3),(1974165,4,0,3),(1974165,5,0,3),(1974165,6,0,3),(1974165,7,0,3),(1974165,8,0,3),(1974165,9,0,3),(1974167,1,0,3),(1974167,2,0,3),(1974167,3,0,3),(1974167,4,0,3),(1974167,5,0,3),(1974167,6,0,3),(1974167,7,0,3),(1974167,8,0,3),(1974167,9,0,3),(1974174,1,0,3),(1974174,2,0,3),(1974174,3,0,3),(1974174,4,0,3),(1974174,5,0,3),(1974174,6,0,3),(1974174,7,0,3),(1974174,8,0,3),(1974174,9,0,3),(1974178,1,0,3),(1974178,2,0,3),(1974178,3,0,3),(1974178,4,0,3),(1974178,5,0,3),(1974178,6,0,3),(1974178,7,0,3),(1974178,8,0,3),(1974178,9,0,3),(1974192,1,0,3),(1974192,2,0,3),(1974192,3,0,3),(1974192,4,0,3),(1974192,5,0,3),(1974192,6,0,3),(1974192,7,0,3),(1974192,8,0,3),(1974192,9,0,3),(1974193,1,0,3),(1974193,2,0,3),(1974193,3,0,3),(1974193,4,0,3),(1974193,5,0,3),(1974193,6,0,3),(1974193,7,0,3),(1974193,8,0,3),(1974193,9,0,3),(1975891,1,0,3),(1975891,2,0,3),(1975891,3,0,3),(1975891,4,0,3),(1975891,5,0,3),(1975891,6,0,3),(1975891,7,0,3),(1975891,8,0,3),(1975891,9,0,3),(1975893,1,0,3),(1975893,2,0,3),(1975893,3,0,3),(1975893,4,0,3),(1975893,5,0,3),(1975893,6,0,3),(1975893,7,0,3),(1975893,8,0,3),(1975893,9,0,3),(1975894,1,0,3),(1975894,2,0,3),(1975894,3,0,3),(1975894,4,0,3),(1975894,5,0,3),(1975894,6,0,3),(1975894,7,0,3),(1975894,8,0,3),(1975894,9,0,3),(1975896,1,0,3),(1975896,2,0,3),(1975896,3,0,3),(1975896,4,0,3),(1975896,5,0,3),(1975896,6,0,3),(1975896,7,0,3),(1975896,8,0,3),(1975896,9,0,3),(1975903,1,0,3),(1975903,2,0,3),(1975903,3,0,3),(1975903,4,0,3),(1975903,5,0,3),(1975903,6,0,3),(1975903,7,0,3),(1975903,8,0,3),(1975903,9,0,3),(1975912,1,0,3),(1975912,2,0,3),(1975912,3,0,3),(1975912,4,0,3),(1975912,5,0,3),(1975912,6,0,3),(1975912,7,0,3),(1975912,8,0,3),(1975912,9,0,3),(1975916,1,0,3),(1975916,2,0,3),(1975916,3,0,3),(1975916,4,0,3),(1975916,5,0,3),(1975916,6,0,3),(1975916,7,0,3),(1975916,8,0,3),(1975916,9,0,3),(1975942,1,0,3),(1975942,2,0,3),(1975942,3,0,3),(1975942,4,0,3),(1975942,5,0,3),(1975942,6,0,3),(1975942,7,0,3),(1975942,8,0,3),(1975942,9,0,3),(1975956,1,0,3),(1975956,2,0,3),(1975956,3,0,3),(1975956,4,0,3),(1975956,5,0,3),(1975956,6,0,3),(1975956,7,0,3),(1975956,8,0,3),(1975956,9,0,3),(1975962,1,0,3),(1975962,2,0,3),(1975962,3,0,3),(1975962,4,0,3),(1975962,5,0,3),(1975962,6,0,3),(1975962,7,0,3),(1975962,8,0,3),(1975962,9,0,3),(1975965,1,0,3),(1975965,2,0,3),(1975965,3,0,3),(1975965,4,0,3),(1975965,5,0,3),(1975965,6,0,3),(1975965,7,0,3),(1975965,8,0,3),(1975965,9,0,3),(1975981,1,0,3),(1975981,2,0,3),(1975981,3,0,3),(1975981,4,0,3),(1975981,5,0,3),(1975981,6,0,3),(1975981,7,0,3),(1975981,8,0,3),(1975981,9,0,3),(1976202,1,0,3),(1976202,2,0,3),(1976202,3,0,3),(1976202,4,0,3),(1976202,5,0,3),(1976202,6,0,3),(1976202,7,0,3),(1976202,8,0,3),(1976202,9,0,3),(1977070,1,0,3),(1977070,2,0,3),(1977070,3,0,3),(1977070,4,0,3),(1977070,5,0,3),(1977070,6,0,3),(1977070,7,0,3),(1977070,8,0,3),(1977070,9,0,3),(1977075,1,0,3),(1977075,2,0,3),(1977075,3,2,3),(1977075,4,0,3),(1977075,5,1,3),(1977075,6,0,3),(1977075,7,0,3),(1977075,8,0,3),(1977075,9,0,3),(1977080,1,0,3),(1977080,2,0,3),(1977080,3,0,3),(1977080,4,0,3),(1977080,5,0,3),(1977080,6,0,3),(1977080,7,0,3),(1977080,8,0,3),(1977080,9,0,3),(1977084,1,0,3),(1977084,2,0,3),(1977084,3,0,3),(1977084,4,0,3),(1977084,5,0,3),(1977084,6,0,3),(1977084,7,0,3),(1977084,8,0,3),(1977084,9,0,3),(1977089,1,0,3),(1977089,2,0,3),(1977089,3,0,3),(1977089,4,0,3),(1977089,5,0,3),(1977089,6,0,3),(1977089,7,0,3),(1977089,8,0,3),(1977089,9,0,3),(1977100,1,0,3),(1977100,2,0,3),(1977100,3,0,3),(1977100,4,0,3),(1977100,5,0,3),(1977100,6,0,3),(1977100,7,0,3),(1977100,8,0,3),(1977100,9,0,3),(1977109,1,0,3),(1977109,2,0,3),(1977109,3,0,3),(1977109,4,0,3),(1977109,5,0,3),(1977109,6,0,3),(1977109,7,0,3),(1977109,8,0,3),(1977109,9,0,3),(1977121,1,0,3),(1977121,2,0,3),(1977121,3,0,3),(1977121,4,0,3),(1977121,5,0,3),(1977121,6,0,3),(1977121,7,0,3),(1977121,8,0,3),(1977121,9,0,3),(1977122,1,0,3),(1977122,2,0,3),(1977122,3,0,3),(1977122,4,0,3),(1977122,5,0,3),(1977122,6,0,3),(1977122,7,0,3),(1977122,8,0,3),(1977122,9,0,3),(1977127,1,0,3),(1977127,2,0,3),(1977127,3,0,3),(1977127,4,0,3),(1977127,5,0,3),(1977127,6,0,3),(1977127,7,0,3),(1977127,8,0,3),(1977127,9,0,3),(1977128,1,8,3),(1977128,2,1,3),(1977128,3,2,3),(1977128,4,0,3),(1977128,5,0,3),(1977128,6,2,3),(1977128,7,4,3),(1977128,8,0,3),(1977128,9,11,3),(1977129,1,0,3),(1977129,2,0,3),(1977129,3,0,3),(1977129,4,0,3),(1977129,5,0,3),(1977129,6,0,3),(1977129,7,0,3),(1977129,8,0,3),(1977129,9,0,3),(1977145,1,0,3),(1977145,2,0,3),(1977145,3,0,3),(1977145,4,1,3),(1977145,5,0,3),(1977145,6,0,3),(1977145,7,0,3),(1977145,8,0,3),(1977145,9,0,3),(1977146,1,0,3),(1977146,2,0,3),(1977146,3,0,3),(1977146,4,0,3),(1977146,5,0,3),(1977146,6,0,3),(1977146,7,0,3),(1977146,8,0,3),(1977146,9,0,3),(1977147,1,0,3),(1977147,2,0,3),(1977147,3,0,3),(1977147,4,0,3),(1977147,5,0,3),(1977147,6,1,3),(1977147,7,0,3),(1977147,8,0,3),(1977147,9,2,3),(1977149,1,0,3),(1977149,2,0,3),(1977149,3,0,3),(1977149,4,0,3),(1977149,5,0,3),(1977149,6,0,3),(1977149,7,0,3),(1977149,8,0,3),(1977149,9,0,3),(1977152,1,0,3),(1977152,2,0,3),(1977152,3,0,3),(1977152,4,0,3),(1977152,5,0,3),(1977152,6,0,3),(1977152,7,0,3),(1977152,8,0,3),(1977152,9,0,3),(1977156,1,0,3),(1977156,2,0,3),(1977156,3,0,3),(1977156,4,0,3),(1977156,5,0,3),(1977156,6,0,3),(1977156,7,0,3),(1977156,8,0,3),(1977156,9,0,3),(1977161,1,0,3),(1977161,2,0,3),(1977161,3,0,3),(1977161,4,0,3),(1977161,5,0,3),(1977161,6,0,3),(1977161,7,0,3),(1977161,8,0,3),(1977161,9,0,3),(1977170,1,0,3),(1977170,2,0,3),(1977170,3,0,3),(1977170,4,0,3),(1977170,5,0,3),(1977170,6,0,3),(1977170,7,0,3),(1977170,8,0,3),(1977170,9,0,3),(1977172,1,0,3),(1977172,2,0,3),(1977172,3,0,3),(1977172,4,0,3),(1977172,5,0,3),(1977172,6,0,3),(1977172,7,0,3),(1977172,8,0,3),(1977172,9,0,3),(1977174,1,0,3),(1977174,2,0,3),(1977174,3,0,3),(1977174,4,0,3),(1977174,5,0,3),(1977174,6,0,3),(1977174,7,0,3),(1977174,8,0,3),(1977174,9,0,3),(1977776,1,0,3),(1977776,2,0,3),(1977776,3,0,3),(1977776,4,0,3),(1977776,5,0,3),(1977776,6,0,3),(1977776,7,0,3),(1977776,8,0,3),(1977776,9,0,3),(1977790,1,0,3),(1977790,2,0,3),(1977790,3,0,3),(1977790,4,0,3),(1977790,5,0,3),(1977790,6,0,3),(1977790,7,0,3),(1977790,8,0,3),(1977790,9,0,3),(1977791,1,0,3),(1977791,2,0,3),(1977791,3,0,3),(1977791,4,0,3),(1977791,5,0,3),(1977791,6,0,3),(1977791,7,0,3),(1977791,8,0,3),(1977791,9,0,3),(1977794,1,0,3),(1977794,2,0,3),(1977794,3,0,3),(1977794,4,0,3),(1977794,5,0,3),(1977794,6,0,3),(1977794,7,0,3),(1977794,8,0,3),(1977794,9,0,3),(1977796,1,0,3),(1977796,2,0,3),(1977796,3,0,3),(1977796,4,0,3),(1977796,5,0,3),(1977796,6,0,3),(1977796,7,0,3),(1977796,8,0,3),(1977796,9,0,3),(1977800,1,0,3),(1977800,2,0,3),(1977800,3,0,3),(1977800,4,0,3),(1977800,5,0,3),(1977800,6,0,3),(1977800,7,0,3),(1977800,8,0,3),(1977800,9,0,3),(1977801,1,0,3),(1977801,2,0,3),(1977801,3,0,3),(1977801,4,0,3),(1977801,5,0,3),(1977801,6,0,3),(1977801,7,0,3),(1977801,8,0,3),(1977801,9,0,3),(1977813,1,0,3),(1977813,2,0,3),(1977813,3,0,3),(1977813,4,0,3),(1977813,5,0,3),(1977813,6,0,3),(1977813,7,0,3),(1977813,8,0,3),(1977813,9,0,3),(1978056,1,0,3),(1978056,2,0,3),(1978056,3,0,3),(1978056,4,0,3),(1978056,5,0,3),(1978056,6,0,3),(1978056,7,0,3),(1978056,8,0,3),(1978056,9,0,3),(1978283,1,0,3),(1978283,2,0,3),(1978283,3,0,3),(1978283,4,0,3),(1978283,5,0,3),(1978283,6,0,3),(1978283,7,0,3),(1978283,8,0,3),(1978283,9,-2,3),(1978519,1,0,3),(1978519,2,0,3),(1978519,3,0,3),(1978519,4,0,3),(1978519,5,0,3),(1978519,6,0,3),(1978519,7,0,3),(1978519,8,0,3),(1978519,9,0,3),(1978524,1,0,3),(1978524,2,0,3),(1978524,3,0,3),(1978524,4,0,3),(1978524,5,0,3),(1978524,6,0,3),(1978524,7,0,3),(1978524,8,0,3),(1978524,9,0,3),(1978529,1,0,3),(1978529,2,0,3),(1978529,3,0,3),(1978529,4,0,3),(1978529,5,0,3),(1978529,6,0,3),(1978529,7,0,3),(1978529,8,0,3),(1978529,9,0,3),(1978531,1,0,3),(1978531,2,0,3),(1978531,3,0,3),(1978531,4,0,3),(1978531,5,0,3),(1978531,6,0,3),(1978531,7,0,3),(1978531,8,0,3),(1978531,9,0,3),(1978532,1,0,3),(1978532,2,0,3),(1978532,3,0,3),(1978532,4,0,3),(1978532,5,0,3),(1978532,6,0,3),(1978532,7,0,3),(1978532,8,0,3),(1978532,9,0,3),(1978539,1,0,3),(1978539,2,0,3),(1978539,3,0,3),(1978539,4,0,3),(1978539,5,0,3),(1978539,6,0,3),(1978539,7,0,3),(1978539,8,0,3),(1978539,9,0,3),(1979352,1,0,3),(1979352,2,0,3),(1979352,3,0,3),(1979352,4,0,3),(1979352,5,0,3),(1979352,6,0,3),(1979352,7,0,3),(1979352,8,0,3),(1979352,9,0,3),(1979355,1,0,3),(1979355,2,0,3),(1979355,3,0,3),(1979355,4,0,3),(1979355,5,0,3),(1979355,6,0,3),(1979355,7,0,3),(1979355,8,0,3),(1979355,9,0,3),(1979362,1,0,3),(1979362,2,0,3),(1979362,3,0,3),(1979362,4,0,3),(1979362,5,0,3),(1979362,6,0,3),(1979362,7,0,3),(1979362,8,0,3),(1979362,9,0,3),(1979367,1,0,3),(1979367,2,0,3),(1979367,3,0,3),(1979367,4,0,3),(1979367,5,0,3),(1979367,6,0,3),(1979367,7,0,3),(1979367,8,0,3),(1979367,9,0,3),(1979368,1,0,3),(1979368,2,0,3),(1979368,3,0,3),(1979368,4,0,3),(1979368,5,0,3),(1979368,6,0,3),(1979368,7,0,3),(1979368,8,0,3),(1979368,9,0,3),(1979370,1,0,3),(1979370,2,0,3),(1979370,3,0,3),(1979370,4,0,3),(1979370,5,0,3),(1979370,6,0,3),(1979370,7,0,3),(1979370,8,0,3),(1979370,9,0,3),(1979372,1,0,3),(1979372,2,0,3),(1979372,3,0,3),(1979372,4,0,3),(1979372,5,0,3),(1979372,6,0,3),(1979372,7,0,3),(1979372,8,0,3),(1979372,9,0,3),(1979373,1,0,3),(1979373,2,0,3),(1979373,3,0,3),(1979373,4,0,3),(1979373,5,0,3),(1979373,6,0,3),(1979373,7,0,3),(1979373,8,0,3),(1979373,9,0,3),(1979375,1,0,3),(1979375,2,0,3),(1979375,3,0,3),(1979375,4,0,3),(1979375,5,0,3),(1979375,6,2,3),(1979375,7,0,3),(1979375,8,0,3),(1979375,9,0,3),(1979385,1,0,3),(1979385,2,0,3),(1979385,3,0,3),(1979385,4,0,3),(1979385,5,0,3),(1979385,6,0,3),(1979385,7,0,3),(1979385,8,0,3),(1979385,9,0,3),(1979387,1,0,3),(1979387,2,0,3),(1979387,3,0,3),(1979387,4,0,3),(1979387,5,0,3),(1979387,6,0,3),(1979387,7,0,3),(1979387,8,0,3),(1979387,9,0,3),(1979389,1,0,3),(1979389,2,0,3),(1979389,3,0,3),(1979389,4,0,3),(1979389,5,0,3),(1979389,6,0,3),(1979389,7,0,3),(1979389,8,0,3),(1979389,9,0,3),(1979402,1,0,3),(1979402,2,0,3),(1979402,3,0,3),(1979402,4,0,3),(1979402,5,0,3),(1979402,6,0,3),(1979402,7,0,3),(1979402,8,0,3),(1979402,9,0,3),(1979404,1,0,3),(1979404,2,0,3),(1979404,3,0,3),(1979404,4,0,3),(1979404,5,0,3),(1979404,6,0,3),(1979404,7,0,3),(1979404,8,0,3),(1979404,9,0,3),(1979412,1,0,3),(1979412,2,0,3),(1979412,3,0,3),(1979412,4,0,3),(1979412,5,0,3),(1979412,6,0,3),(1979412,7,0,3),(1979412,8,0,3),(1979412,9,0,3),(1979420,1,0,3),(1979420,2,0,3),(1979420,3,0,3),(1979420,4,0,3),(1979420,5,0,3),(1979420,6,0,3),(1979420,7,0,3),(1979420,8,0,3),(1979420,9,0,3),(1979421,1,2,3),(1979421,2,0,3),(1979421,3,0,3),(1979421,4,0,3),(1979421,5,-2,3),(1979421,6,0,3),(1979421,7,0,3),(1979421,8,0,3),(1979421,9,0,3),(1979424,1,0,3),(1979424,2,0,3),(1979424,3,0,3),(1979424,4,0,3),(1979424,5,0,3),(1979424,6,0,3),(1979424,7,0,3),(1979424,8,0,3),(1979424,9,0,3),(1979426,1,0,3),(1979426,2,0,3),(1979426,3,0,3),(1979426,4,0,3),(1979426,5,0,3),(1979426,6,0,3),(1979426,7,0,3),(1979426,8,0,3),(1979426,9,0,3),(1979429,1,0,3),(1979429,2,0,3),(1979429,3,0,3),(1979429,4,0,3),(1979429,5,0,3),(1979429,6,0,3),(1979429,7,0,3),(1979429,8,0,3),(1979429,9,0,3),(1979669,1,0,3),(1979669,2,0,3),(1979669,3,0,3),(1979669,4,0,3),(1979669,5,0,3),(1979669,6,0,3),(1979669,7,0,3),(1979669,8,0,3),(1979669,9,0,3),(1979671,1,1,3),(1979671,2,1,3),(1979671,3,6,3),(1979671,4,1,3),(1979671,5,0,3),(1979671,6,0,3),(1979671,7,0,3),(1979671,8,0,3),(1979671,9,0,3),(1979673,1,0,3),(1979673,2,0,3),(1979673,3,0,3),(1979673,4,0,3),(1979673,5,0,3),(1979673,6,0,3),(1979673,7,0,3),(1979673,8,0,3),(1979673,9,0,3),(1979677,1,0,3),(1979677,2,0,3),(1979677,3,0,3),(1979677,4,0,3),(1979677,5,0,3),(1979677,6,0,3),(1979677,7,0,3),(1979677,8,0,3),(1979677,9,0,3),(1979694,1,0,3),(1979694,2,0,3),(1979694,3,0,3),(1979694,4,0,3),(1979694,5,0,3),(1979694,6,0,3),(1979694,7,0,3),(1979694,8,0,3),(1979694,9,0,3),(1979703,1,0,3),(1979703,2,0,3),(1979703,3,0,3),(1979703,4,0,3),(1979703,5,0,3),(1979703,6,0,3),(1979703,7,0,3),(1979703,8,0,3),(1979703,9,0,3),(1979707,1,0,3),(1979707,2,0,3),(1979707,3,0,3),(1979707,4,0,3),(1979707,5,0,3),(1979707,6,0,3),(1979707,7,0,3),(1979707,8,0,3),(1979707,9,0,3),(1979709,1,0,3),(1979709,2,0,3),(1979709,3,0,3),(1979709,4,0,3),(1979709,5,0,3),(1979709,6,0,3),(1979709,7,0,3),(1979709,8,0,3),(1979709,9,0,3),(1979710,1,0,3),(1979710,2,0,3),(1979710,3,0,3),(1979710,4,0,3),(1979710,5,0,3),(1979710,6,0,3),(1979710,7,0,3),(1979710,8,0,3),(1979710,9,0,3),(1979715,1,0,3),(1979715,2,0,3),(1979715,3,0,3),(1979715,4,0,3),(1979715,5,0,3),(1979715,6,0,3),(1979715,7,0,3),(1979715,8,0,3),(1979715,9,0,3),(1979720,1,0,3),(1979720,2,0,3),(1979720,3,0,3),(1979720,4,0,3),(1979720,5,0,3),(1979720,6,0,3),(1979720,7,0,3),(1979720,8,0,3),(1979720,9,0,3),(1979727,1,0,3),(1979727,2,0,3),(1979727,3,0,3),(1979727,4,0,3),(1979727,5,0,3),(1979727,6,0,3),(1979727,7,0,3),(1979727,8,0,3),(1979727,9,0,3),(1979730,1,0,3),(1979730,2,0,3),(1979730,3,0,3),(1979730,4,0,3),(1979730,5,0,3),(1979730,6,0,3),(1979730,7,0,3),(1979730,8,0,3),(1979730,9,0,3),(1979743,1,0,3),(1979743,2,0,3),(1979743,3,0,3),(1979743,4,0,3),(1979743,5,0,3),(1979743,6,0,3),(1979743,7,0,3),(1979743,8,0,3),(1979743,9,0,3),(1979747,1,0,3),(1979747,2,0,3),(1979747,3,0,3),(1979747,4,0,3),(1979747,5,0,3),(1979747,6,0,3),(1979747,7,0,3),(1979747,8,0,3),(1979747,9,0,3),(1979980,1,0,3),(1979980,2,0,3),(1979980,3,0,3),(1979980,4,0,3),(1979980,5,0,3),(1979980,6,0,3),(1979980,7,0,3),(1979980,8,0,3),(1979980,9,0,3),(1980429,1,0,3),(1980429,2,0,3),(1980429,3,0,3),(1980429,4,0,3),(1980429,5,0,3),(1980429,6,0,3),(1980429,7,0,3),(1980429,8,0,3),(1980429,9,0,3),(1985374,1,14,3),(1985374,2,15,3),(1985374,3,7,3),(1985374,4,5,3),(1985374,5,9,3),(1985374,6,7,3),(1985374,7,11,3),(1985374,8,0,3),(1985374,9,5,3),(1985606,1,0,3),(1985606,2,0,3),(1985606,3,0,3),(1985606,4,0,3),(1985606,5,0,3),(1985606,6,0,3),(1985606,7,0,3),(1985606,8,0,3),(1985606,9,0,3),(1987614,1,2,3),(1987614,2,1,3),(1987614,3,6,3),(1987614,4,8,3),(1987614,5,0,3),(1987614,6,1,3),(1987614,7,0,3),(1987614,8,0,3),(1987614,9,0,3),(1987619,1,0,3),(1987619,2,0,3),(1987619,3,0,3),(1987619,4,0,3),(1987619,5,0,3),(1987619,6,0,3),(1987619,7,0,3),(1987619,8,0,3),(1987619,9,0,3),(1988991,1,0,3),(1988991,2,0,3),(1988991,3,0,3),(1988991,4,0,3),(1988991,5,0,3),(1988991,6,0,3),(1988991,7,0,3),(1988991,8,0,3),(1988991,9,0,3),(1995451,1,0,3),(1995451,2,0,3),(1995451,3,0,3),(1995451,4,0,3),(1995451,5,0,3),(1995451,6,0,3),(1995451,7,0,3),(1995451,8,0,3),(1995451,9,0,3),(1996183,1,0,3),(1996183,2,0,3),(1996183,3,0,3),(1996183,4,0,3),(1996183,5,0,3),(1996183,6,0,3),(1996183,7,0,3),(1996183,8,0,3),(1996183,9,0,3),(1996707,1,0,3),(1996707,2,0,3),(1996707,3,0,3),(1996707,4,0,3),(1996707,5,0,3),(1996707,6,0,3),(1996707,7,0,3),(1996707,8,0,3),(1996707,9,0,3),(1999809,1,0,3),(1999809,2,0,3),(1999809,3,0,3),(1999809,4,0,3),(1999809,5,0,3),(1999809,6,0,3),(1999809,7,0,3),(1999809,8,0,3),(1999809,9,0,3),(2001094,1,0,3),(2001094,2,0,3),(2001094,3,0,3),(2001094,4,0,3),(2001094,5,0,3),(2001094,6,0,3),(2001094,7,0,3),(2001094,8,0,3),(2001094,9,0,3),(2005434,1,0,3),(2005434,2,0,3),(2005434,3,0,3),(2005434,4,0,3),(2005434,5,0,3),(2005434,6,0,3),(2005434,7,0,3),(2005434,8,0,3),(2005434,9,0,3),(2007608,1,0,3),(2007608,2,0,3),(2007608,3,0,3),(2007608,4,0,3),(2007608,5,0,3),(2007608,6,0,3),(2007608,7,0,3),(2007608,8,0,3),(2007608,9,0,3),(2041264,1,0,3),(2041264,2,0,3),(2041264,3,0,3),(2041264,4,0,3),(2041264,5,0,3),(2041264,6,0,3),(2041264,7,0,3),(2041264,8,0,3),(2041264,9,0,3),(2042321,1,0,3),(2042321,2,0,3),(2042321,3,0,3),(2042321,4,0,3),(2042321,5,0,3),(2042321,6,0,3),(2042321,7,0,3),(2042321,8,0,3),(2042321,9,0,3),(2042442,1,0,3),(2042442,2,0,3),(2042442,3,0,3),(2042442,4,0,3),(2042442,5,0,3),(2042442,6,0,3),(2042442,7,0,3),(2042442,8,0,3),(2042442,9,0,3),(2042924,1,0,3),(2042924,2,0,3),(2042924,3,0,3),(2042924,4,0,3),(2042924,5,0,3),(2042924,6,0,3),(2042924,7,0,3),(2042924,8,0,3),(2042924,9,0,3),(2053375,1,0,3),(2053375,2,0,3),(2053375,3,0,3),(2053375,4,0,3),(2053375,5,0,3),(2053375,6,0,3),(2053375,7,0,3),(2053375,8,0,3),(2053375,9,0,3),(2053495,1,0,3),(2053495,2,0,3),(2053495,3,0,3),(2053495,4,0,3),(2053495,5,0,3),(2053495,6,0,3),(2053495,7,0,3),(2053495,8,0,3),(2053495,9,0,3),(2053740,1,0,3),(2053740,2,0,3),(2053740,3,0,3),(2053740,4,0,3),(2053740,5,0,3),(2053740,6,0,3),(2053740,7,0,3),(2053740,8,0,3),(2053740,9,0,3),(2054732,1,0,3),(2054732,2,0,3),(2054732,3,0,3),(2054732,4,0,3),(2054732,5,0,3),(2054732,6,0,3),(2054732,7,0,3),(2054732,8,0,3),(2054732,9,0,3),(2055482,1,0,3),(2055482,2,0,3),(2055482,3,0,3),(2055482,4,0,3),(2055482,5,0,3),(2055482,6,0,3),(2055482,7,0,3),(2055482,8,0,3),(2055482,9,0,3),(2055484,1,0,3),(2055484,2,0,3),(2055484,3,0,3),(2055484,4,0,3),(2055484,5,0,3),(2055484,6,0,3),(2055484,7,0,3),(2055484,8,0,3),(2055484,9,0,3),(2056934,1,0,3),(2056934,2,0,3),(2056934,3,0,3),(2056934,4,0,3),(2056934,5,0,3),(2056934,6,0,3),(2056934,7,0,3),(2056934,8,0,3),(2056934,9,0,3),(2057325,1,0,3),(2057325,2,0,3),(2057325,3,0,3),(2057325,4,0,3),(2057325,5,0,3),(2057325,6,0,3),(2057325,7,0,3),(2057325,8,0,3),(2057325,9,0,3),(2057661,1,0,3),(2057661,2,0,3),(2057661,3,0,3),(2057661,4,0,3),(2057661,5,0,3),(2057661,6,0,3),(2057661,7,0,3),(2057661,8,0,3),(2057661,9,0,3),(2057693,1,0,3),(2057693,2,0,3),(2057693,3,0,3),(2057693,4,0,3),(2057693,5,0,3),(2057693,6,0,3),(2057693,7,0,3),(2057693,8,0,3),(2057693,9,0,3),(2057695,1,0,3),(2057695,2,0,3),(2057695,3,0,3),(2057695,4,0,3),(2057695,5,0,3),(2057695,6,0,3),(2057695,7,0,3),(2057695,8,0,3),(2057695,9,0,3),(2057699,1,0,3),(2057699,2,0,3),(2057699,3,0,3),(2057699,4,0,3),(2057699,5,0,3),(2057699,6,0,3),(2057699,7,0,3),(2057699,8,0,3),(2057699,9,0,3),(2057701,1,0,3),(2057701,2,0,3),(2057701,3,0,3),(2057701,4,0,3),(2057701,5,0,3),(2057701,6,0,3),(2057701,7,0,3),(2057701,8,0,3),(2057701,9,0,3),(2057733,1,0,3),(2057733,2,0,3),(2057733,3,0,3),(2057733,4,0,3),(2057733,5,0,3),(2057733,6,0,3),(2057733,7,0,3),(2057733,8,0,3),(2057733,9,0,3),(2057736,1,0,3),(2057736,2,0,3),(2057736,3,0,3),(2057736,4,0,3),(2057736,5,0,3),(2057736,6,0,3),(2057736,7,0,3),(2057736,8,0,3),(2057736,9,0,3),(2057740,1,0,3),(2057740,2,0,3),(2057740,3,0,3),(2057740,4,0,3),(2057740,5,0,3),(2057740,6,0,3),(2057740,7,0,3),(2057740,8,0,3),(2057740,9,0,3),(2058152,1,0,3),(2058152,2,0,3),(2058152,3,0,3),(2058152,4,0,3),(2058152,5,0,3),(2058152,6,0,3),(2058152,7,0,3),(2058152,8,0,3),(2058152,9,0,3),(2058154,1,0,3),(2058154,2,0,3),(2058154,3,0,3),(2058154,4,0,3),(2058154,5,0,3),(2058154,6,0,3),(2058154,7,0,3),(2058154,8,0,3),(2058154,9,0,3),(2058155,1,0,3),(2058155,2,0,3),(2058155,3,0,3),(2058155,4,0,3),(2058155,5,0,3),(2058155,6,0,3),(2058155,7,0,3),(2058155,8,0,3),(2058155,9,0,3),(2058156,1,0,3),(2058156,2,0,3),(2058156,3,0,3),(2058156,4,0,3),(2058156,5,0,3),(2058156,6,0,3),(2058156,7,0,3),(2058156,8,0,3),(2058156,9,0,3),(2058157,1,0,3),(2058157,2,0,3),(2058157,3,0,3),(2058157,4,0,3),(2058157,5,0,3),(2058157,6,0,3),(2058157,7,0,3),(2058157,8,0,3),(2058157,9,0,3),(2058161,1,0,3),(2058161,2,0,3),(2058161,3,0,3),(2058161,4,0,3),(2058161,5,0,3),(2058161,6,0,3),(2058161,7,0,3),(2058161,8,0,3),(2058161,9,0,3),(2058163,1,0,3),(2058163,2,0,3),(2058163,3,0,3),(2058163,4,0,3),(2058163,5,0,3),(2058163,6,0,3),(2058163,7,0,3),(2058163,8,0,3),(2058163,9,0,3),(2058171,1,0,3),(2058171,2,0,3),(2058171,3,0,3),(2058171,4,0,3),(2058171,5,0,3),(2058171,6,0,3),(2058171,7,0,3),(2058171,8,0,3),(2058171,9,0,3),(2058173,1,0,3),(2058173,2,0,3),(2058173,3,0,3),(2058173,4,0,3),(2058173,5,0,3),(2058173,6,0,3),(2058173,7,0,3),(2058173,8,0,3),(2058173,9,0,3),(2058177,1,0,3),(2058177,2,0,3),(2058177,3,0,3),(2058177,4,0,3),(2058177,5,0,3),(2058177,6,0,3),(2058177,7,0,3),(2058177,8,0,3),(2058177,9,0,3),(2058178,1,0,3),(2058178,2,0,3),(2058178,3,0,3),(2058178,4,0,3),(2058178,5,0,3),(2058178,6,0,3),(2058178,7,0,3),(2058178,8,0,3),(2058178,9,0,3),(2058181,1,0,3),(2058181,2,0,3),(2058181,3,0,3),(2058181,4,0,3),(2058181,5,0,3),(2058181,6,0,3),(2058181,7,0,3),(2058181,8,0,3),(2058181,9,0,3),(2058192,1,0,3),(2058192,2,0,3),(2058192,3,0,3),(2058192,4,0,3),(2058192,5,0,3),(2058192,6,0,3),(2058192,7,0,3),(2058192,8,0,3),(2058192,9,0,3),(2058311,1,0,3),(2058311,2,0,3),(2058311,3,0,3),(2058311,4,0,3),(2058311,5,0,3),(2058311,6,0,3),(2058311,7,0,3),(2058311,8,0,3),(2058311,9,0,3),(2058314,1,0,3),(2058314,2,0,3),(2058314,3,0,3),(2058314,4,0,3),(2058314,5,0,3),(2058314,6,0,3),(2058314,7,0,3),(2058314,8,0,3),(2058314,9,0,3),(2058315,1,0,3),(2058315,2,0,3),(2058315,3,0,3),(2058315,4,0,3),(2058315,5,0,3),(2058315,6,0,3),(2058315,7,0,3),(2058315,8,0,3),(2058315,9,0,3),(2058317,1,0,3),(2058317,2,0,3),(2058317,3,0,3),(2058317,4,0,3),(2058317,5,0,3),(2058317,6,0,3),(2058317,7,0,3),(2058317,8,0,3),(2058317,9,0,3),(2058320,1,0,3),(2058320,2,0,3),(2058320,3,0,3),(2058320,4,0,3),(2058320,5,0,3),(2058320,6,0,3),(2058320,7,0,3),(2058320,8,0,3),(2058320,9,0,3),(2058321,1,0,3),(2058321,2,0,3),(2058321,3,0,3),(2058321,4,0,3),(2058321,5,0,3),(2058321,6,0,3),(2058321,7,0,3),(2058321,8,0,3),(2058321,9,0,3),(2058322,1,0,3),(2058322,2,0,3),(2058322,3,0,3),(2058322,4,0,3),(2058322,5,0,3),(2058322,6,0,3),(2058322,7,0,3),(2058322,8,0,3),(2058322,9,0,3),(2058324,1,0,3),(2058324,2,0,3),(2058324,3,0,3),(2058324,4,0,3),(2058324,5,0,3),(2058324,6,0,3),(2058324,7,0,3),(2058324,8,0,3),(2058324,9,0,3),(2058325,1,0,3),(2058325,2,0,3),(2058325,3,0,3),(2058325,4,0,3),(2058325,5,0,3),(2058325,6,0,3),(2058325,7,0,3),(2058325,8,0,3),(2058325,9,0,3),(2058327,1,0,3),(2058327,2,0,3),(2058327,3,0,3),(2058327,4,0,3),(2058327,5,0,3),(2058327,6,0,3),(2058327,7,0,3),(2058327,8,0,3),(2058327,9,0,3),(2058340,1,0,3),(2058340,2,0,3),(2058340,3,0,3),(2058340,4,0,3),(2058340,5,0,3),(2058340,6,0,3),(2058340,7,0,3),(2058340,8,0,3),(2058340,9,0,3),(2058342,1,0,3),(2058342,2,0,3),(2058342,3,0,3),(2058342,4,0,3),(2058342,5,0,3),(2058342,6,0,3),(2058342,7,0,3),(2058342,8,0,3),(2058342,9,0,3),(2058344,1,0,3),(2058344,2,0,3),(2058344,3,0,3),(2058344,4,0,3),(2058344,5,0,3),(2058344,6,0,3),(2058344,7,0,3),(2058344,8,0,3),(2058344,9,0,3),(2058349,1,0,3),(2058349,2,0,3),(2058349,3,0,3),(2058349,4,0,3),(2058349,5,0,3),(2058349,6,0,3),(2058349,7,0,3),(2058349,8,0,3),(2058349,9,0,3),(2058351,1,0,3),(2058351,2,0,3),(2058351,3,0,3),(2058351,4,0,3),(2058351,5,0,3),(2058351,6,0,3),(2058351,7,0,3),(2058351,8,0,3),(2058351,9,0,3),(2058352,1,0,3),(2058352,2,0,3),(2058352,3,0,3),(2058352,4,0,3),(2058352,5,0,3),(2058352,6,0,3),(2058352,7,0,3),(2058352,8,0,3),(2058352,9,0,3),(2058353,1,0,3),(2058353,2,0,3),(2058353,3,0,3),(2058353,4,0,3),(2058353,5,0,3),(2058353,6,0,3),(2058353,7,0,3),(2058353,8,0,3),(2058353,9,0,3),(2058358,1,0,3),(2058358,2,0,3),(2058358,3,0,3),(2058358,4,0,3),(2058358,5,0,3),(2058358,6,0,3),(2058358,7,0,3),(2058358,8,0,3),(2058358,9,0,3),(2058359,1,0,3),(2058359,2,0,3),(2058359,3,0,3),(2058359,4,0,3),(2058359,5,0,3),(2058359,6,0,3),(2058359,7,0,3),(2058359,8,0,3),(2058359,9,0,3),(2058361,1,0,3),(2058361,2,0,3),(2058361,3,0,3),(2058361,4,0,3),(2058361,5,0,3),(2058361,6,0,3),(2058361,7,0,3),(2058361,8,0,3),(2058361,9,0,3),(2058363,1,0,3),(2058363,2,0,3),(2058363,3,0,3),(2058363,4,0,3),(2058363,5,0,3),(2058363,6,0,3),(2058363,7,0,3),(2058363,8,0,3),(2058363,9,0,3),(2058365,1,0,3),(2058365,2,0,3),(2058365,3,0,3),(2058365,4,0,3),(2058365,5,0,3),(2058365,6,0,3),(2058365,7,0,3),(2058365,8,0,3),(2058365,9,0,3),(2058366,1,0,3),(2058366,2,0,3),(2058366,3,0,3),(2058366,4,0,3),(2058366,5,0,3),(2058366,6,0,3),(2058366,7,0,3),(2058366,8,0,3),(2058366,9,0,3),(2058548,1,0,3),(2058548,2,0,3),(2058548,3,0,3),(2058548,4,0,3),(2058548,5,0,3),(2058548,6,0,3),(2058548,7,0,3),(2058548,8,0,3),(2058548,9,0,3),(2058555,1,0,3),(2058555,2,0,3),(2058555,3,0,3),(2058555,4,0,3),(2058555,5,0,3),(2058555,6,0,3),(2058555,7,0,3),(2058555,8,0,3),(2058555,9,0,3),(2058557,1,0,3),(2058557,2,0,3),(2058557,3,0,3),(2058557,4,0,3),(2058557,5,0,3),(2058557,6,0,3),(2058557,7,0,3),(2058557,8,0,3),(2058557,9,0,3),(2059173,1,0,3),(2059173,2,0,3),(2059173,3,0,3),(2059173,4,0,3),(2059173,5,0,3),(2059173,6,0,3),(2059173,7,0,3),(2059173,8,0,3),(2059173,9,0,3),(2059174,1,0,3),(2059174,2,0,3),(2059174,3,0,3),(2059174,4,0,3),(2059174,5,0,3),(2059174,6,0,3),(2059174,7,0,3),(2059174,8,0,3),(2059174,9,0,3),(2059175,1,0,3),(2059175,2,0,3),(2059175,3,0,3),(2059175,4,0,3),(2059175,5,0,3),(2059175,6,0,3),(2059175,7,0,3),(2059175,8,0,3),(2059175,9,0,3),(2059177,1,0,3),(2059177,2,0,3),(2059177,3,0,3),(2059177,4,0,3),(2059177,5,0,3),(2059177,6,0,3),(2059177,7,0,3),(2059177,8,0,3),(2059177,9,0,3),(2059178,1,0,3),(2059178,2,0,3),(2059178,3,0,3),(2059178,4,0,3),(2059178,5,0,3),(2059178,6,0,3),(2059178,7,0,3),(2059178,8,0,3),(2059178,9,0,3),(2059182,1,0,3),(2059182,2,0,3),(2059182,3,0,3),(2059182,4,0,3),(2059182,5,0,3),(2059182,6,0,3),(2059182,7,0,3),(2059182,8,0,3),(2059182,9,0,3),(2059186,1,0,3),(2059186,2,0,3),(2059186,3,0,3),(2059186,4,0,3),(2059186,5,0,3),(2059186,6,0,3),(2059186,7,0,3),(2059186,8,0,3),(2059186,9,0,3),(2059190,1,0,3),(2059190,2,0,3),(2059190,3,0,3),(2059190,4,0,3),(2059190,5,0,3),(2059190,6,0,3),(2059190,7,0,3),(2059190,8,0,3),(2059190,9,0,3),(2059195,1,0,3),(2059195,2,0,3),(2059195,3,0,3),(2059195,4,0,3),(2059195,5,0,3),(2059195,6,0,3),(2059195,7,0,3),(2059195,8,0,3),(2059195,9,0,3),(2059197,1,0,3),(2059197,2,0,3),(2059197,3,0,3),(2059197,4,0,3),(2059197,5,0,3),(2059197,6,0,3),(2059197,7,0,3),(2059197,8,0,3),(2059197,9,0,3),(2059198,1,0,3),(2059198,2,0,3),(2059198,3,0,3),(2059198,4,0,3),(2059198,5,0,3),(2059198,6,0,3),(2059198,7,0,3),(2059198,8,0,3),(2059198,9,0,3),(2059200,1,0,3),(2059200,2,0,3),(2059200,3,0,3),(2059200,4,0,3),(2059200,5,0,3),(2059200,6,0,3),(2059200,7,0,3),(2059200,8,0,3),(2059200,9,0,3),(2059206,1,0,3),(2059206,2,0,3),(2059206,3,0,3),(2059206,4,0,3),(2059206,5,0,3),(2059206,6,0,3),(2059206,7,0,3),(2059206,8,0,3),(2059206,9,0,3),(2059208,1,0,3),(2059208,2,0,3),(2059208,3,0,3),(2059208,4,0,3),(2059208,5,0,3),(2059208,6,0,3),(2059208,7,0,3),(2059208,8,0,3),(2059208,9,0,3),(2059211,1,0,3),(2059211,2,0,3),(2059211,3,0,3),(2059211,4,0,3),(2059211,5,0,3),(2059211,6,0,3),(2059211,7,0,3),(2059211,8,0,3),(2059211,9,0,3),(2059212,1,0,3),(2059212,2,0,3),(2059212,3,0,3),(2059212,4,0,3),(2059212,5,0,3),(2059212,6,0,3),(2059212,7,0,3),(2059212,8,0,3),(2059212,9,0,3),(2059216,1,0,3),(2059216,2,0,3),(2059216,3,0,3),(2059216,4,0,3),(2059216,5,0,3),(2059216,6,0,3),(2059216,7,0,3),(2059216,8,0,3),(2059216,9,0,3),(2059217,1,0,3),(2059217,2,0,3),(2059217,3,0,3),(2059217,4,0,3),(2059217,5,0,3),(2059217,6,0,3),(2059217,7,0,3),(2059217,8,0,3),(2059217,9,0,3),(2059223,1,0,3),(2059223,2,0,3),(2059223,3,0,3),(2059223,4,0,3),(2059223,5,0,3),(2059223,6,0,3),(2059223,7,0,3),(2059223,8,0,3),(2059223,9,0,3),(2059228,1,0,3),(2059228,2,0,3),(2059228,3,0,3),(2059228,4,0,3),(2059228,5,0,3),(2059228,6,0,3),(2059228,7,0,3),(2059228,8,0,3),(2059228,9,0,3),(2059235,1,0,3),(2059235,2,0,3),(2059235,3,0,3),(2059235,4,0,3),(2059235,5,0,3),(2059235,6,0,3),(2059235,7,0,3),(2059235,8,0,3),(2059235,9,0,3),(2059237,1,0,3),(2059237,2,0,3),(2059237,3,0,3),(2059237,4,0,3),(2059237,5,0,3),(2059237,6,0,3),(2059237,7,0,3),(2059237,8,0,3),(2059237,9,0,3),(2059238,1,0,3),(2059238,2,0,3),(2059238,3,0,3),(2059238,4,0,3),(2059238,5,0,3),(2059238,6,0,3),(2059238,7,0,3),(2059238,8,0,3),(2059238,9,0,3),(2059241,1,0,3),(2059241,2,0,3),(2059241,3,0,3),(2059241,4,0,3),(2059241,5,0,3),(2059241,6,0,3),(2059241,7,0,3),(2059241,8,0,3),(2059241,9,0,3),(2059242,1,0,3),(2059242,2,0,3),(2059242,3,0,3),(2059242,4,0,3),(2059242,5,0,3),(2059242,6,0,3),(2059242,7,0,3),(2059242,8,0,3),(2059242,9,0,3),(2059244,1,0,3),(2059244,2,0,3),(2059244,3,0,3),(2059244,4,0,3),(2059244,5,0,3),(2059244,6,0,3),(2059244,7,0,3),(2059244,8,0,3),(2059244,9,0,3),(2059247,1,0,3),(2059247,2,0,3),(2059247,3,0,3),(2059247,4,0,3),(2059247,5,0,3),(2059247,6,0,3),(2059247,7,0,3),(2059247,8,0,3),(2059247,9,0,3),(2059251,1,0,3),(2059251,2,0,3),(2059251,3,0,3),(2059251,4,0,3),(2059251,5,0,3),(2059251,6,0,3),(2059251,7,0,3),(2059251,8,0,3),(2059251,9,0,3),(2059266,1,0,3),(2059266,2,0,3),(2059266,3,0,3),(2059266,4,0,3),(2059266,5,0,3),(2059266,6,0,3),(2059266,7,0,3),(2059266,8,0,3),(2059266,9,0,3),(2059269,1,0,3),(2059269,2,0,3),(2059269,3,0,3),(2059269,4,0,3),(2059269,5,0,3),(2059269,6,0,3),(2059269,7,0,3),(2059269,8,0,3),(2059269,9,0,3),(2059271,1,0,3),(2059271,2,0,3),(2059271,3,0,3),(2059271,4,0,3),(2059271,5,0,3),(2059271,6,0,3),(2059271,7,0,3),(2059271,8,0,3),(2059271,9,0,3),(2059275,1,0,3),(2059275,2,0,3),(2059275,3,0,3),(2059275,4,0,3),(2059275,5,0,3),(2059275,6,0,3),(2059275,7,0,3),(2059275,8,0,3),(2059275,9,0,3),(2059276,1,0,3),(2059276,2,0,3),(2059276,3,0,3),(2059276,4,0,3),(2059276,5,0,3),(2059276,6,0,3),(2059276,7,0,3),(2059276,8,0,3),(2059276,9,0,3),(2059358,1,0,3),(2059358,2,0,3),(2059358,3,0,3),(2059358,4,0,3),(2059358,5,0,3),(2059358,6,0,3),(2059358,7,0,3),(2059358,8,0,3),(2059358,9,0,3),(2059359,1,0,3),(2059359,2,0,3),(2059359,3,0,3),(2059359,4,0,3),(2059359,5,0,3),(2059359,6,0,3),(2059359,7,0,3),(2059359,8,0,3),(2059359,9,0,3),(2059362,1,0,3),(2059362,2,0,3),(2059362,3,0,3),(2059362,4,0,3),(2059362,5,0,3),(2059362,6,0,3),(2059362,7,0,3),(2059362,8,0,3),(2059362,9,0,3),(2059364,1,0,3),(2059364,2,0,3),(2059364,3,0,3),(2059364,4,0,3),(2059364,5,0,3),(2059364,6,0,3),(2059364,7,0,3),(2059364,8,0,3),(2059364,9,0,3),(2059365,1,0,3),(2059365,2,0,3),(2059365,3,0,3),(2059365,4,0,3),(2059365,5,0,3),(2059365,6,0,3),(2059365,7,0,3),(2059365,8,0,3),(2059365,9,0,3),(2059367,1,0,3),(2059367,2,0,3),(2059367,3,0,3),(2059367,4,0,3),(2059367,5,0,3),(2059367,6,0,3),(2059367,7,0,3),(2059367,8,0,3),(2059367,9,0,3),(2059474,1,0,3),(2059474,2,0,3),(2059474,3,0,3),(2059474,4,0,3),(2059474,5,0,3),(2059474,6,0,3),(2059474,7,0,3),(2059474,8,0,3),(2059474,9,0,3),(2059626,1,0,3),(2059626,2,0,3),(2059626,3,0,3),(2059626,4,0,3),(2059626,5,0,3),(2059626,6,0,3),(2059626,7,0,3),(2059626,8,0,3),(2059626,9,0,3),(2060051,1,0,3),(2060051,2,0,3),(2060051,3,0,3),(2060051,4,0,3),(2060051,5,0,3),(2060051,6,0,3),(2060051,7,0,3),(2060051,8,0,3),(2060051,9,0,3),(2060054,1,0,3),(2060054,2,0,3),(2060054,3,0,3),(2060054,4,0,3),(2060054,5,0,3),(2060054,6,0,3),(2060054,7,0,3),(2060054,8,0,3),(2060054,9,0,3),(2060057,1,0,3),(2060057,2,0,3),(2060057,3,0,3),(2060057,4,0,3),(2060057,5,0,3),(2060057,6,0,3),(2060057,7,0,3),(2060057,8,0,3),(2060057,9,0,3),(2060060,1,0,3),(2060060,2,0,3),(2060060,3,0,3),(2060060,4,0,3),(2060060,5,0,3),(2060060,6,0,3),(2060060,7,0,3),(2060060,8,0,3),(2060060,9,0,3),(2060063,1,0,3),(2060063,2,0,3),(2060063,3,0,3),(2060063,4,0,3),(2060063,5,0,3),(2060063,6,0,3),(2060063,7,0,3),(2060063,8,0,3),(2060063,9,0,3),(2060069,1,0,3),(2060069,2,0,3),(2060069,3,0,3),(2060069,4,0,3),(2060069,5,0,3),(2060069,6,0,3),(2060069,7,0,3),(2060069,8,0,3),(2060069,9,0,3),(2060073,1,0,3),(2060073,2,0,3),(2060073,3,0,3),(2060073,4,0,3),(2060073,5,0,3),(2060073,6,0,3),(2060073,7,0,3),(2060073,8,0,3),(2060073,9,0,3),(2060074,1,0,3),(2060074,2,0,3),(2060074,3,0,3),(2060074,4,0,3),(2060074,5,0,3),(2060074,6,0,3),(2060074,7,0,3),(2060074,8,0,3),(2060074,9,0,3),(2060079,1,0,3),(2060079,2,0,3),(2060079,3,0,3),(2060079,4,0,3),(2060079,5,0,3),(2060079,6,0,3),(2060079,7,0,3),(2060079,8,0,3),(2060079,9,0,3),(2060081,1,0,3),(2060081,2,0,3),(2060081,3,0,3),(2060081,4,0,3),(2060081,5,0,3),(2060081,6,0,3),(2060081,7,0,3),(2060081,8,0,3),(2060081,9,0,3),(2060083,1,0,3),(2060083,2,0,3),(2060083,3,0,3),(2060083,4,0,3),(2060083,5,0,3),(2060083,6,0,3),(2060083,7,0,3),(2060083,8,0,3),(2060083,9,0,3),(2060087,1,0,3),(2060087,2,0,3),(2060087,3,0,3),(2060087,4,0,3),(2060087,5,0,3),(2060087,6,0,3),(2060087,7,0,3),(2060087,8,0,3),(2060087,9,0,3),(2060089,1,0,3),(2060089,2,0,3),(2060089,3,0,3),(2060089,4,0,3),(2060089,5,0,3),(2060089,6,0,3),(2060089,7,0,3),(2060089,8,0,3),(2060089,9,0,3),(2060091,1,0,3),(2060091,2,0,3),(2060091,3,0,3),(2060091,4,0,3),(2060091,5,0,3),(2060091,6,0,3),(2060091,7,0,3),(2060091,8,0,3),(2060091,9,0,3),(2060095,1,0,3),(2060095,2,0,3),(2060095,3,0,3),(2060095,4,0,3),(2060095,5,0,3),(2060095,6,0,3),(2060095,7,0,3),(2060095,8,0,3),(2060095,9,0,3),(2060097,1,0,3),(2060097,2,0,3),(2060097,3,0,3),(2060097,4,0,3),(2060097,5,0,3),(2060097,6,0,3),(2060097,7,0,3),(2060097,8,0,3),(2060097,9,0,3),(2060099,1,0,3),(2060099,2,0,3),(2060099,3,0,3),(2060099,4,0,3),(2060099,5,0,3),(2060099,6,0,3),(2060099,7,0,3),(2060099,8,0,3),(2060099,9,0,3),(2060101,1,0,3),(2060101,2,0,3),(2060101,3,0,3),(2060101,4,0,3),(2060101,5,0,3),(2060101,6,0,3),(2060101,7,0,3),(2060101,8,0,3),(2060101,9,0,3),(2060108,1,0,3),(2060108,2,0,3),(2060108,3,0,3),(2060108,4,0,3),(2060108,5,0,3),(2060108,6,0,3),(2060108,7,0,3),(2060108,8,0,3),(2060108,9,0,3),(2060111,1,0,3),(2060111,2,0,3),(2060111,3,0,3),(2060111,4,0,3),(2060111,5,0,3),(2060111,6,0,3),(2060111,7,0,3),(2060111,8,0,3),(2060111,9,0,3),(2060113,1,0,3),(2060113,2,0,3),(2060113,3,0,3),(2060113,4,0,3),(2060113,5,0,3),(2060113,6,0,3),(2060113,7,0,3),(2060113,8,0,3),(2060113,9,0,3),(2060115,1,0,3),(2060115,2,0,3),(2060115,3,0,3),(2060115,4,0,3),(2060115,5,0,3),(2060115,6,0,3),(2060115,7,0,3),(2060115,8,0,3),(2060115,9,0,3),(2060118,1,0,3),(2060118,2,0,3),(2060118,3,0,3),(2060118,4,0,3),(2060118,5,0,3),(2060118,6,0,3),(2060118,7,0,3),(2060118,8,0,3),(2060118,9,0,3),(2060139,1,0,3),(2060139,2,0,3),(2060139,3,0,3),(2060139,4,0,3),(2060139,5,0,3),(2060139,6,0,3),(2060139,7,0,3),(2060139,8,0,3),(2060139,9,0,3),(2060177,1,0,3),(2060177,2,0,3),(2060177,3,0,3),(2060177,4,0,3),(2060177,5,0,3),(2060177,6,0,3),(2060177,7,0,3),(2060177,8,0,3),(2060177,9,0,3),(2060178,1,0,3),(2060178,2,0,3),(2060178,3,0,3),(2060178,4,0,3),(2060178,5,0,3),(2060178,6,0,3),(2060178,7,0,3),(2060178,8,0,3),(2060178,9,0,3),(2060179,1,0,3),(2060179,2,0,3),(2060179,3,0,3),(2060179,4,0,3),(2060179,5,0,3),(2060179,6,0,3),(2060179,7,0,3),(2060179,8,0,3),(2060179,9,0,3),(2060180,1,0,3),(2060180,2,0,3),(2060180,3,0,3),(2060180,4,0,3),(2060180,5,0,3),(2060180,6,0,3),(2060180,7,0,3),(2060180,8,0,3),(2060180,9,0,3),(2060181,1,0,3),(2060181,2,0,3),(2060181,3,0,3),(2060181,4,0,3),(2060181,5,0,3),(2060181,6,0,3),(2060181,7,0,3),(2060181,8,0,3),(2060181,9,0,3),(2060184,1,0,3),(2060184,2,0,3),(2060184,3,0,3),(2060184,4,0,3),(2060184,5,0,3),(2060184,6,0,3),(2060184,7,0,3),(2060184,8,0,3),(2060184,9,0,3),(2060186,1,0,3),(2060186,2,0,3),(2060186,3,0,3),(2060186,4,0,3),(2060186,5,0,3),(2060186,6,0,3),(2060186,7,0,3),(2060186,8,0,3),(2060186,9,0,3),(2060276,1,0,3),(2060276,2,0,3),(2060276,3,0,3),(2060276,4,0,3),(2060276,5,0,3),(2060276,6,0,3),(2060276,7,0,3),(2060276,8,0,3),(2060276,9,0,3),(2060278,1,0,3),(2060278,2,0,3),(2060278,3,0,3),(2060278,4,0,3),(2060278,5,0,3),(2060278,6,0,3),(2060278,7,0,3),(2060278,8,0,3),(2060278,9,0,3),(2060281,1,0,3),(2060281,2,0,3),(2060281,3,0,3),(2060281,4,0,3),(2060281,5,0,3),(2060281,6,0,3),(2060281,7,0,3),(2060281,8,0,3),(2060281,9,0,3),(2060283,1,0,3),(2060283,2,0,3),(2060283,3,0,3),(2060283,4,0,3),(2060283,5,0,3),(2060283,6,0,3),(2060283,7,0,3),(2060283,8,0,3),(2060283,9,0,3),(2062118,1,0,3),(2062118,2,0,3),(2062118,3,0,3),(2062118,4,0,3),(2062118,5,0,3),(2062118,6,0,3),(2062118,7,0,3),(2062118,8,0,3),(2062118,9,0,3),(2062119,1,0,3),(2062119,2,0,3),(2062119,3,0,3),(2062119,4,0,3),(2062119,5,0,3),(2062119,6,0,3),(2062119,7,0,3),(2062119,8,0,3),(2062119,9,0,3),(2062124,1,0,3),(2062124,2,0,3),(2062124,3,0,3),(2062124,4,0,3),(2062124,5,0,3),(2062124,6,0,3),(2062124,7,0,3),(2062124,8,0,3),(2062124,9,0,3),(2062125,1,0,3),(2062125,2,0,3),(2062125,3,0,3),(2062125,4,0,3),(2062125,5,0,3),(2062125,6,0,3),(2062125,7,0,3),(2062125,8,0,3),(2062125,9,0,3),(2062126,1,0,3),(2062126,2,0,3),(2062126,3,0,3),(2062126,4,0,3),(2062126,5,0,3),(2062126,6,0,3),(2062126,7,0,3),(2062126,8,0,3),(2062126,9,0,3),(2062131,1,0,3),(2062131,2,0,3),(2062131,3,0,3),(2062131,4,0,3),(2062131,5,0,3),(2062131,6,0,3),(2062131,7,0,3),(2062131,8,0,3),(2062131,9,0,3),(2062132,1,0,3),(2062132,2,0,3),(2062132,3,0,3),(2062132,4,0,3),(2062132,5,0,3),(2062132,6,0,3),(2062132,7,0,3),(2062132,8,0,3),(2062132,9,0,3),(2062137,1,0,3),(2062137,2,0,3),(2062137,3,0,3),(2062137,4,0,3),(2062137,5,0,3),(2062137,6,0,3),(2062137,7,0,3),(2062137,8,0,3),(2062137,9,0,3),(2062139,1,0,3),(2062139,2,0,3),(2062139,3,0,3),(2062139,4,0,3),(2062139,5,0,3),(2062139,6,0,3),(2062139,7,0,3),(2062139,8,0,3),(2062139,9,0,3),(2062140,1,0,3),(2062140,2,0,3),(2062140,3,0,3),(2062140,4,0,3),(2062140,5,0,3),(2062140,6,0,3),(2062140,7,0,3),(2062140,8,0,3),(2062140,9,0,3),(2062146,1,0,3),(2062146,2,0,3),(2062146,3,0,3),(2062146,4,0,3),(2062146,5,0,3),(2062146,6,0,3),(2062146,7,0,3),(2062146,8,0,3),(2062146,9,0,3),(2062148,1,0,3),(2062148,2,0,3),(2062148,3,0,3),(2062148,4,0,3),(2062148,5,0,3),(2062148,6,0,3),(2062148,7,0,3),(2062148,8,0,3),(2062148,9,0,3),(2062154,1,0,3),(2062154,2,0,3),(2062154,3,0,3),(2062154,4,0,3),(2062154,5,0,3),(2062154,6,0,3),(2062154,7,0,3),(2062154,8,0,3),(2062154,9,0,3),(2062160,1,0,3),(2062160,2,0,3),(2062160,3,0,3),(2062160,4,0,3),(2062160,5,0,3),(2062160,6,0,3),(2062160,7,0,3),(2062160,8,0,3),(2062160,9,0,3),(2062164,1,0,3),(2062164,2,0,3),(2062164,3,0,3),(2062164,4,0,3),(2062164,5,0,3),(2062164,6,0,3),(2062164,7,0,3),(2062164,8,0,3),(2062164,9,0,3),(2062165,1,0,3),(2062165,2,0,3),(2062165,3,0,3),(2062165,4,0,3),(2062165,5,0,3),(2062165,6,0,3),(2062165,7,0,3),(2062165,8,0,3),(2062165,9,0,3),(2062170,1,0,3),(2062170,2,0,3),(2062170,3,0,3),(2062170,4,0,3),(2062170,5,0,3),(2062170,6,0,3),(2062170,7,0,3),(2062170,8,0,3),(2062170,9,0,3),(2062173,1,0,3),(2062173,2,0,3),(2062173,3,0,3),(2062173,4,0,3),(2062173,5,0,3),(2062173,6,0,3),(2062173,7,0,3),(2062173,8,0,3),(2062173,9,0,3),(2062176,1,0,3),(2062176,2,0,3),(2062176,3,0,3),(2062176,4,0,3),(2062176,5,0,3),(2062176,6,0,3),(2062176,7,0,3),(2062176,8,0,3),(2062176,9,0,3),(2062182,1,0,3),(2062182,2,0,3),(2062182,3,0,3),(2062182,4,0,3),(2062182,5,0,3),(2062182,6,0,3),(2062182,7,0,3),(2062182,8,0,3),(2062182,9,0,3),(2062183,1,0,3),(2062183,2,0,3),(2062183,3,0,3),(2062183,4,0,3),(2062183,5,0,3),(2062183,6,0,3),(2062183,7,0,3),(2062183,8,0,3),(2062183,9,0,3),(2062190,1,0,3),(2062190,2,0,3),(2062190,3,0,3),(2062190,4,0,3),(2062190,5,0,3),(2062190,6,0,3),(2062190,7,0,3),(2062190,8,0,3),(2062190,9,0,3),(2062191,1,0,3),(2062191,2,0,3),(2062191,3,0,3),(2062191,4,0,3),(2062191,5,0,3),(2062191,6,0,3),(2062191,7,0,3),(2062191,8,0,3),(2062191,9,0,3),(2062193,1,0,3),(2062193,2,0,3),(2062193,3,0,3),(2062193,4,0,3),(2062193,5,0,3),(2062193,6,0,3),(2062193,7,0,3),(2062193,8,0,3),(2062193,9,0,3),(2062286,1,0,3),(2062286,2,0,3),(2062286,3,0,3),(2062286,4,0,3),(2062286,5,0,3),(2062286,6,0,3),(2062286,7,0,3),(2062286,8,0,3),(2062286,9,0,3),(2062288,1,0,3),(2062288,2,0,3),(2062288,3,0,3),(2062288,4,0,3),(2062288,5,0,3),(2062288,6,0,3),(2062288,7,0,3),(2062288,8,0,3),(2062288,9,0,3),(2062355,1,0,3),(2062355,2,0,3),(2062355,3,0,3),(2062355,4,0,3),(2062355,5,0,3),(2062355,6,0,3),(2062355,7,0,3),(2062355,8,0,3),(2062355,9,0,3),(2062478,1,0,3),(2062478,2,0,3),(2062478,3,0,3),(2062478,4,0,3),(2062478,5,0,3),(2062478,6,0,3),(2062478,7,0,3),(2062478,8,0,3),(2062478,9,0,3),(2062479,1,0,3),(2062479,2,0,3),(2062479,3,0,3),(2062479,4,0,3),(2062479,5,0,3),(2062479,6,0,3),(2062479,7,0,3),(2062479,8,0,3),(2062479,9,0,3),(2062480,1,0,3),(2062480,2,0,3),(2062480,3,0,3),(2062480,4,0,3),(2062480,5,0,3),(2062480,6,0,3),(2062480,7,0,3),(2062480,8,0,3),(2062480,9,0,3),(2062481,1,0,3),(2062481,2,0,3),(2062481,3,0,3),(2062481,4,0,3),(2062481,5,0,3),(2062481,6,0,3),(2062481,7,0,3),(2062481,8,0,3),(2062481,9,0,3),(2062570,1,0,3),(2062570,2,0,3),(2062570,3,0,3),(2062570,4,0,3),(2062570,5,0,3),(2062570,6,0,3),(2062570,7,0,3),(2062570,8,0,3),(2062570,9,0,3),(2063039,1,0,3),(2063039,2,0,3),(2063039,3,0,3),(2063039,4,0,3),(2063039,5,0,3),(2063039,6,0,3),(2063039,7,0,3),(2063039,8,0,3),(2063039,9,0,3),(2063040,1,0,3),(2063040,2,0,3),(2063040,3,0,3),(2063040,4,0,3),(2063040,5,0,3),(2063040,6,0,3),(2063040,7,0,3),(2063040,8,0,3),(2063040,9,0,3),(2063120,1,0,3),(2063120,2,0,3),(2063120,3,0,3),(2063120,4,0,3),(2063120,5,0,3),(2063120,6,0,3),(2063120,7,0,3),(2063120,8,0,3),(2063120,9,0,3),(2063143,1,0,3),(2063143,2,0,3),(2063143,3,0,3),(2063143,4,0,3),(2063143,5,0,3),(2063143,6,0,3),(2063143,7,0,3),(2063143,8,0,3),(2063143,9,0,3),(2063168,1,0,3),(2063168,2,0,3),(2063168,3,0,3),(2063168,4,0,3),(2063168,5,0,3),(2063168,6,0,3),(2063168,7,0,3),(2063168,8,0,3),(2063168,9,0,3),(2063850,1,0,3),(2063850,2,0,3),(2063850,3,0,3),(2063850,4,0,3),(2063850,5,0,3),(2063850,6,0,3),(2063850,7,0,3),(2063850,8,0,3),(2063850,9,0,3),(2063937,1,0,3),(2063937,2,0,3),(2063937,3,0,3),(2063937,4,0,3),(2063937,5,0,3),(2063937,6,0,3),(2063937,7,0,3),(2063937,8,0,3),(2063937,9,0,3),(2064016,1,0,3),(2064016,2,0,3),(2064016,3,0,3),(2064016,4,0,3),(2064016,5,0,3),(2064016,6,0,3),(2064016,7,0,3),(2064016,8,0,3),(2064016,9,0,3),(2064017,1,0,3),(2064017,2,0,3),(2064017,3,0,3),(2064017,4,0,3),(2064017,5,0,3),(2064017,6,0,3),(2064017,7,0,3),(2064017,8,0,3),(2064017,9,0,3),(2064546,1,0,3),(2064546,2,0,3),(2064546,3,0,3),(2064546,4,0,3),(2064546,5,0,3),(2064546,6,0,3),(2064546,7,0,3),(2064546,8,0,3),(2064546,9,0,3),(2064706,1,0,3),(2064706,2,0,3),(2064706,3,0,3),(2064706,4,0,3),(2064706,5,0,3),(2064706,6,0,3),(2064706,7,0,3),(2064706,8,0,3),(2064706,9,0,3),(2064881,1,0,3),(2064881,2,0,3),(2064881,3,0,3),(2064881,4,0,3),(2064881,5,0,3),(2064881,6,0,3),(2064881,7,0,3),(2064881,8,0,3),(2064881,9,0,3),(2073393,1,0,3),(2073393,2,0,3),(2073393,3,0,3),(2073393,4,0,3),(2073393,5,0,3),(2073393,6,0,3),(2073393,7,0,3),(2073393,8,0,3),(2073393,9,0,3),(2073969,1,0,3),(2073969,2,0,3),(2073969,3,0,3),(2073969,4,0,3),(2073969,5,0,3),(2073969,6,0,3),(2073969,7,0,3),(2073969,8,0,3),(2073969,9,0,3),(2074425,1,0,3),(2074425,2,0,3),(2074425,3,0,3),(2074425,4,0,3),(2074425,5,0,3),(2074425,6,0,3),(2074425,7,0,3),(2074425,8,0,3),(2074425,9,0,3),(2074737,1,0,3),(2074737,2,0,3),(2074737,3,0,3),(2074737,4,0,3),(2074737,5,0,3),(2074737,6,0,3),(2074737,7,0,3),(2074737,8,0,3),(2074737,9,0,3),(2075828,1,0,3),(2075828,2,0,3),(2075828,3,0,3),(2075828,4,0,3),(2075828,5,0,3),(2075828,6,0,3),(2075828,7,0,3),(2075828,8,0,3),(2075828,9,0,3),(2076126,1,0,3),(2076126,2,0,3),(2076126,3,0,3),(2076126,4,0,3),(2076126,5,0,3),(2076126,6,0,3),(2076126,7,0,3),(2076126,8,0,3),(2076126,9,0,3),(2076904,1,0,3),(2076904,2,0,3),(2076904,3,0,3),(2076904,4,0,3),(2076904,5,0,3),(2076904,6,0,3),(2076904,7,0,3),(2076904,8,0,3),(2076904,9,0,3),(2082385,1,0,3),(2082385,2,0,3),(2082385,3,0,3),(2082385,4,0,3),(2082385,5,0,3),(2082385,6,0,3),(2082385,7,0,3),(2082385,8,0,3),(2082385,9,0,3),(2087604,1,0,3),(2087604,2,0,3),(2087604,3,0,3),(2087604,4,0,3),(2087604,5,0,3),(2087604,6,0,3),(2087604,7,0,3),(2087604,8,0,3),(2087604,9,0,3),(2090503,1,0,3),(2090503,2,0,3),(2090503,3,0,3),(2090503,4,0,3),(2090503,5,0,3),(2090503,6,0,3),(2090503,7,0,3),(2090503,8,0,3),(2090503,9,0,3);
/*!40000 ALTER TABLE `nfl_players_weekly_scores` ENABLE KEYS */;
UNLOCK TABLES;

--
-- Table structure for table `nfl_teams`
--

DROP TABLE IF EXISTS `nfl_teams`;
/*!40101 SET @saved_cs_client     = @@character_set_client */;
/*!40101 SET character_set_client = utf8 */;
CREATE TABLE `nfl_teams` (
  `id` int(11) NOT NULL AUTO_INCREMENT,
  `abvr` varchar(15) NOT NULL DEFAULT '',
  `name` varchar(100) NOT NULL,
  `nick_name` varchar(100) CHARACTER SET utf8 NOT NULL DEFAULT '',
  PRIMARY KEY (`id`),
  UNIQUE KEY `abvr` (`abvr`),
  UNIQUE KEY `nick_name` (`nick_name`),
  UNIQUE KEY `id` (`id`)
) ENGINE=InnoDB AUTO_INCREMENT=230 DEFAULT CHARSET=latin1;
/*!40101 SET character_set_client = @saved_cs_client */;

--
-- Dumping data for table `nfl_teams`
--

LOCK TABLES `nfl_teams` WRITE;
/*!40000 ALTER TABLE `nfl_teams` DISABLE KEYS */;
INSERT INTO `nfl_teams` VALUES (197,'ARI','Arizona','Cardinals'),(198,'ATL','Atlanta','Falcons'),(199,'BAL','Baltimore','Ravens'),(200,'BUF','Buffalo','Bills'),(201,'CAR','Carolina','Panthers'),(202,'CHI','Chicago','Bears'),(203,'CIN','Cincinnati','Bengals'),(204,'CLE','Cleveland','Browns'),(205,'DAL','Dallas','Cowboys'),(206,'DEN','Denver','Broncos'),(207,'DET','Detroit','Lions'),(208,'GB','Green Bay','Packers'),(209,'HOU','Houston','Texans'),(210,'IND','Indianapolis','Colts'),(211,'JAC','Jacksonville','Jaguars'),(212,'KC','Kansas City','Chiefs'),(213,'MIA','Miami','Dolphins'),(214,'MIN','Minnesota','Vikings'),(215,'NE','New England','Patriots'),(216,'NO','New Orleans','Saints'),(217,'NYG','New York','Giants'),(218,'NYJ','New York','Jets'),(219,'OAK','Oakland','Raiders'),(220,'PHI','Philadelphia','Eagles'),(221,'PIT','Pittsburgh','Steelers'),(222,'SD','San Diego','Chargers'),(223,'SF','San Francisco','49ers'),(224,'SEA','Seattle','Seahawks'),(225,'STL','St. Louis','Rams'),(226,'TB','Tampa Bay','Buccaneers'),(227,'TEN','Tennessee','Titans'),(228,'WAS','Washington','Redskins'),(229,'FA','Free Agent','Free Agent');
/*!40000 ALTER TABLE `nfl_teams` ENABLE KEYS */;
UNLOCK TABLES;

--
-- Temporary table structure for view `v_ff_team_roster`
--

DROP TABLE IF EXISTS `v_ff_team_roster`;
/*!50001 DROP VIEW IF EXISTS `v_ff_team_roster`*/;
SET @saved_cs_client     = @@character_set_client;
SET character_set_client = utf8;
/*!50001 CREATE TABLE `v_ff_team_roster` (
  `Owner Name` tinyint NOT NULL,
  `Team Name` tinyint NOT NULL,
  `Player Name` tinyint NOT NULL,
  `Pos` tinyint NOT NULL,
  `NFL Team` tinyint NOT NULL,
  `Last Updated` tinyint NOT NULL
) ENGINE=MyISAM */;
SET character_set_client = @saved_cs_client;

--
-- Temporary table structure for view `v_nfl_players`
--

DROP TABLE IF EXISTS `v_nfl_players`;
/*!50001 DROP VIEW IF EXISTS `v_nfl_players`*/;
SET @saved_cs_client     = @@character_set_client;
SET character_set_client = utf8;
/*!50001 CREATE TABLE `v_nfl_players` (
  `id` tinyint NOT NULL,
  `full_name` tinyint NOT NULL,
  `first_name` tinyint NOT NULL,
  `last_name` tinyint NOT NULL,
  `bye_week` tinyint NOT NULL,
  `pos` tinyint NOT NULL,
  `nfl_team` tinyint NOT NULL
) ENGINE=MyISAM */;
SET character_set_client = @saved_cs_client;

--
-- Temporary table structure for view `v_nfl_players_weekly_scores`
--

DROP TABLE IF EXISTS `v_nfl_players_weekly_scores`;
/*!50001 DROP VIEW IF EXISTS `v_nfl_players_weekly_scores`*/;
SET @saved_cs_client     = @@character_set_client;
SET character_set_client = utf8;
/*!50001 CREATE TABLE `v_nfl_players_weekly_scores` (
  `Player Name` tinyint NOT NULL,
  `Week Number` tinyint NOT NULL,
  `score` tinyint NOT NULL
) ENGINE=MyISAM */;
SET character_set_client = @saved_cs_client;

--
-- Final view structure for view `v_ff_team_roster`
--

/*!50001 DROP TABLE IF EXISTS `v_ff_team_roster`*/;
/*!50001 DROP VIEW IF EXISTS `v_ff_team_roster`*/;
/*!50001 SET @saved_cs_client          = @@character_set_client */;
/*!50001 SET @saved_cs_results         = @@character_set_results */;
/*!50001 SET @saved_col_connection     = @@collation_connection */;
/*!50001 SET character_set_client      = utf8 */;
/*!50001 SET character_set_results     = utf8 */;
/*!50001 SET collation_connection      = utf8_general_ci */;
/*!50001 CREATE ALGORITHM=UNDEFINED */
/*!50013 DEFINER=`mlarsen`@`localhost` SQL SECURITY INVOKER */
/*!50001 VIEW `v_ff_team_roster` AS select `ff_owners`.`name` AS `Owner Name`,`ff_teams`.`name` AS `Team Name`,`nfl_players`.`full_name` AS `Player Name`,`ff_positions`.`abvr` AS `Pos`,`nfl_teams`.`nick_name` AS `NFL Team`,max(`ff_teams_nfl_players`.`modified`) AS `Last Updated` from ((((((`nfl_players` join `ff_positions` on((`nfl_players`.`ff_positions_id` = `ff_positions`.`id`))) join `nfl_players_nfl_teams` on((`nfl_players`.`id` = `nfl_players_nfl_teams`.`nfl_player_id`))) join `nfl_teams` on((`nfl_players_nfl_teams`.`nfl_team_id` = `nfl_teams`.`id`))) join `ff_teams_nfl_players` on((`nfl_players`.`id` = `ff_teams_nfl_players`.`nfl_player_id`))) join `ff_teams` on((`ff_teams_nfl_players`.`ff_team_id` = `ff_teams`.`id`))) join `ff_owners` on((`ff_teams`.`ff_owner_id` = `ff_owners`.`id`))) group by `ff_owners`.`name`,`ff_teams`.`name`,`ff_positions`.`abvr`,`nfl_players`.`full_name`,`nfl_teams`.`nick_name` */;
/*!50001 SET character_set_client      = @saved_cs_client */;
/*!50001 SET character_set_results     = @saved_cs_results */;
/*!50001 SET collation_connection      = @saved_col_connection */;

--
-- Final view structure for view `v_nfl_players`
--

/*!50001 DROP TABLE IF EXISTS `v_nfl_players`*/;
/*!50001 DROP VIEW IF EXISTS `v_nfl_players`*/;
/*!50001 SET @saved_cs_client          = @@character_set_client */;
/*!50001 SET @saved_cs_results         = @@character_set_results */;
/*!50001 SET @saved_col_connection     = @@collation_connection */;
/*!50001 SET character_set_client      = utf8 */;
/*!50001 SET character_set_results     = utf8 */;
/*!50001 SET collation_connection      = utf8_general_ci */;
/*!50001 CREATE ALGORITHM=UNDEFINED */
/*!50013 DEFINER=`mlarsen`@`localhost` SQL SECURITY INVOKER */
/*!50001 VIEW `v_nfl_players` AS select `nfl_players`.`id` AS `id`,`nfl_players`.`full_name` AS `full_name`,`nfl_players`.`first_name` AS `first_name`,`nfl_players`.`last_name` AS `last_name`,`nfl_players`.`bye_week` AS `bye_week`,`ff_positions`.`abvr` AS `pos`,`nfl_teams`.`abvr` AS `nfl_team` from (((`nfl_players` join `ff_positions` on((`nfl_players`.`ff_positions_id` = `ff_positions`.`id`))) join `nfl_players_nfl_teams` on((`nfl_players`.`id` = `nfl_players_nfl_teams`.`nfl_player_id`))) join `nfl_teams` on((`nfl_players_nfl_teams`.`nfl_team_id` = `nfl_teams`.`id`))) */;
/*!50001 SET character_set_client      = @saved_cs_client */;
/*!50001 SET character_set_results     = @saved_cs_results */;
/*!50001 SET collation_connection      = @saved_col_connection */;

--
-- Final view structure for view `v_nfl_players_weekly_scores`
--

/*!50001 DROP TABLE IF EXISTS `v_nfl_players_weekly_scores`*/;
/*!50001 DROP VIEW IF EXISTS `v_nfl_players_weekly_scores`*/;
/*!50001 SET @saved_cs_client          = @@character_set_client */;
/*!50001 SET @saved_cs_results         = @@character_set_results */;
/*!50001 SET @saved_col_connection     = @@collation_connection */;
/*!50001 SET character_set_client      = utf8 */;
/*!50001 SET character_set_results     = utf8 */;
/*!50001 SET collation_connection      = utf8_general_ci */;
/*!50001 CREATE ALGORITHM=UNDEFINED */
/*!50013 DEFINER=`matthew`@`localhost` SQL SECURITY INVOKER */
/*!50001 VIEW `v_nfl_players_weekly_scores` AS select `nfl_players`.`full_name` AS `Player Name`,`ff_weeks`.`number` AS `Week Number`,`nfl_players_weekly_scores`.`score` AS `score` from ((`nfl_players` join `nfl_players_weekly_scores` on((`nfl_players`.`id` = `nfl_players_weekly_scores`.`nfl_player_id`))) join `ff_weeks` on((`nfl_players_weekly_scores`.`ff_week_id` = `ff_weeks`.`id`))) order by `nfl_players`.`full_name`,`ff_weeks`.`number` */;
/*!50001 SET character_set_client      = @saved_cs_client */;
/*!50001 SET character_set_results     = @saved_cs_results */;
/*!50001 SET collation_connection      = @saved_col_connection */;
/*!40103 SET TIME_ZONE=@OLD_TIME_ZONE */;

/*!40101 SET SQL_MODE=@OLD_SQL_MODE */;
/*!40014 SET FOREIGN_KEY_CHECKS=@OLD_FOREIGN_KEY_CHECKS */;
/*!40014 SET UNIQUE_CHECKS=@OLD_UNIQUE_CHECKS */;
/*!40101 SET CHARACTER_SET_CLIENT=@OLD_CHARACTER_SET_CLIENT */;
/*!40101 SET CHARACTER_SET_RESULTS=@OLD_CHARACTER_SET_RESULTS */;
/*!40101 SET COLLATION_CONNECTION=@OLD_COLLATION_CONNECTION */;
/*!40111 SET SQL_NOTES=@OLD_SQL_NOTES */;

-- Dump completed on 2013-11-04 21:03:38
